Kill #,Timestamp,Bot,Weapon,TTK,Shots,Hits,Accuracy,Damage Done,Damage Possible,Efficiency,Cheated
1,13:41:35.009,target,pistol,0s,1,1,1,25,50,0.5,false
2,13:41:36.196,target,pistol,0s,1,1,1,25,50,0.5,false
3,13:41:36.822,target,pistol,0s,1,1,1,25,50,0.5,false
4,13:41:37.633,target,pistol,0s,1,1,1,25,50,0.5,false
5,13:41:38.326,target,pistol,0s,1,1,1,25,50,0.5,false
6,13:41:38.865,target,pistol,0.001s,1,1,1,25,50,0.5,false
7,13:41:39.712,target,pistol,0s,1,1,1,25,50,0.5,false
8,13:41:40.247,target,pistol,0s,1,1,1,25,50,0.5,false
9,13:41:41.063,target,pistol,0s,1,1,1,25,50,0.5,false
10,13:41:41.886,target,pistol,0s,1,1,1,25,50,0.5,false
11,13:41:42.617,target,pistol,0s,1,1,1,25,50,0.5,false
12,13:41:43.183,target,pistol,0s,1,1,1,25,50,0.5,false
13,13:41:43.917,target,pistol,0s,1,1,1,25,50,0.5,false
14,13:41:44.506,target,pistol,0s,1,1,1,25,50,0.5,false
15,13:41:45.233,target,pistol,0.001s,1,1,1,25,50,0.5,false
16,13:41:46.066,target,pistol,0s,1,1,1,25,50,0.5,false
17,13:41:46.580,target,pistol,0s,1,1,1,25,50,0.5,false
18,13:41:47.318,target,pistol,0s,1,1,1,25,50,0.5,false
19,13:41:47.933,target,pistol,0s,1,1,1,25,50,0.5,false
20,13:41:48.775,target,pistol,0s,1,1,1,25,50,0.5,false
21,13:41:49.319,target,pistol,0s,1,1,1,25,50,0.5,false
22,13:41:50.288,target,pistol,0s,1,1,1,25,50,0.5,false
23,13:41:50.986,target,pistol,0.001s,1,1,1,25,50,0.5,false
24,13:41:51.629,target,pistol,0s,1,1,1,25,50,0.5,false
25,13:41:52.338,target,pistol,0.001s,1,1,1,25,50,0.5,false
26,13:41:53.507,target,pistol,0.611s,2,1,0.5,25,100,0.25,false
27,13:41:54.133,target,pistol,0.001s,1,1,1,25,50,0.5,false
28,13:41:54.799,target,pistol,0s,1,1,1,25,50,0.5,false
29,13:41:55.544,target,pistol,0s,1,1,1,25,50,0.5,false
30,13:41:56.476,target,pistol,0s,1,1,1,25,50,0.5,false
31,13:41:57.024,target,pistol,0s,1,1,1,25,50,0.5,false
32,13:41:57.732,target,pistol,0s,1,1,1,25,50,0.5,false
33,13:41:58.462,target,pistol,0s,1,1,1,25,50,0.5,false
34,13:41:59.079,target,pistol,0s,1,1,1,25,50,0.5,false
35,13:41:59.618,target,pistol,0s,1,1,1,25,50,0.5,false
36,13:42:00.450,target,pistol,0.217s,2,1,0.5,25,100,0.25,false
37,13:42:01.203,target,pistol,0s,1,1,1,25,50,0.5,false
38,13:42:02.003,target,pistol,0.001s,1,1,1,25,50,0.5,false
39,13:42:02.621,target,pistol,0s,1,1,1,25,50,0.5,false
40,13:42:04.968,target,pistol,1.267s,3,1,0.333,25,150,0.167,false
41,13:42:05.569,target,pistol,0s,1,1,1,25,50,0.5,false
42,13:42:06.271,target,pistol,0s,1,1,1,25,50,0.5,false
43,13:42:07.079,target,pistol,0s,1,1,1,25,50,0.5,false
44,13:42:07.776,target,pistol,0.001s,1,1,1,25,50,0.5,false
45,13:42:08.770,target,pistol,0s,1,1,1,25,50,0.5,false
46,13:42:09.438,target,pistol,0s,1,1,1,25,50,0.5,false
47,13:42:10.295,target,pistol,0.001s,1,1,1,25,50,0.5,false
48,13:42:11.110,target,pistol,0s,1,1,1,25,50,0.5,false
49,13:42:11.784,target,pistol,0s,1,1,1,25,50,0.5,false
50,13:42:12.275,target,pistol,0s,1,1,1,25,50,0.5,false
51,13:42:12.781,target,pistol,0s,1,1,1,25,50,0.5,false
52,13:42:13.406,target,pistol,0s,1,1,1,25,50,0.5,false
53,13:42:14.179,target,pistol,0.001s,1,1,1,25,50,0.5,false
54,13:42:14.873,target,pistol,0s,1,1,1,25,50,0.5,false
55,13:42:16.148,target,pistol,0.3s,2,1,0.5,25,100,0.25,false
56,13:42:17.051,target,pistol,0.345s,2,1,0.5,25,100,0.25,false
57,13:42:17.697,target,pistol,0s,1,1,1,25,50,0.5,false
58,13:42:18.345,target,pistol,0s,1,1,1,25,50,0.5,false
59,13:42:19.128,target,pistol,0s,1,1,1,25,50,0.5,false
60,13:42:19.948,target,pistol,0.001s,1,1,1,25,50,0.5,false
61,13:42:20.761,target,pistol,0s,1,1,1,25,50,0.5,false
62,13:42:21.602,target,pistol,0.001s,1,1,1,25,50,0.5,false
63,13:42:22.415,target,pistol,0.001s,1,1,1,25,50,0.5,false
64,13:42:22.952,target,pistol,0s,1,1,1,25,50,0.5,false
65,13:42:23.524,target,pistol,0s,1,1,1,25,50,0.5,false
66,13:42:24.238,target,pistol,0s,1,1,1,25,50,0.5,false
67,13:42:24.930,target,pistol,0s,1,1,1,25,50,0.5,false
68,13:42:25.570,target,pistol,0s,1,1,1,25,50,0.5,false
69,13:42:26.392,target,pistol,0s,1,1,1,25,50,0.5,false
70,13:42:27.276,target,pistol,0.284s,2,1,0.5,25,100,0.25,false
71,13:42:27.969,target,pistol,0s,1,1,1,25,50,0.5,false
72,13:42:28.633,target,pistol,0s,1,1,1,25,50,0.5,false
73,13:42:29.316,target,pistol,0.001s,1,1,1,25,50,0.5,false
74,13:42:30.135,target,pistol,0.001s,1,1,1,25,50,0.5,false
75,13:42:31.147,target,pistol,0s,1,1,1,25,50,0.5,false
76,13:42:31.856,target,pistol,0s,1,1,1,25,50,0.5,false
77,13:42:32.788,target,pistol,0s,1,1,1,25,50,0.5,false
78,13:42:33.706,target,pistol,0s,1,1,1,25,50,0.5,false
79,13:42:34.206,target,pistol,0s,1,1,1,25,50,0.5,false
80,13:42:34.679,target,pistol,0.001s,1,1,1,25,50,0.5,false
81,13:42:35.355,target,pistol,0s,1,1,1,25,50,0.5,false
82,13:42:35.969,target,pistol,0s,1,1,1,25,50,0.5,false
83,13:42:36.632,target,pistol,0s,1,1,1,25,50,0.5,false
84,13:42:37.492,target,pistol,0s,1,1,1,25,50,0.5,false
85,13:42:38.114,target,pistol,0s,1,1,1,25,50,0.5,false
86,13:42:38.768,target,pistol,0s,1,1,1,25,50,0.5,false
87,13:42:39.491,target,pistol,0s,1,1,1,25,50,0.5,false
88,13:42:40.029,target,pistol,0s,1,1,1,25,50,0.5,false
89,13:42:40.771,target,pistol,0s,1,1,1,25,50,0.5,false
90,13:42:41.395,target,pistol,0s,1,1,1,25,50,0.5,false
91,13:42:42.167,target,pistol,0.001s,1,1,1,25,50,0.5,false
92,13:42:42.994,target,pistol,0.236s,2,1,0.5,25,100,0.25,false
93,13:42:43.679,target,pistol,0s,1,1,1,25,50,0.5,false
94,13:42:44.302,target,pistol,0.001s,1,1,1,25,50,0.5,false
95,13:42:44.857,target,pistol,0s,1,1,1,25,50,0.5,false
96,13:42:45.396,target,pistol,0s,1,1,1,25,50,0.5,false
97,13:42:46.166,target,pistol,0s,1,1,1,25,50,0.5,false
98,13:42:46.861,target,pistol,0s,1,1,1,25,50,0.5,false
99,13:42:47.703,target,pistol,0.001s,1,1,1,25,50,0.5,false
100,13:42:48.230,target,pistol,0s,1,1,1,25,50,0.5,false
101,13:42:49.189,target,pistol,0s,1,1,1,25,50,0.5,false
102,13:42:49.890,target,pistol,0.001s,1,1,1,25,50,0.5,false
103,13:42:50.735,target,pistol,0s,1,1,1,25,50,0.5,false
104,13:42:51.417,target,pistol,0.001s,1,1,1,25,50,0.5,false
105,13:42:52.140,target,pistol,0s,1,1,1,25,50,0.5,false
106,13:42:53.005,target,pistol,0s,1,1,1,25,50,0.5,false
107,13:42:53.572,target,pistol,0s,1,1,1,25,50,0.5,false
108,13:42:54.988,target,pistol,0.773s,2,1,0.5,25,100,0.25,false
109,13:42:55.563,target,pistol,0s,1,1,1,25,50,0.5,false
110,13:42:55.988,target,pistol,0s,1,1,1,25,50,0.5,false
111,13:42:56.822,target,pistol,0.001s,1,1,1,25,50,0.5,false
112,13:42:57.714,target,pistol,0s,1,1,1,25,50,0.5,false
113,13:42:58.596,target,pistol,0.213s,2,1,0.5,25,100,0.25,false
114,13:42:59.147,target,pistol,0.001s,1,1,1,25,50,0.5,false
115,13:42:59.704,target,pistol,0s,1,1,1,25,50,0.5,false
116,13:43:00.403,target,pistol,0s,1,1,1,25,50,0.5,false
117,13:43:01.058,target,pistol,0s,1,1,1,25,50,0.5,false
118,13:43:01.608,target,pistol,0s,1,1,1,25,50,0.5,false
119,13:43:02.619,target,pistol,0s,1,1,1,25,50,0.5,false
120,13:43:03.401,target,pistol,0s,1,1,1,25,50,0.5,false
121,13:43:04.644,target,pistol,0.239s,2,1,0.5,25,100,0.25,false
122,13:43:05.173,target,pistol,0s,1,1,1,25,50,0.5,false
123,13:43:05.798,target,pistol,0s,1,1,1,25,50,0.5,false
124,13:43:06.521,target,pistol,0.001s,1,1,1,25,50,0.5,false
125,13:43:07.127,target,pistol,0s,1,1,1,25,50,0.5,false
126,13:43:07.832,target,pistol,0s,1,1,1,25,50,0.5,false
127,13:43:08.462,target,pistol,0s,1,1,1,25,50,0.5,false
128,13:43:09.256,target,pistol,0.416s,2,1,0.5,25,100,0.25,false
129,13:43:10.021,target,pistol,0s,1,1,1,25,50,0.5,false
130,13:43:10.704,target,pistol,0s,1,1,1,25,50,0.5,false
131,13:43:11.310,target,pistol,0s,1,1,1,25,50,0.5,false
132,13:43:12.002,target,pistol,0s,1,1,1,25,50,0.5,false
133,13:43:12.621,target,pistol,0s,1,1,1,25,50,0.5,false
134,13:43:13.184,target,pistol,0s,1,1,1,25,50,0.5,false
135,13:43:13.677,target,pistol,0s,1,1,1,25,50,0.5,false
136,13:43:15.294,target,pistol,0.809s,2,1,0.5,25,100,0.25,false
137,13:43:15.939,target,pistol,0.001s,1,1,1,25,50,0.5,false
138,13:43:16.528,target,pistol,0s,1,1,1,25,50,0.5,false
139,13:43:17.154,target,pistol,0s,1,1,1,25,50,0.5,false
140,13:43:17.670,target,pistol,0s,1,1,1,25,50,0.5,false
141,13:43:18.530,target,pistol,0s,1,1,1,25,50,0.5,false
142,13:43:19.323,target,pistol,0s,1,1,1,25,50,0.5,false
143,13:43:19.960,target,pistol,0s,1,1,1,25,50,0.5,false
144,13:43:20.541,target,pistol,0s,1,1,1,25,50,0.5,false
145,13:43:21.237,target,pistol,0.001s,1,1,1,25,50,0.5,false
146,13:43:21.740,target,pistol,0s,1,1,1,25,50,0.5,false
147,13:43:22.141,target,pistol,0s,1,1,1,25,50,0.5,false
148,13:43:23.939,target,pistol,0.878s,2,1,0.5,25,100,0.25,false
149,13:43:24.855,target,pistol,0s,1,1,1,25,50,0.5,false
150,13:43:25.596,target,pistol,0.001s,1,1,1,25,50,0.5,false
151,13:43:26.635,target,pistol,0.358s,2,1,0.5,25,100,0.25,false
152,13:43:27.416,target,pistol,0s,1,1,1,25,50,0.5,false
153,13:43:27.846,target,pistol,0s,1,1,1,25,50,0.5,false
154,13:43:28.639,target,pistol,0.25s,2,1,0.5,25,100,0.25,false
155,13:43:29.216,target,pistol,0s,1,1,1,25,50,0.5,false
156,13:43:30.042,target,pistol,0s,1,1,1,25,50,0.5,false
157,13:43:30.827,target,pistol,0.001s,1,1,1,25,50,0.5,false
158,13:43:31.452,target,pistol,0s,1,1,1,25,50,0.5,false
159,13:43:32.185,target,pistol,0s,1,1,1,25,50,0.5,false
160,13:43:32.653,target,pistol,0s,1,1,1,25,50,0.5,false
161,13:43:33.379,target,pistol,0s,1,1,1,25,50,0.5,false
162,13:43:34.194,target,pistol,0s,1,1,1,25,50,0.5,false
163,13:43:35.001,target,pistol,0s,1,1,1,25,50,0.5,false
164,13:43:35.690,target,pistol,0s,1,1,1,25,50,0.5,false
165,13:43:36.350,target,pistol,0s,1,1,1,25,50,0.5,false
166,13:43:37.108,target,pistol,0s,1,1,1,25,50,0.5,false
167,13:43:37.881,target,pistol,0.213s,2,1,0.5,25,100,0.25,false
168,13:43:38.689,target,pistol,0s,1,1,1,25,50,0.5,false
169,13:43:39.323,target,pistol,0s,1,1,1,25,50,0.5,false
170,13:43:40.285,target,pistol,0.228s,2,1,0.5,25,100,0.25,false
171,13:43:40.871,target,pistol,0s,1,1,1,25,50,0.5,false
172,13:43:41.386,target,pistol,0s,1,1,1,25,50,0.5,false
173,13:43:42.406,target,pistol,0.409s,2,1,0.5,25,100,0.25,false
174,13:43:43.237,target,pistol,0.215s,2,1,0.5,25,100,0.25,false
175,13:43:44.122,target,pistol,0s,1,1,1,25,50,0.5,false
176,13:43:44.758,target,pistol,0s,1,1,1,25,50,0.5,false
177,13:43:45.613,target,pistol,0s,1,1,1,25,50,0.5,false
178,13:43:46.398,target,pistol,0s,1,1,1,25,50,0.5,false
179,13:43:47.300,target,pistol,0.167s,2,1,0.5,25,100,0.25,false
180,13:43:48.125,target,pistol,0.274s,2,1,0.5,25,100,0.25,false
181,13:43:48.722,target,pistol,0s,1,1,1,25,50,0.5,false
182,13:43:49.453,target,pistol,0s,1,1,1,25,50,0.5,false
183,13:43:50.124,target,pistol,0s,1,1,1,25,50,0.5,false
184,13:43:50.826,target,pistol,0s,1,1,1,25,50,0.5,false
185,13:43:51.483,target,pistol,0s,1,1,1,25,50,0.5,false
186,13:43:52.192,target,pistol,0s,1,1,1,25,50,0.5,false
187,13:43:53.205,target,pistol,0s,1,1,1,25,50,0.5,false
188,13:43:53.792,target,pistol,0s,1,1,1,25,50,0.5,false
189,13:43:54.716,target,pistol,0s,1,1,1,25,50,0.5,false
190,13:43:55.679,target,pistol,0.561s,3,1,0.333,25,150,0.167,false
191,13:43:56.376,target,pistol,0s,1,1,1,25,50,0.5,false
192,13:43:57.408,target,pistol,0s,1,1,1,25,50,0.5,false
193,13:43:57.964,target,pistol,0s,1,1,1,25,50,0.5,false
194,13:43:58.516,target,pistol,0s,1,1,1,25,50,0.5,false
195,13:43:59.442,target,pistol,0s,1,1,1,25,50,0.5,false
196,13:44:00.719,target,pistol,0.571s,2,1,0.5,25,100,0.25,false
197,13:44:01.656,target,pistol,0s,1,1,1,25,50,0.5,false
198,13:44:02.223,target,pistol,0s,1,1,1,25,50,0.5,false
199,13:44:02.806,target,pistol,0s,1,1,1,25,50,0.5,false
200,13:44:03.752,target,pistol,0s,1,1,1,25,50,0.5,false
201,13:44:04.554,target,pistol,0s,1,1,1,25,50,0.5,false
202,13:44:05.480,target,pistol,0s,1,1,1,25,50,0.5,false
203,13:44:06.109,target,pistol,0s,1,1,1,25,50,0.5,false
204,13:44:06.967,target,pistol,0s,1,1,1,25,50,0.5,false
205,13:44:07.502,target,pistol,0s,1,1,1,25,50,0.5,false
206,13:44:08.147,target,pistol,0s,1,1,1,25,50,0.5,false
207,13:44:08.862,target,pistol,0s,1,1,1,25,50,0.5,false
208,13:44:09.580,target,pistol,0s,1,1,1,25,50,0.5,false
209,13:44:10.393,target,pistol,0s,1,1,1,25,50,0.5,false
210,13:44:11.180,target,pistol,0s,1,1,1,25,50,0.5,false
211,13:44:11.777,target,pistol,0s,1,1,1,25,50,0.5,false
212,13:44:12.396,target,pistol,0s,1,1,1,25,50,0.5,false
213,13:44:13.333,target,pistol,0s,1,1,1,25,50,0.5,false
214,13:44:14.134,target,pistol,0s,1,1,1,25,50,0.5,false
215,13:44:15.010,target,pistol,0s,1,1,1,25,50,0.5,false
216,13:44:15.664,target,pistol,0s,1,1,1,25,50,0.5,false
217,13:44:16.518,target,pistol,0s,1,1,1,25,50,0.5,false
218,13:44:17.338,target,pistol,0s,1,1,1,25,50,0.5,false
219,13:44:17.899,target,pistol,0s,1,1,1,25,50,0.5,false
220,13:44:18.447,target,pistol,0s,1,1,1,25,50,0.5,false
221,13:44:19.156,target,pistol,0s,1,1,1,25,50,0.5,false
222,13:44:19.678,target,pistol,0.001s,1,1,1,25,50,0.5,false
223,13:44:20.694,target,pistol,0s,1,1,1,25,50,0.5,false
224,13:44:21.467,target,pistol,0s,1,1,1,25,50,0.5,false
225,13:44:22.506,target,pistol,0s,1,1,1,25,50,0.5,false
226,13:44:23.328,target,pistol,0s,1,1,1,25,50,0.5,false
227,13:44:24.252,target,pistol,0s,1,1,1,25,50,0.5,false
228,13:44:24.920,target,pistol,0s,1,1,1,25,50,0.5,false
229,13:44:25.612,target,pistol,0s,1,1,1,25,50,0.5,false
230,13:44:26.273,target,pistol,0s,1,1,1,25,50,0.5,false
231,13:44:26.948,target,pistol,0s,1,1,1,25,50,0.5,false
232,13:44:27.556,target,pistol,0s,1,1,1,25,50,0.5,false
233,13:44:28.223,target,pistol,0s,1,1,1,25,50,0.5,false
234,13:44:28.954,target,pistol,0s,1,1,1,25,50,0.5,false
235,13:44:29.765,target,pistol,0s,1,1,1,25,50,0.5,false
236,13:44:30.848,target,pistol,0.254s,2,1,0.5,25,100,0.25,false
237,13:44:31.573,target,pistol,0s,1,1,1,25,50,0.5,false
238,13:44:32.178,target,pistol,0s,1,1,1,25,50,0.5,false
239,13:44:32.808,target,pistol,0s,1,1,1,25,50,0.5,false
240,13:44:33.593,target,pistol,0s,1,1,1,25,50,0.5,false
241,13:44:34.320,target,pistol,0s,1,1,1,25,50,0.5,false
242,13:44:34.868,target,pistol,0s,1,1,1,25,50,0.5,false
243,13:44:35.750,target,pistol,0s,1,1,1,25,50,0.5,false
244,13:44:36.341,target,pistol,0s,1,1,1,25,50,0.5,false
245,13:44:36.911,target,pistol,0s,1,1,1,25,50,0.5,false
246,13:44:37.536,target,pistol,0s,1,1,1,25,50,0.5,false
247,13:44:38.254,target,pistol,0s,1,1,1,25,50,0.5,false
248,13:44:38.764,target,pistol,0s,1,1,1,25,50,0.5,false
249,13:44:40.309,target,pistol,0.763s,4,1,0.25,25,200,0.125,false
250,13:44:41.000,target,pistol,0s,1,1,1,25,50,0.5,false
251,13:44:41.709,target,pistol,0s,1,1,1,25,50,0.5,false
252,13:44:42.352,target,pistol,0s,1,1,1,25,50,0.5,false
253,13:44:43.151,target,pistol,0.251s,2,1,0.5,25,100,0.25,false
254,13:44:43.800,target,pistol,0s,1,1,1,25,50,0.5,false
255,13:44:44.650,target,pistol,0s,1,1,1,25,50,0.5,false
256,13:44:45.421,target,pistol,0s,1,1,1,25,50,0.5,false
257,13:44:45.919,target,pistol,0s,1,1,1,25,50,0.5,false
258,13:44:46.874,target,pistol,0s,1,1,1,25,50,0.5,false
259,13:44:47.555,target,pistol,0s,1,1,1,25,50,0.5,false
260,13:44:48.348,target,pistol,0.001s,1,1,1,25,50,0.5,false
261,13:44:49.005,target,pistol,0s,1,1,1,25,50,0.5,false
262,13:44:49.501,target,pistol,0s,1,1,1,25,50,0.5,false
263,13:44:50.063,target,pistol,0s,1,1,1,25,50,0.5,false
264,13:44:50.956,target,pistol,0.175s,2,1,0.5,25,100,0.25,false
265,13:44:51.649,target,pistol,0s,1,1,1,25,50,0.5,false
266,13:44:52.470,target,pistol,0s,1,1,1,25,50,0.5,false
267,13:44:53.195,target,pistol,0s,1,1,1,25,50,0.5,false
268,13:44:54.082,target,pistol,0s,1,1,1,25,50,0.5,false
269,13:44:54.862,target,pistol,0s,1,1,1,25,50,0.5,false
270,13:44:55.849,target,pistol,0s,1,1,1,25,50,0.5,false
271,13:44:56.677,target,pistol,0.001s,1,1,1,25,50,0.5,false
272,13:44:57.065,target,pistol,0s,1,1,1,25,50,0.5,false
273,13:44:57.897,target,pistol,0s,1,1,1,25,50,0.5,false
274,13:44:58.594,target,pistol,0s,1,1,1,25,50,0.5,false
275,13:44:59.655,target,pistol,0.303s,2,1,0.5,25,100,0.25,false
276,13:45:00.259,target,pistol,0s,1,1,1,25,50,0.5,false
277,13:45:01.319,target,pistol,0s,1,1,1,25,50,0.5,false
278,13:45:01.850,target,pistol,0s,1,1,1,25,50,0.5,false
279,13:45:02.491,target,pistol,0s,1,1,1,25,50,0.5,false
280,13:45:03.141,target,pistol,0s,1,1,1,25,50,0.5,false
281,13:45:04.010,target,pistol,0s,1,1,1,25,50,0.5,false
282,13:45:05.589,target,pistol,0.608s,3,1,0.333,25,150,0.167,false
283,13:45:06.310,target,pistol,0s,1,1,1,25,50,0.5,false
284,13:45:06.993,target,pistol,0s,1,1,1,25,50,0.5,false
285,13:45:07.953,target,pistol,0s,1,1,1,25,50,0.5,false
286,13:45:08.605,target,pistol,0s,1,1,1,25,50,0.5,false
287,13:45:09.301,target,pistol,0s,1,1,1,25,50,0.5,false
288,13:45:10.274,target,pistol,0s,1,1,1,25,50,0.5,false
289,13:45:10.780,target,pistol,0s,1,1,1,25,50,0.5,false
290,13:45:11.355,target,pistol,0s,1,1,1,25,50,0.5,false
291,13:45:11.968,target,pistol,0s,1,1,1,25,50,0.5,false
292,13:45:12.825,target,pistol,0.316s,2,1,0.5,25,100,0.25,false
293,13:45:13.453,target,pistol,0s,1,1,1,25,50,0.5,false
294,13:45:13.977,target,pistol,0s,1,1,1,25,50,0.5,false
295,13:45:14.619,target,pistol,0s,1,1,1,25,50,0.5,false
296,13:45:15.311,target,pistol,0s,1,1,1,25,50,0.5,false
297,13:45:15.911,target,pistol,0s,1,1,1,25,50,0.5,false
298,13:45:16.594,target,pistol,0s,1,1,1,25,50,0.5,false
299,13:45:18.203,target,pistol,0.84s,2,1,0.5,25,100,0.25,false
300,13:45:19.083,target,pistol,0s,1,1,1,25,50,0.5,false
301,13:45:19.855,target,pistol,0s,1,1,1,25,50,0.5,false
302,13:45:20.664,target,pistol,0s,1,1,1,25,50,0.5,false
303,13:45:21.443,target,pistol,0s,1,1,1,25,50,0.5,false
304,13:45:22.364,target,pistol,0s,1,1,1,25,50,0.5,false
305,13:45:23.171,target,pistol,0s,1,1,1,25,50,0.5,false
306,13:45:23.633,target,pistol,0s,1,1,1,25,50,0.5,false
307,13:45:24.462,target,pistol,0s,1,1,1,25,50,0.5,false
308,13:45:25.338,target,pistol,0s,1,1,1,25,50,0.5,false
309,13:45:26.191,target,pistol,0s,1,1,1,25,50,0.5,false
310,13:45:27.058,target,pistol,0s,1,1,1,25,50,0.5,false
311,13:45:27.832,target,pistol,0.001s,1,1,1,25,50,0.5,false
312,13:45:28.489,target,pistol,0.001s,1,1,1,25,50,0.5,false
313,13:45:29.329,target,pistol,0.001s,1,1,1,25,50,0.5,false
314,13:45:30.228,target,pistol,0s,1,1,1,25,50,0.5,false
315,13:45:30.846,target,pistol,0s,1,1,1,25,50,0.5,false
316,13:45:31.427,target,pistol,0s,1,1,1,25,50,0.5,false
317,13:45:32.246,target,pistol,0.167s,2,1,0.5,25,100,0.25,false
318,13:45:33.426,target,pistol,0s,1,1,1,25,50,0.5,false
319,13:45:34.186,target,pistol,0s,1,1,1,25,50,0.5,false
320,13:45:34.842,target,pistol,0s,1,1,1,25,50,0.5,false
321,13:45:35.649,target,pistol,0s,1,1,1,25,50,0.5,false
322,13:45:36.337,target,pistol,0s,1,1,1,25,50,0.5,false
323,13:45:37.534,target,pistol,0.317s,2,1,0.5,25,100,0.25,false
324,13:45:38.287,target,pistol,0s,1,1,1,25,50,0.5,false
325,13:45:39.127,target,pistol,0.188s,2,1,0.5,25,100,0.25,false
326,13:45:39.844,target,pistol,0.001s,1,1,1,25,50,0.5,false
327,13:45:40.745,target,pistol,0s,1,1,1,25,50,0.5,false
328,13:45:41.745,target,pistol,0s,1,1,1,25,50,0.5,false
329,13:45:42.416,target,pistol,0.001s,1,1,1,25,50,0.5,false
330,13:45:42.992,target,pistol,0s,1,1,1,25,50,0.5,false
331,13:45:43.341,target,pistol,0s,1,1,1,25,50,0.5,false
332,13:45:44.066,target,pistol,0s,1,1,1,25,50,0.5,false
333,13:45:44.605,target,pistol,0.001s,1,1,1,25,50,0.5,false
334,13:45:44.987,target,pistol,0.001s,1,1,1,25,50,0.5,false
335,13:45:46.038,target,pistol,0s,1,1,1,25,50,0.5,false
336,13:45:47.502,target,pistol,0.682s,2,1,0.5,25,100,0.25,false
337,13:45:48.144,target,pistol,0s,1,1,1,25,50,0.5,false
338,13:45:49.720,target,pistol,0.824s,2,1,0.5,25,100,0.25,false
339,13:45:50.339,target,pistol,0.001s,1,1,1,25,50,0.5,false
340,13:45:51.074,target,pistol,0.001s,1,1,1,25,50,0.5,false
341,13:45:51.935,target,pistol,0s,1,1,1,25,50,0.5,false
342,13:45:52.535,target,pistol,0.001s,1,1,1,25,50,0.5,false
343,13:45:53.376,target,pistol,0s,1,1,1,25,50,0.5,false
344,13:45:54.218,target,pistol,0s,1,1,1,25,50,0.5,false
345,13:45:54.869,target,pistol,0.001s,1,1,1,25,50,0.5,false
346,13:45:55.654,target,pistol,0s,1,1,1,25,50,0.5,false
347,13:45:56.791,target,pistol,0.208s,2,1,0.5,25,100,0.25,false
348,13:45:57.470,target,pistol,0s,1,1,1,25,50,0.5,false
349,13:45:57.993,target,pistol,0s,1,1,1,25,50,0.5,false
350,13:45:58.420,target,pistol,0s,1,1,1,25,50,0.5,false
351,13:45:59.359,target,pistol,0s,1,1,1,25,50,0.5,false
352,13:46:00.144,target,pistol,0s,1,1,1,25,50,0.5,false
353,13:46:00.789,target,pistol,0s,1,1,1,25,50,0.5,false
354,13:46:01.470,target,pistol,0s,1,1,1,25,50,0.5,false
355,13:46:02.582,target,pistol,0s,1,1,1,25,50,0.5,false
356,13:46:03.115,target,pistol,0s,1,1,1,25,50,0.5,false
357,13:46:03.842,target,pistol,0.001s,1,1,1,25,50,0.5,false
358,13:46:04.704,target,pistol,0s,1,1,1,25,50,0.5,false
359,13:46:05.180,target,pistol,0s,1,1,1,25,50,0.5,false
360,13:46:05.770,target,pistol,0s,1,1,1,25,50,0.5,false
361,13:46:06.562,target,pistol,0s,1,1,1,25,50,0.5,false
362,13:46:07.176,target,pistol,0s,1,1,1,25,50,0.5,false
363,13:46:07.765,target,pistol,0s,1,1,1,25,50,0.5,false
364,13:46:08.335,target,pistol,0s,1,1,1,25,50,0.5,false
365,13:46:08.989,target,pistol,0s,1,1,1,25,50,0.5,false
366,13:46:09.798,target,pistol,0s,1,1,1,25,50,0.5,false
367,13:46:10.464,target,pistol,0s,1,1,1,25,50,0.5,false
368,13:46:10.867,target,pistol,0.001s,1,1,1,25,50,0.5,false
369,13:46:11.501,target,pistol,0s,1,1,1,25,50,0.5,false
370,13:46:12.167,target,pistol,0s,1,1,1,25,50,0.5,false
371,13:46:13.010,target,pistol,0s,1,1,1,25,50,0.5,false
372,13:46:13.710,target,pistol,0s,1,1,1,25,50,0.5,false
373,13:46:14.463,target,pistol,0s,1,1,1,25,50,0.5,false
374,13:46:15.125,target,pistol,0s,1,1,1,25,50,0.5,false
375,13:46:16.188,target,pistol,0.001s,1,1,1,25,50,0.5,false
376,13:46:16.853,target,pistol,0s,1,1,1,25,50,0.5,false
377,13:46:17.650,target,pistol,0s,1,1,1,25,50,0.5,false
378,13:46:18.458,target,pistol,0s,1,1,1,25,50,0.5,false
379,13:46:19.345,target,pistol,0s,1,1,1,25,50,0.5,false
380,13:46:20.352,target,pistol,0s,1,1,1,25,50,0.5,false
381,13:46:20.930,target,pistol,0s,1,1,1,25,50,0.5,false
382,13:46:21.564,target,pistol,0s,1,1,1,25,50,0.5,false
383,13:46:22.299,target,pistol,0s,1,1,1,25,50,0.5,false
384,13:46:23.050,target,pistol,0s,1,1,1,25,50,0.5,false
385,13:46:24.209,target,pistol,0.376s,2,1,0.5,25,100,0.25,false
386,13:46:24.747,target,pistol,0s,1,1,1,25,50,0.5,false
387,13:46:25.645,target,pistol,0s,1,1,1,25,50,0.5,false
388,13:46:26.363,target,pistol,0s,1,1,1,25,50,0.5,false
389,13:46:27.232,target,pistol,0.001s,1,1,1,25,50,0.5,false
390,13:46:28.333,target,pistol,0.473s,2,1,0.5,25,100,0.25,false
391,13:46:28.874,target,pistol,0s,1,1,1,25,50,0.5,false
392,13:46:29.783,target,pistol,0s,1,1,1,25,50,0.5,false
393,13:46:30.580,target,pistol,0s,1,1,1,25,50,0.5,false
394,13:46:31.304,target,pistol,0s,1,1,1,25,50,0.5,false
395,13:46:32.209,target,pistol,0.292s,2,1,0.5,25,100,0.25,false
396,13:46:32.969,target,pistol,0.001s,1,1,1,25,50,0.5,false
397,13:46:33.743,target,pistol,0s,1,1,1,25,50,0.5,false
398,13:46:34.511,target,pistol,0.001s,1,1,1,25,50,0.5,false
399,13:46:35.419,target,pistol,0.261s,2,1,0.5,25,100,0.25,false
400,13:46:36.031,target,pistol,0s,1,1,1,25,50,0.5,false
401,13:46:36.838,target,pistol,0s,1,1,1,25,50,0.5,false
402,13:46:37.437,target,pistol,0s,1,1,1,25,50,0.5,false
403,13:46:38.488,target,pistol,0s,1,1,1,25,50,0.5,false
404,13:46:38.978,target,pistol,0s,1,1,1,25,50,0.5,false
405,13:46:39.691,target,pistol,0s,1,1,1,25,50,0.5,false
406,13:46:40.371,target,pistol,0s,1,1,1,25,50,0.5,false
407,13:46:41.245,target,pistol,0s,1,1,1,25,50,0.5,false
408,13:46:41.830,target,pistol,0s,1,1,1,25,50,0.5,false
409,13:46:42.668,target,pistol,0s,1,1,1,25,50,0.5,false
410,13:46:43.526,target,pistol,0s,1,1,1,25,50,0.5,false
411,13:46:43.955,target,pistol,0s,1,1,1,25,50,0.5,false
412,13:46:45.073,target,pistol,0.555s,2,1,0.5,25,100,0.25,false
413,13:46:45.951,target,pistol,0s,1,1,1,25,50,0.5,false
414,13:46:46.620,target,pistol,0s,1,1,1,25,50,0.5,false
415,13:46:47.094,target,pistol,0s,1,1,1,25,50,0.5,false
416,13:46:47.553,target,pistol,0s,1,1,1,25,50,0.5,false
417,13:46:48.332,target,pistol,0s,1,1,1,25,50,0.5,false
418,13:46:48.917,target,pistol,0s,1,1,1,25,50,0.5,false
419,13:46:49.593,target,pistol,0s,1,1,1,25,50,0.5,false
420,13:46:50.141,target,pistol,0s,1,1,1,25,50,0.5,false
421,13:46:50.771,target,pistol,0.001s,1,1,1,25,50,0.5,false
422,13:46:51.294,target,pistol,0s,1,1,1,25,50,0.5,false
423,13:46:51.845,target,pistol,0s,1,1,1,25,50,0.5,false
424,13:46:52.553,target,pistol,0s,1,1,1,25,50,0.5,false
425,13:46:53.064,target,pistol,0s,1,1,1,25,50,0.5,false
426,13:46:53.665,target,pistol,0.001s,1,1,1,25,50,0.5,false
427,13:46:54.275,target,pistol,0s,1,1,1,25,50,0.5,false
428,13:46:55.284,target,pistol,0s,1,1,1,25,50,0.5,false
429,13:46:55.971,target,pistol,0.251s,2,1,0.5,25,100,0.25,false
430,13:46:56.456,target,pistol,0s,1,1,1,25,50,0.5,false
431,13:46:56.964,target,pistol,0.001s,1,1,1,25,50,0.5,false
432,13:46:57.355,target,pistol,0s,1,1,1,25,50,0.5,false
433,13:46:58.180,target,pistol,0s,1,1,1,25,50,0.5,false
434,13:46:59.175,target,pistol,0.282s,2,1,0.5,25,100,0.25,false
435,13:46:59.861,target,pistol,0s,1,1,1,25,50,0.5,false
436,13:47:00.730,target,pistol,0s,1,1,1,25,50,0.5,false
437,13:47:01.634,target,pistol,0s,1,1,1,25,50,0.5,false
438,13:47:02.091,target,pistol,0s,1,1,1,25,50,0.5,false
439,13:47:03.317,target,pistol,0.436s,2,1,0.5,25,100,0.25,false
440,13:47:03.861,target,pistol,0s,1,1,1,25,50,0.5,false
441,13:47:04.681,target,pistol,0s,1,1,1,25,50,0.5,false
442,13:47:05.368,target,pistol,0s,1,1,1,25,50,0.5,false
443,13:47:06.068,target,pistol,0.001s,1,1,1,25,50,0.5,false
444,13:47:06.493,target,pistol,0s,1,1,1,25,50,0.5,false
445,13:47:07.258,target,pistol,0s,1,1,1,25,50,0.5,false
446,13:47:08.097,target,pistol,0s,1,1,1,25,50,0.5,false
447,13:47:08.816,target,pistol,0s,1,1,1,25,50,0.5,false
448,13:47:09.391,target,pistol,0s,1,1,1,25,50,0.5,false
449,13:47:10.144,target,pistol,0s,1,1,1,25,50,0.5,false
450,13:47:10.734,target,pistol,0s,1,1,1,25,50,0.5,false
451,13:47:11.262,target,pistol,0s,1,1,1,25,50,0.5,false
452,13:47:12.000,target,pistol,0s,1,1,1,25,50,0.5,false
453,13:47:12.402,target,pistol,0s,1,1,1,25,50,0.5,false
454,13:47:13.010,target,pistol,0s,1,1,1,25,50,0.5,false
455,13:47:13.689,target,pistol,0s,1,1,1,25,50,0.5,false
456,13:47:14.739,target,pistol,0.368s,2,1,0.5,25,100,0.25,false
457,13:47:15.639,target,pistol,0.268s,2,1,0.5,25,100,0.25,false
458,13:47:16.412,target,pistol,0s,1,1,1,25,50,0.5,false
459,13:47:17.109,target,pistol,0s,1,1,1,25,50,0.5,false
460,13:47:17.940,target,pistol,0s,1,1,1,25,50,0.5,false
461,13:47:18.629,target,pistol,0s,1,1,1,25,50,0.5,false
462,13:47:19.095,target,pistol,0s,1,1,1,25,50,0.5,false
463,13:47:20.142,target,pistol,0.001s,1,1,1,25,50,0.5,false
464,13:47:20.841,target,pistol,0s,1,1,1,25,50,0.5,false
465,13:47:21.684,target,pistol,0s,1,1,1,25,50,0.5,false
466,13:47:22.178,target,pistol,0s,1,1,1,25,50,0.5,false
467,13:47:22.902,target,pistol,0s,1,1,1,25,50,0.5,false
468,13:47:23.622,target,pistol,0s,1,1,1,25,50,0.5,false
469,13:47:24.120,target,pistol,0s,1,1,1,25,50,0.5,false
470,13:47:24.747,target,pistol,0s,1,1,1,25,50,0.5,false
471,13:47:25.425,target,pistol,0s,1,1,1,25,50,0.5,false
472,13:47:27.393,target,pistol,1.096s,3,1,0.333,25,150,0.167,false
473,13:47:28.284,target,pistol,0s,1,1,1,25,50,0.5,false
474,13:47:29.036,target,pistol,0s,1,1,1,25,50,0.5,false
475,13:47:29.919,target,pistol,0s,1,1,1,25,50,0.5,false
476,13:47:30.705,target,pistol,0s,1,1,1,25,50,0.5,false
477,13:47:31.582,target,pistol,0s,1,1,1,25,50,0.5,false
478,13:47:32.305,target,pistol,0.001s,1,1,1,25,50,0.5,false
479,13:47:33.155,target,pistol,0s,1,1,1,25,50,0.5,false
480,13:47:33.687,target,pistol,0s,1,1,1,25,50,0.5,false
481,13:47:34.586,target,pistol,0s,1,1,1,25,50,0.5,false
482,13:47:35.593,target,pistol,0s,1,1,1,25,50,0.5,false
483,13:47:36.295,target,pistol,0s,1,1,1,25,50,0.5,false
484,13:47:37.033,target,pistol,0s,1,1,1,25,50,0.5,false
485,13:47:37.782,target,pistol,0s,1,1,1,25,50,0.5,false
486,13:47:38.639,target,pistol,0s,1,1,1,25,50,0.5,false
487,13:47:39.460,target,pistol,0s,1,1,1,25,50,0.5,false
488,13:47:40.396,target,pistol,0s,1,1,1,25,50,0.5,false
489,13:47:41.043,target,pistol,0s,1,1,1,25,50,0.5,false
490,13:47:41.791,target,pistol,0.001s,1,1,1,25,50,0.5,false
491,13:47:42.571,target,pistol,0s,1,1,1,25,50,0.5,false
492,13:47:43.205,target,pistol,0s,1,1,1,25,50,0.5,false
493,13:47:43.610,target,pistol,0s,1,1,1,25,50,0.5,false
494,13:47:44.191,target,pistol,0s,1,1,1,25,50,0.5,false
495,13:47:44.670,target,pistol,0s,1,1,1,25,50,0.5,false
496,13:47:45.250,target,pistol,0s,1,1,1,25,50,0.5,false
497,13:47:45.965,target,pistol,0s,1,1,1,25,50,0.5,false
498,13:47:46.769,target,pistol,0s,1,1,1,25,50,0.5,false
499,13:47:47.377,target,pistol,0s,1,1,1,25,50,0.5,false
500,13:47:48.304,target,pistol,0.405s,2,1,0.5,25,100,0.25,false
501,13:47:48.778,target,pistol,0.001s,1,1,1,25,50,0.5,false
502,13:47:49.390,target,pistol,0s,1,1,1,25,50,0.5,false
503,13:47:50.071,target,pistol,0s,1,1,1,25,50,0.5,false
504,13:47:50.570,target,pistol,0s,1,1,1,25,50,0.5,false
505,13:47:51.141,target,pistol,0s,1,1,1,25,50,0.5,false
506,13:47:51.736,target,pistol,0s,1,1,1,25,50,0.5,false
507,13:47:52.456,target,pistol,0s,1,1,1,25,50,0.5,false
508,13:47:53.111,target,pistol,0s,1,1,1,25,50,0.5,false
509,13:47:54.006,target,pistol,0.731s,2,1,0.5,25,100,0.25,false
510,13:47:54.696,target,pistol,0s,1,1,1,25,50,0.5,false
511,13:47:55.382,target,pistol,0s,1,1,1,25,50,0.5,false
512,13:47:56.056,target,pistol,0s,1,1,1,25,50,0.5,false
513,13:47:56.704,target,pistol,0.001s,1,1,1,25,50,0.5,false
514,13:47:57.353,target,pistol,0s,1,1,1,25,50,0.5,false
515,13:47:58.063,target,pistol,0s,1,1,1,25,50,0.5,false
516,13:47:59.068,target,pistol,0.414s,2,1,0.5,25,100,0.25,false
517,13:47:59.931,target,pistol,0s,1,1,1,25,50,0.5,false
518,13:48:00.603,target,pistol,0s,1,1,1,25,50,0.5,false
519,13:48:01.351,target,pistol,0s,1,1,1,25,50,0.5,false
520,13:48:02.009,target,pistol,0.299s,2,1,0.5,25,100,0.25,false
521,13:48:02.620,target,pistol,0s,1,1,1,25,50,0.5,false
522,13:48:03.375,target,pistol,0s,1,1,1,25,50,0.5,false
523,13:48:04.000,target,pistol,0s,1,1,1,25,50,0.5,false
524,13:48:04.625,target,pistol,0s,1,1,1,25,50,0.5,false
525,13:48:05.457,target,pistol,0s,1,1,1,25,50,0.5,false
526,13:48:06.237,target,pistol,0s,1,1,1,25,50,0.5,false
527,13:48:06.636,target,pistol,0.001s,1,1,1,25,50,0.5,false
528,13:48:07.437,target,pistol,0s,1,1,1,25,50,0.5,false
529,13:48:08.139,target,pistol,0s,1,1,1,25,50,0.5,false
530,13:48:08.688,target,pistol,0s,1,1,1,25,50,0.5,false
531,13:48:09.711,target,pistol,0.301s,2,1,0.5,25,100,0.25,false
532,13:48:10.244,target,pistol,0s,1,1,1,25,50,0.5,false
533,13:48:10.847,target,pistol,0s,1,1,1,25,50,0.5,false
534,13:48:12.188,target,pistol,0.253s,2,1,0.5,25,100,0.25,false
535,13:48:12.752,target,pistol,0s,1,1,1,25,50,0.5,false
536,13:48:13.306,target,pistol,0s,1,1,1,25,50,0.5,false
537,13:48:13.667,target,pistol,0s,1,1,1,25,50,0.5,false
538,13:48:14.611,target,pistol,0.165s,2,1,0.5,25,100,0.25,false
539,13:48:15.429,target,pistol,0.001s,1,1,1,25,50,0.5,false
540,13:48:16.029,target,pistol,0.001s,1,1,1,25,50,0.5,false
541,13:48:16.624,target,pistol,0s,1,1,1,25,50,0.5,false
542,13:48:17.480,target,pistol,0s,1,1,1,25,50,0.5,false
543,13:48:18.700,target,pistol,0.526s,2,1,0.5,25,100,0.25,false
544,13:48:19.952,target,pistol,0.705s,3,1,0.333,25,150,0.167,false
545,13:48:21.227,target,pistol,0.616s,2,1,0.5,25,100,0.25,false
546,13:48:21.791,target,pistol,0.001s,1,1,1,25,50,0.5,false
547,13:48:23.145,target,pistol,0.701s,2,1,0.5,25,100,0.25,false
548,13:48:23.571,target,pistol,0s,1,1,1,25,50,0.5,false
549,13:48:24.565,target,pistol,0.373s,2,1,0.5,25,100,0.25,false
550,13:48:25.199,target,pistol,0s,1,1,1,25,50,0.5,false
551,13:48:26.236,target,pistol,0s,1,1,1,25,50,0.5,false
552,13:48:27.118,target,pistol,0s,1,1,1,25,50,0.5,false
553,13:48:27.950,target,pistol,0.001s,1,1,1,25,50,0.5,false
554,13:48:28.432,target,pistol,0s,1,1,1,25,50,0.5,false
555,13:48:29.045,target,pistol,0s,1,1,1,25,50,0.5,false
556,13:48:29.691,target,pistol,0.001s,1,1,1,25,50,0.5,false
557,13:48:30.516,target,pistol,0s,1,1,1,25,50,0.5,false
558,13:48:31.129,target,pistol,0.001s,1,1,1,25,50,0.5,false
559,13:48:31.733,target,pistol,0s,1,1,1,25,50,0.5,false
560,13:48:32.634,target,pistol,0.274s,2,1,0.5,25,100,0.25,false
561,13:48:33.336,target,pistol,0s,1,1,1,25,50,0.5,false
562,13:48:34.069,target,pistol,0s,1,1,1,25,50,0.5,false
563,13:48:34.733,target,pistol,0s,1,1,1,25,50,0.5,false
564,13:48:35.482,target,pistol,0s,1,1,1,25,50,0.5,false
565,13:48:36.168,target,pistol,0s,1,1,1,25,50,0.5,false
566,13:48:36.852,target,pistol,0.001s,1,1,1,25,50,0.5,false
567,13:48:37.370,target,pistol,0s,1,1,1,25,50,0.5,false
568,13:48:38.074,target,pistol,0s,1,1,1,25,50,0.5,false
569,13:48:39.946,target,pistol,1.065s,3,1,0.333,25,150,0.167,false
570,13:48:41.257,target,pistol,0.647s,2,1,0.5,25,100,0.25,false
571,13:48:41.940,target,pistol,0s,1,1,1,25,50,0.5,false
572,13:48:42.585,target,pistol,0s,1,1,1,25,50,0.5,false
573,13:48:43.256,target,pistol,0s,1,1,1,25,50,0.5,false
574,13:48:43.778,target,pistol,0s,1,1,1,25,50,0.5,false
575,13:48:44.471,target,pistol,0s,1,1,1,25,50,0.5,false
576,13:48:45.138,target,pistol,0s,1,1,1,25,50,0.5,false
577,13:48:45.764,target,pistol,0s,1,1,1,25,50,0.5,false
578,13:48:46.504,target,pistol,0s,1,1,1,25,50,0.5,false
579,13:48:47.209,target,pistol,0s,1,1,1,25,50,0.5,false
580,13:48:48.191,target,pistol,0s,1,1,1,25,50,0.5,false
581,13:48:48.780,target,pistol,0s,1,1,1,25,50,0.5,false
582,13:48:49.496,target,pistol,0s,1,1,1,25,50,0.5,false
583,13:48:50.126,target,pistol,0s,1,1,1,25,50,0.5,false
584,13:48:50.915,target,pistol,0s,1,1,1,25,50,0.5,false
585,13:48:51.404,target,pistol,0.001s,1,1,1,25,50,0.5,false
586,13:48:52.119,target,pistol,0s,1,1,1,25,50,0.5,false
587,13:48:52.739,target,pistol,0s,1,1,1,25,50,0.5,false
588,13:48:53.784,target,pistol,0s,1,1,1,25,50,0.5,false
589,13:48:54.302,target,pistol,0s,1,1,1,25,50,0.5,false
590,13:48:54.886,target,pistol,0s,1,1,1,25,50,0.5,false
591,13:48:55.610,target,pistol,0s,1,1,1,25,50,0.5,false
592,13:48:56.355,target,pistol,0s,1,1,1,25,50,0.5,false
593,13:48:56.898,target,pistol,0s,1,1,1,25,50,0.5,false
594,13:48:57.529,target,pistol,0s,1,1,1,25,50,0.5,false
595,13:48:58.253,target,pistol,0s,1,1,1,25,50,0.5,false
596,13:48:59.180,target,pistol,0s,1,1,1,25,50,0.5,false
597,13:48:59.884,target,pistol,0.001s,1,1,1,25,50,0.5,false
598,13:49:00.651,target,pistol,0s,1,1,1,25,50,0.5,false
599,13:49:01.554,target,pistol,0s,1,1,1,25,50,0.5,false
600,13:49:02.357,target,pistol,0s,1,1,1,25,50,0.5,false
601,13:49:03.113,target,pistol,0s,1,1,1,25,50,0.5,false
602,13:49:03.787,target,pistol,0s,1,1,1,25,50,0.5,false
603,13:49:04.387,target,pistol,0s,1,1,1,25,50,0.5,false
604,13:49:05.051,target,pistol,0s,1,1,1,25,50,0.5,false
605,13:49:05.877,target,pistol,0s,1,1,1,25,50,0.5,false
606,13:49:06.418,target,pistol,0s,1,1,1,25,50,0.5,false
607,13:49:07.059,target,pistol,0s,1,1,1,25,50,0.5,false
608,13:49:08.001,target,pistol,0.205s,2,1,0.5,25,100,0.25,false
609,13:49:08.642,target,pistol,0s,1,1,1,25,50,0.5,false
610,13:49:09.318,target,pistol,0s,1,1,1,25,50,0.5,false
611,13:49:09.962,target,pistol,0s,1,1,1,25,50,0.5,false
612,13:49:10.614,target,pistol,0s,1,1,1,25,50,0.5,false
613,13:49:11.104,target,pistol,0s,1,1,1,25,50,0.5,false
614,13:49:11.579,target,pistol,0s,1,1,1,25,50,0.5,false
615,13:49:12.053,target,pistol,0s,1,1,1,25,50,0.5,false
616,13:49:12.752,target,pistol,0s,1,1,1,25,50,0.5,false
617,13:49:14.037,target,pistol,0.712s,2,1,0.5,25,100,0.25,false
618,13:49:14.767,target,pistol,0s,1,1,1,25,50,0.5,false
619,13:49:15.262,target,pistol,0.001s,1,1,1,25,50,0.5,false
620,13:49:16.761,target,pistol,0.662s,2,1,0.5,25,100,0.25,false
621,13:49:17.388,target,pistol,0s,1,1,1,25,50,0.5,false
622,13:49:17.842,target,pistol,0s,1,1,1,25,50,0.5,false
623,13:49:18.592,target,pistol,0s,1,1,1,25,50,0.5,false
624,13:49:19.336,target,pistol,0s,1,1,1,25,50,0.5,false
625,13:49:19.955,target,pistol,0.001s,1,1,1,25,50,0.5,false
626,13:49:20.495,target,pistol,0s,1,1,1,25,50,0.5,false
627,13:49:21.054,target,pistol,0s,1,1,1,25,50,0.5,false
628,13:49:21.814,target,pistol,0s,1,1,1,25,50,0.5,false
629,13:49:23.219,target,pistol,0.39s,2,1,0.5,25,100,0.25,false
630,13:49:23.935,target,pistol,0s,1,1,1,25,50,0.5,false
631,13:49:24.607,target,pistol,0s,1,1,1,25,50,0.5,false
632,13:49:25.259,target,pistol,0s,1,1,1,25,50,0.5,false
633,13:49:26.023,target,pistol,0s,1,1,1,25,50,0.5,false
634,13:49:26.547,target,pistol,0s,1,1,1,25,50,0.5,false
635,13:49:27.216,target,pistol,0s,1,1,1,25,50,0.5,false
636,13:49:29.178,target,pistol,1.415s,3,1,0.333,25,150,0.167,false
637,13:49:30.008,target,pistol,0s,1,1,1,25,50,0.5,false
638,13:49:30.943,target,pistol,0.415s,2,1,0.5,25,100,0.25,false
639,13:49:31.630,target,pistol,0s,1,1,1,25,50,0.5,false
640,13:49:32.259,target,pistol,0s,1,1,1,25,50,0.5,false
641,13:49:33.003,target,pistol,0s,1,1,1,25,50,0.5,false
642,13:49:33.739,target,pistol,0s,1,1,1,25,50,0.5,false
643,13:49:34.389,target,pistol,0s,1,1,1,25,50,0.5,false
644,13:49:34.867,target,pistol,0s,1,1,1,25,50,0.5,false
645,13:49:35.491,target,pistol,0s,1,1,1,25,50,0.5,false
646,13:49:36.416,target,pistol,0s,1,1,1,25,50,0.5,false
647,13:49:37.286,target,pistol,0.274s,2,1,0.5,25,100,0.25,false
648,13:49:38.131,target,pistol,0s,1,1,1,25,50,0.5,false
649,13:49:39.092,target,pistol,0.361s,2,1,0.5,25,100,0.25,false
650,13:49:39.780,target,pistol,0s,1,1,1,25,50,0.5,false
651,13:49:40.650,target,pistol,0s,1,1,1,25,50,0.5,false
652,13:49:41.662,target,pistol,0.276s,2,1,0.5,25,100,0.25,false
653,13:49:42.534,target,pistol,0s,1,1,1,25,50,0.5,false
654,13:49:43.110,target,pistol,0.001s,1,1,1,25,50,0.5,false
655,13:49:44.286,target,pistol,0.475s,2,1,0.5,25,100,0.25,false
656,13:49:45.237,target,pistol,0s,1,1,1,25,50,0.5,false
657,13:49:45.979,target,pistol,0s,1,1,1,25,50,0.5,false
658,13:49:46.561,target,pistol,0s,1,1,1,25,50,0.5,false
659,13:49:47.264,target,pistol,0s,1,1,1,25,50,0.5,false
660,13:49:48.058,target,pistol,0s,1,1,1,25,50,0.5,false
661,13:49:48.777,target,pistol,0s,1,1,1,25,50,0.5,false
662,13:49:49.512,target,pistol,0.345s,2,1,0.5,25,100,0.25,false
663,13:49:50.311,target,pistol,0s,1,1,1,25,50,0.5,false
664,13:49:51.126,target,pistol,0s,1,1,1,25,50,0.5,false
665,13:49:51.668,target,pistol,0s,1,1,1,25,50,0.5,false
666,13:49:52.189,target,pistol,0s,1,1,1,25,50,0.5,false
667,13:49:52.893,target,pistol,0s,1,1,1,25,50,0.5,false
668,13:49:53.494,target,pistol,0s,1,1,1,25,50,0.5,false
669,13:49:54.328,target,pistol,0s,1,1,1,25,50,0.5,false
670,13:49:54.872,target,pistol,0s,1,1,1,25,50,0.5,false
671,13:49:55.530,target,pistol,0s,1,1,1,25,50,0.5,false
672,13:49:56.120,target,pistol,0s,1,1,1,25,50,0.5,false
673,13:49:56.627,target,pistol,0s,1,1,1,25,50,0.5,false
674,13:49:57.092,target,pistol,0s,1,1,1,25,50,0.5,false
675,13:49:57.667,target,pistol,0s,1,1,1,25,50,0.5,false
676,13:49:58.291,target,pistol,0s,1,1,1,25,50,0.5,false
677,13:49:59.121,target,pistol,0s,1,1,1,25,50,0.5,false
678,13:49:59.807,target,pistol,0s,1,1,1,25,50,0.5,false
679,13:50:00.281,target,pistol,0s,1,1,1,25,50,0.5,false
680,13:50:01.112,target,pistol,0s,1,1,1,25,50,0.5,false
681,13:50:02.013,target,pistol,0s,1,1,1,25,50,0.5,false
682,13:50:02.724,target,pistol,0s,1,1,1,25,50,0.5,false
683,13:50:03.437,target,pistol,0s,1,1,1,25,50,0.5,false
684,13:50:03.930,target,pistol,0s,1,1,1,25,50,0.5,false
685,13:50:04.755,target,pistol,0.253s,2,1,0.5,25,100,0.25,false
686,13:50:05.551,target,pistol,0s,1,1,1,25,50,0.5,false
687,13:50:06.440,target,pistol,0s,1,1,1,25,50,0.5,false
688,13:50:07.004,target,pistol,0s,1,1,1,25,50,0.5,false
689,13:50:07.737,target,pistol,0s,1,1,1,25,50,0.5,false
690,13:50:08.234,target,pistol,0s,1,1,1,25,50,0.5,false
691,13:50:08.823,target,pistol,0s,1,1,1,25,50,0.5,false
692,13:50:09.504,target,pistol,0s,1,1,1,25,50,0.5,false
693,13:50:10.472,target,pistol,0.386s,2,1,0.5,25,100,0.25,false
694,13:50:11.186,target,pistol,0s,1,1,1,25,50,0.5,false
695,13:50:12.051,target,pistol,0s,1,1,1,25,50,0.5,false
696,13:50:12.723,target,pistol,0s,1,1,1,25,50,0.5,false
697,13:50:13.549,target,pistol,0.288s,2,1,0.5,25,100,0.25,false
698,13:50:14.413,target,pistol,0s,1,1,1,25,50,0.5,false
699,13:50:15.053,target,pistol,0s,1,1,1,25,50,0.5,false
700,13:50:15.709,target,pistol,0s,1,1,1,25,50,0.5,false
701,13:50:16.219,target,pistol,0s,1,1,1,25,50,0.5,false
702,13:50:16.961,target,pistol,0s,1,1,1,25,50,0.5,false
703,13:50:17.749,target,pistol,0s,1,1,1,25,50,0.5,false
704,13:50:18.154,target,pistol,0s,1,1,1,25,50,0.5,false
705,13:50:18.709,target,pistol,0s,1,1,1,25,50,0.5,false
706,13:50:19.411,target,pistol,0s,1,1,1,25,50,0.5,false
707,13:50:20.540,target,pistol,0.389s,2,1,0.5,25,100,0.25,false
708,13:50:21.050,target,pistol,0.001s,1,1,1,25,50,0.5,false
709,13:50:21.806,target,pistol,0.245s,2,1,0.5,25,100,0.25,false
710,13:50:22.336,target,pistol,0s,1,1,1,25,50,0.5,false
711,13:50:22.919,target,pistol,0s,1,1,1,25,50,0.5,false
712,13:50:23.567,target,pistol,0s,1,1,1,25,50,0.5,false
713,13:50:25.138,target,pistol,0.895s,2,1,0.5,25,100,0.25,false
714,13:50:25.681,target,pistol,0s,1,1,1,25,50,0.5,false
715,13:50:26.286,target,pistol,0s,1,1,1,25,50,0.5,false
716,13:50:27.069,target,pistol,0.001s,1,1,1,25,50,0.5,false
717,13:50:27.656,target,pistol,0s,1,1,1,25,50,0.5,false
718,13:50:28.336,target,pistol,0.001s,1,1,1,25,50,0.5,false
719,13:50:28.970,target,pistol,0s,1,1,1,25,50,0.5,false
720,13:50:30.052,target,pistol,0s,1,1,1,25,50,0.5,false
721,13:50:31.469,target,pistol,0.776s,2,1,0.5,25,100,0.25,false
722,13:50:32.219,target,pistol,0s,1,1,1,25,50,0.5,false
723,13:50:33.002,target,pistol,0s,1,1,1,25,50,0.5,false
724,13:50:33.667,target,pistol,0s,1,1,1,25,50,0.5,false
725,13:50:34.615,target,pistol,0s,1,1,1,25,50,0.5,false
726,13:50:35.399,target,pistol,0s,1,1,1,25,50,0.5,false
727,13:50:36.098,target,pistol,0s,1,1,1,25,50,0.5,false
728,13:50:37.614,target,pistol,0.437s,2,1,0.5,25,100,0.25,false
729,13:50:38.103,target,pistol,0s,1,1,1,25,50,0.5,false
730,13:50:39.648,target,pistol,0.762s,2,1,0.5,25,100,0.25,false
731,13:50:40.240,target,pistol,0s,1,1,1,25,50,0.5,false
732,13:50:40.764,target,pistol,0.001s,1,1,1,25,50,0.5,false
733,13:50:41.184,target,pistol,0s,1,1,1,25,50,0.5,false
734,13:50:42.050,target,pistol,0s,1,1,1,25,50,0.5,false
735,13:50:42.693,target,pistol,0s,1,1,1,25,50,0.5,false
736,13:50:43.371,target,pistol,0s,1,1,1,25,50,0.5,false
737,13:50:43.987,target,pistol,0s,1,1,1,25,50,0.5,false
738,13:50:44.672,target,pistol,0s,1,1,1,25,50,0.5,false
739,13:50:45.219,target,pistol,0s,1,1,1,25,50,0.5,false
740,13:50:45.677,target,pistol,0.001s,1,1,1,25,50,0.5,false
741,13:50:46.334,target,pistol,0s,1,1,1,25,50,0.5,false
742,13:50:46.877,target,pistol,0.001s,1,1,1,25,50,0.5,false
743,13:50:47.541,target,pistol,0s,1,1,1,25,50,0.5,false
744,13:50:48.005,target,pistol,0s,1,1,1,25,50,0.5,false
745,13:50:48.584,target,pistol,0s,1,1,1,25,50,0.5,false
746,13:50:49.294,target,pistol,0s,1,1,1,25,50,0.5,false
747,13:50:49.948,target,pistol,0s,1,1,1,25,50,0.5,false
748,13:50:50.771,target,pistol,0s,1,1,1,25,50,0.5,false
749,13:50:51.185,target,pistol,0s,1,1,1,25,50,0.5,false
750,13:50:51.913,target,pistol,0s,1,1,1,25,50,0.5,false
751,13:50:52.459,target,pistol,0s,1,1,1,25,50,0.5,false
752,13:50:53.299,target,pistol,0.224s,2,1,0.5,25,100,0.25,false
753,13:50:53.969,target,pistol,0s,1,1,1,25,50,0.5,false
754,13:50:54.671,target,pistol,0s,1,1,1,25,50,0.5,false
755,13:50:55.105,target,pistol,0s,1,1,1,25,50,0.5,false
756,13:50:55.886,target,pistol,0s,1,1,1,25,50,0.5,false
757,13:50:56.426,target,pistol,0s,1,1,1,25,50,0.5,false
758,13:50:56.985,target,pistol,0s,1,1,1,25,50,0.5,false
759,13:50:57.757,target,pistol,0.001s,1,1,1,25,50,0.5,false
760,13:50:59.173,target,pistol,0.954s,3,1,0.333,25,150,0.167,false
761,13:50:59.916,target,pistol,0s,1,1,1,25,50,0.5,false
762,13:51:00.672,target,pistol,0s,1,1,1,25,50,0.5,false
763,13:51:01.455,target,pistol,0s,1,1,1,25,50,0.5,false
764,13:51:02.597,target,pistol,0.283s,2,1,0.5,25,100,0.25,false
765,13:51:03.232,target,pistol,0s,1,1,1,25,50,0.5,false
766,13:51:03.843,target,pistol,0s,1,1,1,25,50,0.5,false
767,13:51:04.384,target,pistol,0.001s,1,1,1,25,50,0.5,false
768,13:51:05.019,target,pistol,0s,1,1,1,25,50,0.5,false
769,13:51:05.712,target,pistol,0s,1,1,1,25,50,0.5,false
770,13:51:06.451,target,pistol,0s,1,1,1,25,50,0.5,false
771,13:51:07.143,target,pistol,0s,1,1,1,25,50,0.5,false
772,13:51:07.624,target,pistol,0s,1,1,1,25,50,0.5,false
773,13:51:08.432,target,pistol,0s,1,1,1,25,50,0.5,false
774,13:51:09.328,target,pistol,0s,1,1,1,25,50,0.5,false
775,13:51:10.073,target,pistol,0s,1,1,1,25,50,0.5,false
776,13:51:10.941,target,pistol,0s,1,1,1,25,50,0.5,false
777,13:51:11.467,target,pistol,0s,1,1,1,25,50,0.5,false
778,13:51:12.236,target,pistol,0s,1,1,1,25,50,0.5,false
779,13:51:13.245,target,pistol,0s,1,1,1,25,50,0.5,false
780,13:51:13.991,target,pistol,0.001s,1,1,1,25,50,0.5,false
781,13:51:14.639,target,pistol,0s,1,1,1,25,50,0.5,false
782,13:51:15.210,target,pistol,0.001s,1,1,1,25,50,0.5,false
783,13:51:15.949,target,pistol,0s,1,1,1,25,50,0.5,false
784,13:51:16.654,target,pistol,0.001s,1,1,1,25,50,0.5,false
785,13:51:17.325,target,pistol,0.001s,1,1,1,25,50,0.5,false
786,13:51:18.147,target,pistol,0s,1,1,1,25,50,0.5,false
787,13:51:18.738,target,pistol,0.001s,1,1,1,25,50,0.5,false
788,13:51:20.045,target,pistol,0.534s,3,1,0.333,25,150,0.167,false
789,13:51:20.481,target,pistol,0s,1,1,1,25,50,0.5,false
790,13:51:21.326,target,pistol,0s,1,1,1,25,50,0.5,false
791,13:51:21.923,target,pistol,0s,1,1,1,25,50,0.5,false
792,13:51:22.532,target,pistol,0s,1,1,1,25,50,0.5,false
793,13:51:23.109,target,pistol,0s,1,1,1,25,50,0.5,false
794,13:51:23.765,target,pistol,0s,1,1,1,25,50,0.5,false
795,13:51:24.299,target,pistol,0s,1,1,1,25,50,0.5,false
796,13:51:25.008,target,pistol,0s,1,1,1,25,50,0.5,false
797,13:51:25.666,target,pistol,0s,1,1,1,25,50,0.5,false
798,13:51:26.370,target,pistol,0s,1,1,1,25,50,0.5,false
799,13:51:27.058,target,pistol,0s,1,1,1,25,50,0.5,false
800,13:51:27.661,target,pistol,0s,1,1,1,25,50,0.5,false
801,13:51:28.249,target,pistol,0s,1,1,1,25,50,0.5,false
802,13:51:28.929,target,pistol,0s,1,1,1,25,50,0.5,false
803,13:51:29.460,target,pistol,0s,1,1,1,25,50,0.5,false
804,13:51:30.143,target,pistol,0s,1,1,1,25,50,0.5,false
805,13:51:30.975,target,pistol,0s,1,1,1,25,50,0.5,false
806,13:51:31.565,target,pistol,0s,1,1,1,25,50,0.5,false
807,13:51:32.115,target,pistol,0s,1,1,1,25,50,0.5,false
808,13:51:32.544,target,pistol,0s,1,1,1,25,50,0.5,false
809,13:51:33.033,target,pistol,0s,1,1,1,25,50,0.5,false

Weapon,Shots,Hits,Damage Done,Damage Possible,,Sens Scale,Horiz Sens,Vert Sens,FOV,Hide Gun,Crosshair,Crosshair Scale,Crosshair Color,ADS Sens,ADS Zoom Scale
pistol,907,809,20225.0,45350.0,,,,,,false,plus.png,1.0,FFFF00,,,

Kills:,809
Deaths:,0
Fight Time:,39.901001
Avg TTK:,0
Damage Done:,20225.0
Damage Taken:,0.0
Midairs:,0
Midaired:,0
Directs:,0
Directed:,0
Reloads:,0
Distance Traveled:,0.0
Score:,7215.887695
Scenario:,1wall 6targets small - 10 Minutes
Hash:,5539d832a59081329735eea68cfb4274
Game Version:,2.0.5.3
Challenge Start:,13:41:33.597
Pause Count:,2
Pause Duration:,5

Input Lag:,0
Max FPS (config):,999.0
Sens Scale:,Call of Duty
Horiz Sens:,7.5
Vert Sens:,7.5
FOV:,100.0
Hide Gun:,false
Crosshair:,plus.png
Crosshair Scale:,1.0
Crosshair Color:,FFFF00
Resolution,1920x1080
Avg FPS,324.475647
Resolution Scale,100.0
