Kill #,Timestamp,Bot,Weapon,TTK,Shots,Hits,Accuracy,Damage Done,Damage Possible,Efficiency,Cheated
1,18:57:29.128,target,pistol,0s,1,1,1,25,50,0.5,false
2,18:57:29.685,target,pistol,0s,1,1,1,25,50,0.5,false
3,18:57:30.490,target,pistol,0s,1,1,1,25,50,0.5,false
4,18:57:31.592,target,pistol,0.255s,2,1,0.5,25,100,0.25,false
5,18:57:32.200,target,pistol,0s,1,1,1,25,50,0.5,false
6,18:57:32.884,target,pistol,0s,1,1,1,25,50,0.5,false
7,18:57:33.439,target,pistol,0s,1,1,1,25,50,0.5,false
8,18:57:34.229,target,pistol,0s,1,1,1,25,50,0.5,false
9,18:57:34.855,target,pistol,0s,1,1,1,25,50,0.5,false
10,18:57:35.549,target,pistol,0s,1,1,1,25,50,0.5,false
11,18:57:36.353,target,pistol,0s,1,1,1,25,50,0.5,false
12,18:57:37.111,target,pistol,0s,1,1,1,25,50,0.5,false
13,18:57:37.833,target,pistol,0s,1,1,1,25,50,0.5,false
14,18:57:38.353,target,pistol,0s,1,1,1,25,50,0.5,false
15,18:57:38.972,target,pistol,0s,1,1,1,25,50,0.5,false
16,18:57:39.446,target,pistol,0s,1,1,1,25,50,0.5,false
17,18:57:40.309,target,pistol,0s,1,1,1,25,50,0.5,false
18,18:57:40.837,target,pistol,0s,1,1,1,25,50,0.5,false
19,18:57:41.542,target,pistol,0.001s,1,1,1,25,50,0.5,false
20,18:57:42.431,target,pistol,0s,1,1,1,25,50,0.5,false
21,18:57:43.156,target,pistol,0s,1,1,1,25,50,0.5,false
22,18:57:43.767,target,pistol,0s,1,1,1,25,50,0.5,false
23,18:57:45.294,target,pistol,0.534s,2,1,0.5,25,100,0.25,false
24,18:57:45.940,target,pistol,0s,1,1,1,25,50,0.5,false
25,18:57:46.646,target,pistol,0s,1,1,1,25,50,0.5,false
26,18:57:53.156,target,pistol,0.293s,2,1,0.5,25,100,0.25,false
27,18:57:53.743,target,pistol,0s,1,1,1,25,50,0.5,false
28,18:57:54.581,target,pistol,0.204s,2,1,0.5,25,100,0.25,false
29,18:57:55.256,target,pistol,0s,1,1,1,25,50,0.5,false
30,18:57:56.156,target,pistol,0s,1,1,1,25,50,0.5,false
31,18:57:56.721,target,pistol,0s,1,1,1,25,50,0.5,false
32,18:57:57.362,target,pistol,0s,1,1,1,25,50,0.5,false
33,18:57:58.192,target,pistol,0s,1,1,1,25,50,0.5,false
34,18:57:59.710,target,pistol,0.765s,2,1,0.5,25,100,0.25,false
35,18:58:00.461,target,pistol,0s,1,1,1,25,50,0.5,false
36,18:58:01.280,target,pistol,0s,1,1,1,25,50,0.5,false
37,18:58:01.949,target,pistol,0s,1,1,1,25,50,0.5,false
38,18:58:02.649,target,pistol,0s,1,1,1,25,50,0.5,false
39,18:58:03.655,target,pistol,0s,1,1,1,25,50,0.5,false
40,18:58:04.359,target,pistol,0s,1,1,1,25,50,0.5,false
41,18:58:05.258,target,pistol,0s,1,1,1,25,50,0.5,false
42,18:58:05.917,target,pistol,0s,1,1,1,25,50,0.5,false
43,18:58:06.621,target,pistol,0.001s,1,1,1,25,50,0.5,false
44,18:58:07.493,target,pistol,0s,1,1,1,25,50,0.5,false
45,18:58:08.179,target,pistol,0s,1,1,1,25,50,0.5,false
46,18:58:08.797,target,pistol,0s,1,1,1,25,50,0.5,false
47,18:58:09.491,target,pistol,0s,1,1,1,25,50,0.5,false
48,18:58:10.104,target,pistol,0s,1,1,1,25,50,0.5,false
49,18:58:10.748,target,pistol,0s,1,1,1,25,50,0.5,false
50,18:58:11.503,target,pistol,0s,1,1,1,25,50,0.5,false
51,18:58:12.072,target,pistol,0s,1,1,1,25,50,0.5,false
52,18:58:12.848,target,pistol,0s,1,1,1,25,50,0.5,false
53,18:58:13.849,target,pistol,0s,1,1,1,25,50,0.5,false
54,18:58:14.880,target,pistol,0s,1,1,1,25,50,0.5,false
55,18:58:15.487,target,pistol,0s,1,1,1,25,50,0.5,false
56,18:58:16.054,target,pistol,0s,1,1,1,25,50,0.5,false
57,18:58:17.083,target,pistol,0s,1,1,1,25,50,0.5,false
58,18:58:17.663,target,pistol,0s,1,1,1,25,50,0.5,false
59,18:58:18.705,target,pistol,0s,1,1,1,25,50,0.5,false
60,18:58:19.278,target,pistol,0s,1,1,1,25,50,0.5,false
61,18:58:20.009,target,pistol,0s,1,1,1,25,50,0.5,false
62,18:58:20.641,target,pistol,0s,1,1,1,25,50,0.5,false
63,18:58:21.297,target,pistol,0s,1,1,1,25,50,0.5,false
64,18:58:22.237,target,pistol,0s,1,1,1,25,50,0.5,false
65,18:58:23.011,target,pistol,0s,1,1,1,25,50,0.5,false
66,18:58:23.779,target,pistol,0s,1,1,1,25,50,0.5,false
67,18:58:24.657,target,pistol,0s,1,1,1,25,50,0.5,false
68,18:58:25.303,target,pistol,0s,1,1,1,25,50,0.5,false
69,18:58:26.042,target,pistol,0s,1,1,1,25,50,0.5,false
70,18:58:26.602,target,pistol,0s,1,1,1,25,50,0.5,false
71,18:58:27.367,target,pistol,0.001s,1,1,1,25,50,0.5,false
72,18:58:28.196,target,pistol,0s,1,1,1,25,50,0.5,false
73,18:58:28.690,target,pistol,0s,1,1,1,25,50,0.5,false
74,18:58:29.429,target,pistol,0s,1,1,1,25,50,0.5,false
75,18:58:29.958,target,pistol,0s,1,1,1,25,50,0.5,false
76,18:58:30.518,target,pistol,0s,1,1,1,25,50,0.5,false
77,18:58:31.198,target,pistol,0s,1,1,1,25,50,0.5,false
78,18:58:31.976,target,pistol,0s,1,1,1,25,50,0.5,false
79,18:58:32.687,target,pistol,0s,1,1,1,25,50,0.5,false
80,18:58:33.832,target,pistol,0s,1,1,1,25,50,0.5,false
81,18:58:34.441,target,pistol,0s,1,1,1,25,50,0.5,false
82,18:58:35.335,target,pistol,0s,1,1,1,25,50,0.5,false
83,18:58:35.988,target,pistol,0s,1,1,1,25,50,0.5,false
84,18:58:36.531,target,pistol,0s,1,1,1,25,50,0.5,false
85,18:58:37.325,target,pistol,0.267s,2,1,0.5,25,100,0.25,false
86,18:58:37.826,target,pistol,0.001s,1,1,1,25,50,0.5,false
87,18:58:38.607,target,pistol,0s,1,1,1,25,50,0.5,false
88,18:58:39.224,target,pistol,0.001s,1,1,1,25,50,0.5,false
89,18:58:40.310,target,pistol,0.281s,2,1,0.5,25,100,0.25,false
90,18:58:40.925,target,pistol,0.001s,1,1,1,25,50,0.5,false
91,18:58:41.476,target,pistol,0s,1,1,1,25,50,0.5,false
92,18:58:42.270,target,pistol,0s,1,1,1,25,50,0.5,false
93,18:58:43.033,target,pistol,0s,1,1,1,25,50,0.5,false
94,18:58:43.783,target,pistol,0s,1,1,1,25,50,0.5,false
95,18:58:44.688,target,pistol,0s,1,1,1,25,50,0.5,false
96,18:58:45.273,target,pistol,0s,1,1,1,25,50,0.5,false
97,18:58:46.148,target,pistol,0s,1,1,1,25,50,0.5,false
98,18:58:48.043,target,pistol,0.958s,3,1,0.333,25,150,0.167,false
99,18:58:48.747,target,pistol,0s,1,1,1,25,50,0.5,false
100,18:58:49.289,target,pistol,0.001s,1,1,1,25,50,0.5,false
101,18:58:49.897,target,pistol,0s,1,1,1,25,50,0.5,false
102,18:58:50.665,target,pistol,0s,1,1,1,25,50,0.5,false
103,18:58:51.260,target,pistol,0s,1,1,1,25,50,0.5,false
104,18:58:51.871,target,pistol,0s,1,1,1,25,50,0.5,false
105,18:58:52.593,target,pistol,0s,1,1,1,25,50,0.5,false
106,18:58:53.265,target,pistol,0s,1,1,1,25,50,0.5,false
107,18:58:53.957,target,pistol,0.001s,1,1,1,25,50,0.5,false
108,18:58:54.570,target,pistol,0s,1,1,1,25,50,0.5,false
109,18:58:55.068,target,pistol,0s,1,1,1,25,50,0.5,false
110,18:58:55.641,target,pistol,0s,1,1,1,25,50,0.5,false
111,18:58:56.316,target,pistol,0s,1,1,1,25,50,0.5,false
112,18:58:57.024,target,pistol,0s,1,1,1,25,50,0.5,false
113,18:58:57.516,target,pistol,0s,1,1,1,25,50,0.5,false
114,18:58:58.191,target,pistol,0s,1,1,1,25,50,0.5,false
115,18:58:59.653,target,pistol,0.844s,2,1,0.5,25,100,0.25,false
116,18:59:00.407,target,pistol,0s,1,1,1,25,50,0.5,false
117,18:59:01.545,target,pistol,0s,1,1,1,25,50,0.5,false
118,18:59:02.079,target,pistol,0s,1,1,1,25,50,0.5,false
119,18:59:02.961,target,pistol,0.001s,1,1,1,25,50,0.5,false
120,18:59:03.652,target,pistol,0s,1,1,1,25,50,0.5,false
121,18:59:04.148,target,pistol,0s,1,1,1,25,50,0.5,false
122,18:59:04.746,target,pistol,0s,1,1,1,25,50,0.5,false
123,18:59:05.673,target,pistol,0s,1,1,1,25,50,0.5,false
124,18:59:06.421,target,pistol,0s,1,1,1,25,50,0.5,false
125,18:59:07.023,target,pistol,0s,1,1,1,25,50,0.5,false
126,18:59:07.856,target,pistol,0s,1,1,1,25,50,0.5,false
127,18:59:08.605,target,pistol,0s,1,1,1,25,50,0.5,false
128,18:59:09.527,target,pistol,0s,1,1,1,25,50,0.5,false
129,18:59:10.227,target,pistol,0.001s,1,1,1,25,50,0.5,false
130,18:59:11.045,target,pistol,0s,1,1,1,25,50,0.5,false
131,18:59:11.784,target,pistol,0s,1,1,1,25,50,0.5,false
132,18:59:12.360,target,pistol,0s,1,1,1,25,50,0.5,false
133,18:59:13.044,target,pistol,0s,1,1,1,25,50,0.5,false
134,18:59:13.565,target,pistol,0s,1,1,1,25,50,0.5,false
135,18:59:14.607,target,pistol,0.247s,2,1,0.5,25,100,0.25,false
136,18:59:15.283,target,pistol,0s,1,1,1,25,50,0.5,false
137,18:59:15.974,target,pistol,0s,1,1,1,25,50,0.5,false
138,18:59:16.592,target,pistol,0s,1,1,1,25,50,0.5,false
139,18:59:17.174,target,pistol,0s,1,1,1,25,50,0.5,false
140,18:59:17.949,target,pistol,0.001s,1,1,1,25,50,0.5,false
141,18:59:18.423,target,pistol,0.001s,1,1,1,25,50,0.5,false
142,18:59:19.091,target,pistol,0s,1,1,1,25,50,0.5,false
143,18:59:19.964,target,pistol,0s,1,1,1,25,50,0.5,false
144,18:59:20.883,target,pistol,0s,1,1,1,25,50,0.5,false
145,18:59:21.597,target,pistol,0s,1,1,1,25,50,0.5,false
146,18:59:22.141,target,pistol,0s,1,1,1,25,50,0.5,false
147,18:59:22.905,target,pistol,0s,1,1,1,25,50,0.5,false
148,18:59:23.407,target,pistol,0s,1,1,1,25,50,0.5,false
149,18:59:24.804,target,pistol,0.296s,2,1,0.5,25,100,0.25,false
150,18:59:25.449,target,pistol,0s,1,1,1,25,50,0.5,false
151,18:59:26.135,target,pistol,0s,1,1,1,25,50,0.5,false
152,18:59:27.015,target,pistol,0.294s,2,1,0.5,25,100,0.25,false
153,18:59:27.779,target,pistol,0s,1,1,1,25,50,0.5,false
154,18:59:28.434,target,pistol,0s,1,1,1,25,50,0.5,false
155,18:59:29.072,target,pistol,0s,1,1,1,25,50,0.5,false
156,18:59:29.574,target,pistol,0s,1,1,1,25,50,0.5,false
157,18:59:30.436,target,pistol,0s,1,1,1,25,50,0.5,false
158,18:59:31.173,target,pistol,0s,1,1,1,25,50,0.5,false
159,18:59:31.869,target,pistol,0s,1,1,1,25,50,0.5,false
160,18:59:42.733,target,pistol,0.683s,2,1,0.5,25,100,0.25,false
161,18:59:43.254,target,pistol,0s,1,1,1,25,50,0.5,false
162,18:59:44.216,target,pistol,0s,1,1,1,25,50,0.5,false
163,18:59:44.934,target,pistol,0s,1,1,1,25,50,0.5,false
164,18:59:45.628,target,pistol,0.001s,1,1,1,25,50,0.5,false
165,18:59:46.262,target,pistol,0s,1,1,1,25,50,0.5,false
166,18:59:46.880,target,pistol,0s,1,1,1,25,50,0.5,false
167,18:59:47.587,target,pistol,0s,1,1,1,25,50,0.5,false
168,18:59:48.466,target,pistol,0s,1,1,1,25,50,0.5,false
169,18:59:49.241,target,pistol,0s,1,1,1,25,50,0.5,false
170,18:59:50.034,target,pistol,0s,1,1,1,25,50,0.5,false
171,18:59:50.603,target,pistol,0s,1,1,1,25,50,0.5,false
172,18:59:51.484,target,pistol,0s,1,1,1,25,50,0.5,false
173,18:59:52.326,target,pistol,0.001s,1,1,1,25,50,0.5,false
174,18:59:52.853,target,pistol,0s,1,1,1,25,50,0.5,false
175,18:59:53.682,target,pistol,0s,1,1,1,25,50,0.5,false
176,18:59:55.154,target,pistol,0.902s,2,1,0.5,25,100,0.25,false
177,18:59:55.922,target,pistol,0.001s,1,1,1,25,50,0.5,false
178,18:59:56.687,target,pistol,0s,1,1,1,25,50,0.5,false
179,18:59:57.467,target,pistol,0s,1,1,1,25,50,0.5,false
180,18:59:58.164,target,pistol,0s,1,1,1,25,50,0.5,false
181,18:59:58.708,target,pistol,0s,1,1,1,25,50,0.5,false
182,18:59:59.152,target,pistol,0s,1,1,1,25,50,0.5,false
183,18:59:59.659,target,pistol,0s,1,1,1,25,50,0.5,false
184,19:00:00.639,target,pistol,0s,1,1,1,25,50,0.5,false
185,19:00:01.258,target,pistol,0s,1,1,1,25,50,0.5,false
186,19:00:01.990,target,pistol,0s,1,1,1,25,50,0.5,false
187,19:00:02.969,target,pistol,0.215s,2,1,0.5,25,100,0.25,false
188,19:00:03.936,target,pistol,0.548s,2,1,0.5,25,100,0.25,false
189,19:00:04.602,target,pistol,0s,1,1,1,25,50,0.5,false
190,19:00:05.524,target,pistol,0s,1,1,1,25,50,0.5,false
191,19:00:06.242,target,pistol,0s,1,1,1,25,50,0.5,false
192,19:00:07.272,target,pistol,0.376s,2,1,0.5,25,100,0.25,false
193,19:00:08.379,target,pistol,0s,1,1,1,25,50,0.5,false
194,19:00:09.388,target,pistol,0.518s,2,1,0.5,25,100,0.25,false
195,19:00:10.169,target,pistol,0s,1,1,1,25,50,0.5,false
196,19:00:10.895,target,pistol,0s,1,1,1,25,50,0.5,false
197,19:00:11.770,target,pistol,0s,1,1,1,25,50,0.5,false
198,19:00:12.425,target,pistol,0s,1,1,1,25,50,0.5,false
199,19:00:13.119,target,pistol,0s,1,1,1,25,50,0.5,false
200,19:00:13.782,target,pistol,0s,1,1,1,25,50,0.5,false
201,19:00:14.610,target,pistol,0s,1,1,1,25,50,0.5,false
202,19:00:15.336,target,pistol,0s,1,1,1,25,50,0.5,false
203,19:00:45.036,target,pistol,0s,1,1,1,25,50,0.5,false
204,19:00:46.216,target,pistol,0.571s,2,1,0.5,25,100,0.25,false
205,19:00:47.037,target,pistol,0.229s,2,1,0.5,25,100,0.25,false
206,19:00:47.690,target,pistol,0.001s,1,1,1,25,50,0.5,false
207,19:00:48.418,target,pistol,0.001s,1,1,1,25,50,0.5,false
208,19:00:48.941,target,pistol,0s,1,1,1,25,50,0.5,false
209,19:00:49.529,target,pistol,0s,1,1,1,25,50,0.5,false
210,19:00:50.115,target,pistol,0s,1,1,1,25,50,0.5,false
211,19:00:50.720,target,pistol,0s,1,1,1,25,50,0.5,false
212,19:00:51.335,target,pistol,0s,1,1,1,25,50,0.5,false
213,19:00:52.164,target,pistol,0s,1,1,1,25,50,0.5,false
214,19:00:52.866,target,pistol,0s,1,1,1,25,50,0.5,false
215,19:00:53.620,target,pistol,0s,1,1,1,25,50,0.5,false
216,19:00:54.522,target,pistol,0s,1,1,1,25,50,0.5,false
217,19:00:55.300,target,pistol,0s,1,1,1,25,50,0.5,false
218,19:00:56.024,target,pistol,0s,1,1,1,25,50,0.5,false
219,19:00:56.759,target,pistol,0s,1,1,1,25,50,0.5,false
220,19:00:57.379,target,pistol,0s,1,1,1,25,50,0.5,false
221,19:00:57.741,target,pistol,0s,1,1,1,25,50,0.5,false
222,19:00:58.521,target,pistol,0.001s,1,1,1,25,50,0.5,false
223,19:00:58.897,target,pistol,0s,1,1,1,25,50,0.5,false
224,19:00:59.471,target,pistol,0s,1,1,1,25,50,0.5,false
225,19:01:00.303,target,pistol,0.001s,1,1,1,25,50,0.5,false
226,19:01:01.071,target,pistol,0s,1,1,1,25,50,0.5,false
227,19:01:01.734,target,pistol,0s,1,1,1,25,50,0.5,false
228,19:01:02.330,target,pistol,0s,1,1,1,25,50,0.5,false
229,19:01:03.038,target,pistol,0s,1,1,1,25,50,0.5,false
230,19:01:03.698,target,pistol,0s,1,1,1,25,50,0.5,false
231,19:01:04.516,target,pistol,0.001s,1,1,1,25,50,0.5,false
232,19:01:05.210,target,pistol,0s,1,1,1,25,50,0.5,false
233,19:01:05.590,target,pistol,0.001s,1,1,1,25,50,0.5,false
234,19:01:06.502,target,pistol,0.239s,2,1,0.5,25,100,0.25,false
235,19:01:07.265,target,pistol,0s,1,1,1,25,50,0.5,false
236,19:01:07.921,target,pistol,0s,1,1,1,25,50,0.5,false
237,19:01:08.638,target,pistol,0s,1,1,1,25,50,0.5,false
238,19:01:09.333,target,pistol,0s,1,1,1,25,50,0.5,false
239,19:01:10.030,target,pistol,0s,1,1,1,25,50,0.5,false
240,19:01:10.594,target,pistol,0s,1,1,1,25,50,0.5,false
241,19:01:11.582,target,pistol,0s,1,1,1,25,50,0.5,false
242,19:01:12.323,target,pistol,0s,1,1,1,25,50,0.5,false
243,19:01:13.018,target,pistol,0s,1,1,1,25,50,0.5,false
244,19:01:13.545,target,pistol,0s,1,1,1,25,50,0.5,false
245,19:01:14.907,target,pistol,0.643s,2,1,0.5,25,100,0.25,false
246,19:01:16.006,target,pistol,0.001s,1,1,1,25,50,0.5,false
247,19:01:17.416,target,pistol,0s,1,1,1,25,50,0.5,false
248,19:01:18.181,target,pistol,0s,1,1,1,25,50,0.5,false
249,19:01:19.461,target,pistol,0s,1,1,1,25,50,0.5,false
250,19:01:20.285,target,pistol,0s,1,1,1,25,50,0.5,false
251,19:01:21.049,target,pistol,0s,1,1,1,25,50,0.5,false
252,19:01:21.555,target,pistol,0.001s,1,1,1,25,50,0.5,false
253,19:01:22.302,target,pistol,0s,1,1,1,25,50,0.5,false
254,19:01:23.119,target,pistol,0s,1,1,1,25,50,0.5,false
255,19:01:23.818,target,pistol,0.244s,2,1,0.5,25,100,0.25,false
256,19:01:24.846,target,pistol,0s,1,1,1,25,50,0.5,false
257,19:01:25.656,target,pistol,0s,1,1,1,25,50,0.5,false
258,19:01:26.298,target,pistol,0s,1,1,1,25,50,0.5,false
259,19:01:27.215,target,pistol,0s,1,1,1,25,50,0.5,false
260,19:01:27.985,target,pistol,0s,1,1,1,25,50,0.5,false
261,19:01:28.852,target,pistol,0s,1,1,1,25,50,0.5,false
262,19:01:29.927,target,pistol,0.359s,2,1,0.5,25,100,0.25,false
263,19:01:30.365,target,pistol,0s,1,1,1,25,50,0.5,false
264,19:01:31.266,target,pistol,0s,1,1,1,25,50,0.5,false
265,19:01:32.136,target,pistol,0s,1,1,1,25,50,0.5,false
266,19:01:33.096,target,pistol,0s,1,1,1,25,50,0.5,false
267,19:01:33.948,target,pistol,0s,1,1,1,25,50,0.5,false
268,19:01:34.801,target,pistol,0s,1,1,1,25,50,0.5,false
269,19:01:35.363,target,pistol,0s,1,1,1,25,50,0.5,false
270,19:01:36.234,target,pistol,0s,1,1,1,25,50,0.5,false
271,19:01:36.920,target,pistol,0s,1,1,1,25,50,0.5,false
272,19:01:37.665,target,pistol,0s,1,1,1,25,50,0.5,false
273,19:01:38.318,target,pistol,0s,1,1,1,25,50,0.5,false
274,19:01:39.171,target,pistol,0s,1,1,1,25,50,0.5,false
275,19:01:39.782,target,pistol,0s,1,1,1,25,50,0.5,false
276,19:01:40.458,target,pistol,0s,1,1,1,25,50,0.5,false
277,19:01:41.111,target,pistol,0s,1,1,1,25,50,0.5,false
278,19:01:42.178,target,pistol,0s,1,1,1,25,50,0.5,false
279,19:01:42.770,target,pistol,0s,1,1,1,25,50,0.5,false
280,19:01:43.361,target,pistol,0s,1,1,1,25,50,0.5,false
281,19:01:44.098,target,pistol,0.001s,1,1,1,25,50,0.5,false
282,19:01:44.880,target,pistol,0s,1,1,1,25,50,0.5,false
283,19:01:45.472,target,pistol,0s,1,1,1,25,50,0.5,false
284,19:01:46.222,target,pistol,0s,1,1,1,25,50,0.5,false
285,19:01:46.872,target,pistol,0s,1,1,1,25,50,0.5,false
286,19:01:47.642,target,pistol,0s,1,1,1,25,50,0.5,false
287,19:01:48.198,target,pistol,0s,1,1,1,25,50,0.5,false
288,19:01:48.988,target,pistol,0s,1,1,1,25,50,0.5,false
289,19:01:49.481,target,pistol,0s,1,1,1,25,50,0.5,false
290,19:01:50.113,target,pistol,0s,1,1,1,25,50,0.5,false
291,19:01:50.719,target,pistol,0s,1,1,1,25,50,0.5,false
292,19:01:51.119,target,pistol,0s,1,1,1,25,50,0.5,false
293,19:01:52.249,target,pistol,0s,1,1,1,25,50,0.5,false
294,19:01:52.949,target,pistol,0s,1,1,1,25,50,0.5,false
295,19:01:53.751,target,pistol,0s,1,1,1,25,50,0.5,false
296,19:01:54.586,target,pistol,0s,1,1,1,25,50,0.5,false
297,19:01:55.409,target,pistol,0s,1,1,1,25,50,0.5,false
298,19:01:56.320,target,pistol,0s,1,1,1,25,50,0.5,false
299,19:01:57.035,target,pistol,0s,1,1,1,25,50,0.5,false
300,19:01:57.650,target,pistol,0s,1,1,1,25,50,0.5,false
301,19:01:58.535,target,pistol,0s,1,1,1,25,50,0.5,false
302,19:01:59.203,target,pistol,0s,1,1,1,25,50,0.5,false
303,19:01:59.923,target,pistol,0s,1,1,1,25,50,0.5,false
304,19:02:00.552,target,pistol,0s,1,1,1,25,50,0.5,false
305,19:02:01.157,target,pistol,0s,1,1,1,25,50,0.5,false
306,19:02:02.560,target,pistol,0.413s,2,1,0.5,25,100,0.25,false
307,19:02:03.131,target,pistol,0s,1,1,1,25,50,0.5,false
308,19:02:03.820,target,pistol,0.001s,1,1,1,25,50,0.5,false
309,19:02:04.422,target,pistol,0s,1,1,1,25,50,0.5,false
310,19:02:05.032,target,pistol,0s,1,1,1,25,50,0.5,false
311,19:02:05.716,target,pistol,0s,1,1,1,25,50,0.5,false
312,19:02:06.279,target,pistol,0s,1,1,1,25,50,0.5,false
313,19:02:06.730,target,pistol,0s,1,1,1,25,50,0.5,false
314,19:02:07.610,target,pistol,0s,1,1,1,25,50,0.5,false
315,19:02:08.030,target,pistol,0s,1,1,1,25,50,0.5,false
316,19:02:09.207,target,pistol,0.461s,2,1,0.5,25,100,0.25,false
317,19:02:10.798,target,pistol,0.955s,2,1,0.5,25,100,0.25,false
318,19:02:12.515,target,pistol,0.875s,2,1,0.5,25,100,0.25,false
319,19:02:13.660,target,pistol,0.462s,2,1,0.5,25,100,0.25,false
320,19:02:14.213,target,pistol,0s,1,1,1,25,50,0.5,false
321,19:02:14.780,target,pistol,0s,1,1,1,25,50,0.5,false
322,19:02:15.837,target,pistol,0.193s,2,1,0.5,25,100,0.25,false
323,19:02:16.317,target,pistol,0s,1,1,1,25,50,0.5,false
324,19:02:16.952,target,pistol,0s,1,1,1,25,50,0.5,false
325,19:02:17.802,target,pistol,0s,1,1,1,25,50,0.5,false
326,19:02:18.316,target,pistol,0s,1,1,1,25,50,0.5,false
327,19:02:18.952,target,pistol,0.001s,1,1,1,25,50,0.5,false
328,19:02:19.702,target,pistol,0.001s,1,1,1,25,50,0.5,false
329,19:02:20.407,target,pistol,0s,1,1,1,25,50,0.5,false
330,19:02:21.190,target,pistol,0s,1,1,1,25,50,0.5,false
331,19:02:21.733,target,pistol,0s,1,1,1,25,50,0.5,false
332,19:02:22.224,target,pistol,0.001s,1,1,1,25,50,0.5,false
333,19:02:23.344,target,pistol,0.242s,2,1,0.5,25,100,0.25,false
334,19:02:24.321,target,pistol,0s,1,1,1,25,50,0.5,false
335,19:02:25.180,target,pistol,0s,1,1,1,25,50,0.5,false
336,19:02:25.716,target,pistol,0s,1,1,1,25,50,0.5,false
337,19:02:26.440,target,pistol,0s,1,1,1,25,50,0.5,false
338,19:02:26.952,target,pistol,0s,1,1,1,25,50,0.5,false
339,19:02:27.573,target,pistol,0s,1,1,1,25,50,0.5,false
340,19:02:28.247,target,pistol,0s,1,1,1,25,50,0.5,false
341,19:02:28.845,target,pistol,0s,1,1,1,25,50,0.5,false
342,19:02:29.417,target,pistol,0s,1,1,1,25,50,0.5,false
343,19:02:30.186,target,pistol,0s,1,1,1,25,50,0.5,false
344,19:02:30.961,target,pistol,0s,1,1,1,25,50,0.5,false
345,19:02:31.546,target,pistol,0s,1,1,1,25,50,0.5,false
346,19:02:32.177,target,pistol,0.001s,1,1,1,25,50,0.5,false
347,19:02:32.869,target,pistol,0s,1,1,1,25,50,0.5,false
348,19:02:33.626,target,pistol,0s,1,1,1,25,50,0.5,false
349,19:02:34.324,target,pistol,0s,1,1,1,25,50,0.5,false
350,19:02:35.269,target,pistol,0s,1,1,1,25,50,0.5,false
351,19:02:35.814,target,pistol,0s,1,1,1,25,50,0.5,false
352,19:02:36.677,target,pistol,0s,1,1,1,25,50,0.5,false
353,19:02:37.499,target,pistol,0s,1,1,1,25,50,0.5,false
354,19:02:38.046,target,pistol,0s,1,1,1,25,50,0.5,false
355,19:02:38.802,target,pistol,0.244s,2,1,0.5,25,100,0.25,false
356,19:02:39.527,target,pistol,0s,1,1,1,25,50,0.5,false
357,19:02:40.263,target,pistol,0.001s,1,1,1,25,50,0.5,false
358,19:02:40.780,target,pistol,0s,1,1,1,25,50,0.5,false
359,19:02:41.336,target,pistol,0s,1,1,1,25,50,0.5,false
360,19:02:41.961,target,pistol,0s,1,1,1,25,50,0.5,false
361,19:02:42.770,target,pistol,0s,1,1,1,25,50,0.5,false
362,19:02:43.380,target,pistol,0s,1,1,1,25,50,0.5,false
363,19:02:43.828,target,pistol,0s,1,1,1,25,50,0.5,false
364,19:02:44.981,target,pistol,0.58s,2,1,0.5,25,100,0.25,false
365,19:02:45.488,target,pistol,0s,1,1,1,25,50,0.5,false
366,19:02:46.049,target,pistol,0s,1,1,1,25,50,0.5,false
367,19:02:47.109,target,pistol,0s,1,1,1,25,50,0.5,false
368,19:02:48.272,target,pistol,0s,1,1,1,25,50,0.5,false
369,19:02:49.070,target,pistol,0s,1,1,1,25,50,0.5,false
370,19:02:49.779,target,pistol,0s,1,1,1,25,50,0.5,false
371,19:02:50.293,target,pistol,0s,1,1,1,25,50,0.5,false
372,19:02:51.011,target,pistol,0s,1,1,1,25,50,0.5,false
373,19:02:51.799,target,pistol,0.001s,1,1,1,25,50,0.5,false
374,19:02:52.368,target,pistol,0.001s,1,1,1,25,50,0.5,false
375,19:02:53.259,target,pistol,0s,1,1,1,25,50,0.5,false
376,19:02:53.931,target,pistol,0s,1,1,1,25,50,0.5,false
377,19:02:54.694,target,pistol,0s,1,1,1,25,50,0.5,false
378,19:03:08.767,target,pistol,0s,1,1,1,25,50,0.5,false
379,19:03:09.303,target,pistol,0s,1,1,1,25,50,0.5,false
380,19:03:09.804,target,pistol,0s,1,1,1,25,50,0.5,false
381,19:03:10.494,target,pistol,0s,1,1,1,25,50,0.5,false
382,19:03:11.164,target,pistol,0.001s,1,1,1,25,50,0.5,false
383,19:03:11.779,target,pistol,0s,1,1,1,25,50,0.5,false
384,19:03:12.656,target,pistol,0.001s,1,1,1,25,50,0.5,false
385,19:03:13.303,target,pistol,0s,1,1,1,25,50,0.5,false
386,19:03:13.968,target,pistol,0s,1,1,1,25,50,0.5,false
387,19:03:14.685,target,pistol,0s,1,1,1,25,50,0.5,false
388,19:03:15.178,target,pistol,0s,1,1,1,25,50,0.5,false
389,19:03:15.643,target,pistol,0s,1,1,1,25,50,0.5,false
390,19:03:16.153,target,pistol,0s,1,1,1,25,50,0.5,false
391,19:03:16.884,target,pistol,0s,1,1,1,25,50,0.5,false
392,19:03:17.602,target,pistol,0s,1,1,1,25,50,0.5,false
393,19:03:18.276,target,pistol,0.001s,1,1,1,25,50,0.5,false
394,19:03:19.040,target,pistol,0s,1,1,1,25,50,0.5,false
395,19:03:19.514,target,pistol,0s,1,1,1,25,50,0.5,false
396,19:03:20.236,target,pistol,0s,1,1,1,25,50,0.5,false
397,19:03:20.945,target,pistol,0s,1,1,1,25,50,0.5,false
398,19:03:21.726,target,pistol,0s,1,1,1,25,50,0.5,false
399,19:03:22.499,target,pistol,0s,1,1,1,25,50,0.5,false
400,19:03:23.065,target,pistol,0s,1,1,1,25,50,0.5,false
401,19:03:23.744,target,pistol,0s,1,1,1,25,50,0.5,false
402,19:03:24.528,target,pistol,0.001s,1,1,1,25,50,0.5,false
403,19:03:25.127,target,pistol,0s,1,1,1,25,50,0.5,false
404,19:03:25.876,target,pistol,0.218s,2,1,0.5,25,100,0.25,false
405,19:03:26.495,target,pistol,0s,1,1,1,25,50,0.5,false
406,19:03:27.310,target,pistol,0.001s,1,1,1,25,50,0.5,false
407,19:03:28.748,target,pistol,0.718s,3,1,0.333,25,150,0.167,false
408,19:03:29.242,target,pistol,0s,1,1,1,25,50,0.5,false
409,19:03:29.974,target,pistol,0s,1,1,1,25,50,0.5,false
410,19:03:30.502,target,pistol,0s,1,1,1,25,50,0.5,false
411,19:03:31.183,target,pistol,0s,1,1,1,25,50,0.5,false
412,19:03:31.892,target,pistol,0s,1,1,1,25,50,0.5,false
413,19:03:32.492,target,pistol,0s,1,1,1,25,50,0.5,false
414,19:03:33.077,target,pistol,0s,1,1,1,25,50,0.5,false
415,19:03:33.805,target,pistol,0s,1,1,1,25,50,0.5,false
416,19:03:34.961,target,pistol,0.543s,2,1,0.5,25,100,0.25,false
417,19:03:35.503,target,pistol,0s,1,1,1,25,50,0.5,false
418,19:03:36.250,target,pistol,0s,1,1,1,25,50,0.5,false
419,19:03:37.103,target,pistol,0s,1,1,1,25,50,0.5,false
420,19:03:37.673,target,pistol,0s,1,1,1,25,50,0.5,false
421,19:03:38.480,target,pistol,0s,1,1,1,25,50,0.5,false
422,19:03:39.023,target,pistol,0s,1,1,1,25,50,0.5,false
423,19:03:39.644,target,pistol,0.001s,1,1,1,25,50,0.5,false
424,19:03:40.376,target,pistol,0s,1,1,1,25,50,0.5,false
425,19:03:41.240,target,pistol,0s,1,1,1,25,50,0.5,false
426,19:03:41.842,target,pistol,0s,1,1,1,25,50,0.5,false
427,19:03:42.680,target,pistol,0.396s,2,1,0.5,25,100,0.25,false
428,19:03:43.445,target,pistol,0s,1,1,1,25,50,0.5,false
429,19:03:44.034,target,pistol,0s,1,1,1,25,50,0.5,false
430,19:03:44.752,target,pistol,0s,1,1,1,25,50,0.5,false
431,19:03:45.401,target,pistol,0s,1,1,1,25,50,0.5,false
432,19:03:45.932,target,pistol,0.001s,1,1,1,25,50,0.5,false
433,19:03:46.556,target,pistol,0s,1,1,1,25,50,0.5,false
434,19:03:47.152,target,pistol,0s,1,1,1,25,50,0.5,false
435,19:03:47.824,target,pistol,0s,1,1,1,25,50,0.5,false
436,19:03:48.543,target,pistol,0s,1,1,1,25,50,0.5,false
437,19:03:49.400,target,pistol,0s,1,1,1,25,50,0.5,false
438,19:03:49.976,target,pistol,0s,1,1,1,25,50,0.5,false
439,19:03:50.728,target,pistol,0s,1,1,1,25,50,0.5,false
440,19:03:52.870,target,pistol,1.309s,3,1,0.333,25,150,0.167,false
441,19:03:53.416,target,pistol,0s,1,1,1,25,50,0.5,false
442,19:03:54.180,target,pistol,0s,1,1,1,25,50,0.5,false
443,19:03:55.057,target,pistol,0s,1,1,1,25,50,0.5,false
444,19:03:56.273,target,pistol,0.335s,2,1,0.5,25,100,0.25,false
445,19:03:57.084,target,pistol,0s,1,1,1,25,50,0.5,false
446,19:03:57.692,target,pistol,0s,1,1,1,25,50,0.5,false
447,19:03:58.413,target,pistol,0s,1,1,1,25,50,0.5,false
448,19:03:59.018,target,pistol,0.001s,1,1,1,25,50,0.5,false
449,19:03:59.630,target,pistol,0s,1,1,1,25,50,0.5,false
450,19:04:00.208,target,pistol,0s,1,1,1,25,50,0.5,false
451,19:04:00.630,target,pistol,0s,1,1,1,25,50,0.5,false
452,19:04:01.277,target,pistol,0s,1,1,1,25,50,0.5,false
453,19:04:01.854,target,pistol,0s,1,1,1,25,50,0.5,false
454,19:04:03.193,target,pistol,0.595s,2,1,0.5,25,100,0.25,false
455,19:04:03.678,target,pistol,0s,1,1,1,25,50,0.5,false
456,19:04:04.183,target,pistol,0.001s,1,1,1,25,50,0.5,false
457,19:04:04.756,target,pistol,0s,1,1,1,25,50,0.5,false
458,19:04:05.415,target,pistol,0s,1,1,1,25,50,0.5,false
459,19:04:06.226,target,pistol,0s,1,1,1,25,50,0.5,false
460,19:04:06.813,target,pistol,0s,1,1,1,25,50,0.5,false
461,19:04:07.755,target,pistol,0.268s,2,1,0.5,25,100,0.25,false
462,19:04:08.392,target,pistol,0s,1,1,1,25,50,0.5,false
463,19:04:09.212,target,pistol,0s,1,1,1,25,50,0.5,false
464,19:04:09.854,target,pistol,0s,1,1,1,25,50,0.5,false
465,19:04:10.780,target,pistol,0s,1,1,1,25,50,0.5,false
466,19:04:11.706,target,pistol,0.261s,2,1,0.5,25,100,0.25,false
467,19:04:12.356,target,pistol,0s,1,1,1,25,50,0.5,false
468,19:04:13.447,target,pistol,0.325s,2,1,0.5,25,100,0.25,false
469,19:04:13.933,target,pistol,0s,1,1,1,25,50,0.5,false
470,19:04:14.676,target,pistol,0s,1,1,1,25,50,0.5,false
471,19:04:15.304,target,pistol,0s,1,1,1,25,50,0.5,false
472,19:04:15.942,target,pistol,0s,1,1,1,25,50,0.5,false
473,19:04:17.036,target,pistol,0.377s,2,1,0.5,25,100,0.25,false
474,19:04:17.637,target,pistol,0s,1,1,1,25,50,0.5,false
475,19:04:18.335,target,pistol,0s,1,1,1,25,50,0.5,false
476,19:04:19.068,target,pistol,0s,1,1,1,25,50,0.5,false
477,19:04:19.709,target,pistol,0s,1,1,1,25,50,0.5,false
478,19:04:20.308,target,pistol,0.001s,1,1,1,25,50,0.5,false
479,19:04:21.089,target,pistol,0s,1,1,1,25,50,0.5,false
480,19:04:21.595,target,pistol,0s,1,1,1,25,50,0.5,false
481,19:04:22.502,target,pistol,0.244s,2,1,0.5,25,100,0.25,false
482,19:04:23.234,target,pistol,0s,1,1,1,25,50,0.5,false
483,19:04:23.713,target,pistol,0s,1,1,1,25,50,0.5,false
484,19:04:24.423,target,pistol,0s,1,1,1,25,50,0.5,false
485,19:04:25.189,target,pistol,0s,1,1,1,25,50,0.5,false
486,19:04:25.998,target,pistol,0s,1,1,1,25,50,0.5,false
487,19:04:26.736,target,pistol,0s,1,1,1,25,50,0.5,false
488,19:04:27.500,target,pistol,0s,1,1,1,25,50,0.5,false
489,19:04:28.033,target,pistol,0s,1,1,1,25,50,0.5,false
490,19:04:28.950,target,pistol,0s,1,1,1,25,50,0.5,false
491,19:04:29.478,target,pistol,0s,1,1,1,25,50,0.5,false
492,19:04:30.102,target,pistol,0s,1,1,1,25,50,0.5,false
493,19:04:30.887,target,pistol,0s,1,1,1,25,50,0.5,false
494,19:04:31.737,target,pistol,0s,1,1,1,25,50,0.5,false
495,19:04:32.593,target,pistol,0s,1,1,1,25,50,0.5,false
496,19:04:33.237,target,pistol,0s,1,1,1,25,50,0.5,false
497,19:04:33.864,target,pistol,0s,1,1,1,25,50,0.5,false
498,19:04:34.660,target,pistol,0s,1,1,1,25,50,0.5,false
499,19:04:35.280,target,pistol,0s,1,1,1,25,50,0.5,false
500,19:04:36.124,target,pistol,0s,1,1,1,25,50,0.5,false
501,19:04:36.894,target,pistol,0s,1,1,1,25,50,0.5,false
502,19:04:37.677,target,pistol,0s,1,1,1,25,50,0.5,false
503,19:04:38.271,target,pistol,0s,1,1,1,25,50,0.5,false
504,19:04:38.906,target,pistol,0s,1,1,1,25,50,0.5,false
505,19:04:39.720,target,pistol,0s,1,1,1,25,50,0.5,false
506,19:04:40.283,target,pistol,0s,1,1,1,25,50,0.5,false
507,19:04:41.335,target,pistol,0s,1,1,1,25,50,0.5,false
508,19:04:42.258,target,pistol,0.001s,1,1,1,25,50,0.5,false
509,19:04:42.986,target,pistol,0s,1,1,1,25,50,0.5,false
510,19:04:43.443,target,pistol,0s,1,1,1,25,50,0.5,false
511,19:04:44.208,target,pistol,0s,1,1,1,25,50,0.5,false
512,19:04:44.999,target,pistol,0s,1,1,1,25,50,0.5,false
513,19:04:45.848,target,pistol,0s,1,1,1,25,50,0.5,false
514,19:04:46.479,target,pistol,0s,1,1,1,25,50,0.5,false
515,19:04:47.113,target,pistol,0.001s,1,1,1,25,50,0.5,false
516,19:04:48.259,target,pistol,0.507s,2,1,0.5,25,100,0.25,false
517,19:04:48.911,target,pistol,0s,1,1,1,25,50,0.5,false
518,19:04:49.689,target,pistol,0s,1,1,1,25,50,0.5,false
519,19:04:50.349,target,pistol,0s,1,1,1,25,50,0.5,false
520,19:04:50.838,target,pistol,0s,1,1,1,25,50,0.5,false
521,19:04:51.462,target,pistol,0s,1,1,1,25,50,0.5,false
522,19:04:52.265,target,pistol,0s,1,1,1,25,50,0.5,false
523,19:04:52.929,target,pistol,0s,1,1,1,25,50,0.5,false
524,19:04:54.401,target,pistol,0.689s,2,1,0.5,25,100,0.25,false
525,19:04:55.284,target,pistol,0.267s,2,1,0.5,25,100,0.25,false
526,19:04:56.128,target,pistol,0.677s,2,1,0.5,25,100,0.25,false
527,19:04:56.707,target,pistol,0s,1,1,1,25,50,0.5,false
528,19:04:57.445,target,pistol,0s,1,1,1,25,50,0.5,false
529,19:04:58.113,target,pistol,0s,1,1,1,25,50,0.5,false
530,19:04:59.070,target,pistol,0s,1,1,1,25,50,0.5,false
531,19:04:59.724,target,pistol,0s,1,1,1,25,50,0.5,false
532,19:05:00.427,target,pistol,0s,1,1,1,25,50,0.5,false
533,19:05:01.067,target,pistol,0s,1,1,1,25,50,0.5,false
534,19:05:01.590,target,pistol,0s,1,1,1,25,50,0.5,false
535,19:05:02.253,target,pistol,0s,1,1,1,25,50,0.5,false
536,19:05:02.799,target,pistol,0s,1,1,1,25,50,0.5,false
537,19:05:03.527,target,pistol,0s,1,1,1,25,50,0.5,false
538,19:05:04.144,target,pistol,0s,1,1,1,25,50,0.5,false
539,19:05:04.759,target,pistol,0s,1,1,1,25,50,0.5,false
540,19:05:06.084,target,pistol,0.001s,1,1,1,25,50,0.5,false
541,19:05:06.652,target,pistol,0.001s,1,1,1,25,50,0.5,false
542,19:05:07.281,target,pistol,0s,1,1,1,25,50,0.5,false
543,19:05:07.859,target,pistol,0s,1,1,1,25,50,0.5,false
544,19:05:08.507,target,pistol,0.001s,1,1,1,25,50,0.5,false
545,19:05:09.279,target,pistol,0s,1,1,1,25,50,0.5,false
546,19:05:09.815,target,pistol,0s,1,1,1,25,50,0.5,false
547,19:05:10.996,target,pistol,0s,1,1,1,25,50,0.5,false
548,19:05:11.957,target,pistol,0s,1,1,1,25,50,0.5,false
549,19:05:13.341,target,pistol,0.445s,2,1,0.5,25,100,0.25,false
550,19:05:14.202,target,pistol,0s,1,1,1,25,50,0.5,false
551,19:05:14.852,target,pistol,0s,1,1,1,25,50,0.5,false
552,19:05:15.816,target,pistol,0.207s,2,1,0.5,25,100,0.25,false
553,19:05:16.574,target,pistol,0s,1,1,1,25,50,0.5,false
554,19:05:17.402,target,pistol,0s,1,1,1,25,50,0.5,false
555,19:05:18.084,target,pistol,0s,1,1,1,25,50,0.5,false
556,19:05:18.709,target,pistol,0s,1,1,1,25,50,0.5,false
557,19:05:19.374,target,pistol,0s,1,1,1,25,50,0.5,false
558,19:05:20.151,target,pistol,0s,1,1,1,25,50,0.5,false
559,19:05:20.793,target,pistol,0.001s,1,1,1,25,50,0.5,false
560,19:05:21.543,target,pistol,0s,1,1,1,25,50,0.5,false
561,19:05:22.375,target,pistol,0s,1,1,1,25,50,0.5,false
562,19:05:23.489,target,pistol,0.361s,2,1,0.5,25,100,0.25,false
563,19:05:24.281,target,pistol,0s,1,1,1,25,50,0.5,false
564,19:05:25.176,target,pistol,0s,1,1,1,25,50,0.5,false
565,19:05:25.682,target,pistol,0.001s,1,1,1,25,50,0.5,false
566,19:05:26.285,target,pistol,0s,1,1,1,25,50,0.5,false
567,19:05:27.063,target,pistol,0s,1,1,1,25,50,0.5,false
568,19:05:27.714,target,pistol,0s,1,1,1,25,50,0.5,false
569,19:05:28.327,target,pistol,0s,1,1,1,25,50,0.5,false
570,19:05:29.103,target,pistol,0s,1,1,1,25,50,0.5,false
571,19:05:30.074,target,pistol,0.289s,2,1,0.5,25,100,0.25,false
572,19:05:30.691,target,pistol,0s,1,1,1,25,50,0.5,false
573,19:05:31.272,target,pistol,0s,1,1,1,25,50,0.5,false
574,19:05:32.141,target,pistol,0.001s,1,1,1,25,50,0.5,false
575,19:05:32.649,target,pistol,0s,1,1,1,25,50,0.5,false
576,19:05:33.421,target,pistol,0s,1,1,1,25,50,0.5,false
577,19:05:34.347,target,pistol,0.219s,2,1,0.5,25,100,0.25,false
578,19:05:34.827,target,pistol,0s,1,1,1,25,50,0.5,false
579,19:05:35.579,target,pistol,0s,1,1,1,25,50,0.5,false
580,19:05:36.301,target,pistol,0s,1,1,1,25,50,0.5,false
581,19:05:37.116,target,pistol,0.001s,1,1,1,25,50,0.5,false
582,19:05:37.817,target,pistol,0s,1,1,1,25,50,0.5,false
583,19:05:38.875,target,pistol,0.236s,2,1,0.5,25,100,0.25,false
584,19:05:39.751,target,pistol,0s,1,1,1,25,50,0.5,false
585,19:05:40.404,target,pistol,0s,1,1,1,25,50,0.5,false
586,19:05:40.926,target,pistol,0s,1,1,1,25,50,0.5,false
587,19:05:41.504,target,pistol,0s,1,1,1,25,50,0.5,false
588,19:05:42.463,target,pistol,0s,1,1,1,25,50,0.5,false
589,19:05:43.387,target,pistol,0s,1,1,1,25,50,0.5,false
590,19:05:43.836,target,pistol,0s,1,1,1,25,50,0.5,false
591,19:05:44.843,target,pistol,0s,1,1,1,25,50,0.5,false
592,19:05:45.683,target,pistol,0s,1,1,1,25,50,0.5,false
593,19:05:46.799,target,pistol,0s,1,1,1,25,50,0.5,false
594,19:05:47.382,target,pistol,0s,1,1,1,25,50,0.5,false
595,19:05:47.833,target,pistol,0.001s,1,1,1,25,50,0.5,false
596,19:05:48.255,target,pistol,0s,1,1,1,25,50,0.5,false
597,19:05:48.883,target,pistol,0.001s,1,1,1,25,50,0.5,false
598,19:05:49.757,target,pistol,0s,1,1,1,25,50,0.5,false
599,19:05:50.728,target,pistol,0s,1,1,1,25,50,0.5,false
600,19:05:51.212,target,pistol,0s,1,1,1,25,50,0.5,false
601,19:05:51.990,target,pistol,0s,1,1,1,25,50,0.5,false
602,19:05:52.640,target,pistol,0s,1,1,1,25,50,0.5,false
603,19:05:53.331,target,pistol,0s,1,1,1,25,50,0.5,false
604,19:05:53.843,target,pistol,0s,1,1,1,25,50,0.5,false
605,19:05:54.509,target,pistol,0s,1,1,1,25,50,0.5,false
606,19:05:55.011,target,pistol,0s,1,1,1,25,50,0.5,false
607,19:05:55.756,target,pistol,0s,1,1,1,25,50,0.5,false
608,19:05:56.344,target,pistol,0s,1,1,1,25,50,0.5,false
609,19:05:57.365,target,pistol,0s,1,1,1,25,50,0.5,false
610,19:05:58.103,target,pistol,0s,1,1,1,25,50,0.5,false
611,19:05:58.804,target,pistol,0s,1,1,1,25,50,0.5,false
612,19:05:59.520,target,pistol,0s,1,1,1,25,50,0.5,false
613,19:06:00.257,target,pistol,0s,1,1,1,25,50,0.5,false
614,19:06:01.026,target,pistol,0s,1,1,1,25,50,0.5,false
615,19:06:01.679,target,pistol,0s,1,1,1,25,50,0.5,false
616,19:06:03.426,target,pistol,1.168s,3,1,0.333,25,150,0.167,false
617,19:06:03.999,target,pistol,0s,1,1,1,25,50,0.5,false
618,19:06:04.607,target,pistol,0s,1,1,1,25,50,0.5,false
619,19:06:05.099,target,pistol,0s,1,1,1,25,50,0.5,false
620,19:06:05.746,target,pistol,0s,1,1,1,25,50,0.5,false
621,19:06:06.443,target,pistol,0s,1,1,1,25,50,0.5,false
622,19:06:07.114,target,pistol,0s,1,1,1,25,50,0.5,false
623,19:06:07.681,target,pistol,0s,1,1,1,25,50,0.5,false
624,19:06:08.344,target,pistol,0s,1,1,1,25,50,0.5,false
625,19:06:08.869,target,pistol,0.001s,1,1,1,25,50,0.5,false
626,19:06:09.590,target,pistol,0.001s,1,1,1,25,50,0.5,false
627,19:06:10.523,target,pistol,0s,1,1,1,25,50,0.5,false
628,19:06:11.466,target,pistol,0.158s,2,1,0.5,25,100,0.25,false
629,19:06:12.252,target,pistol,0s,1,1,1,25,50,0.5,false
630,19:06:12.809,target,pistol,0.001s,1,1,1,25,50,0.5,false
631,19:06:14.219,target,pistol,0.617s,2,1,0.5,25,100,0.25,false
632,19:06:14.696,target,pistol,0.001s,1,1,1,25,50,0.5,false
633,19:06:15.260,target,pistol,0s,1,1,1,25,50,0.5,false
634,19:06:15.914,target,pistol,0s,1,1,1,25,50,0.5,false
635,19:06:16.488,target,pistol,0s,1,1,1,25,50,0.5,false
636,19:06:17.197,target,pistol,0s,1,1,1,25,50,0.5,false
637,19:06:17.891,target,pistol,0s,1,1,1,25,50,0.5,false
638,19:06:18.674,target,pistol,0s,1,1,1,25,50,0.5,false
639,19:06:19.525,target,pistol,0s,1,1,1,25,50,0.5,false
640,19:06:20.179,target,pistol,0s,1,1,1,25,50,0.5,false
641,19:06:21.052,target,pistol,0.311s,2,1,0.5,25,100,0.25,false
642,19:06:21.841,target,pistol,0s,1,1,1,25,50,0.5,false
643,19:06:22.535,target,pistol,0s,1,1,1,25,50,0.5,false
644,19:06:23.105,target,pistol,0s,1,1,1,25,50,0.5,false
645,19:06:24.215,target,pistol,0s,1,1,1,25,50,0.5,false
646,19:06:24.811,target,pistol,0s,1,1,1,25,50,0.5,false
647,19:06:25.760,target,pistol,0s,1,1,1,25,50,0.5,false
648,19:06:26.545,target,pistol,0s,1,1,1,25,50,0.5,false
649,19:06:27.439,target,pistol,0s,1,1,1,25,50,0.5,false
650,19:06:28.153,target,pistol,0s,1,1,1,25,50,0.5,false
651,19:06:29.380,target,pistol,0.565s,2,1,0.5,25,100,0.25,false
652,19:06:30.052,target,pistol,0s,1,1,1,25,50,0.5,false
653,19:06:30.982,target,pistol,0s,1,1,1,25,50,0.5,false
654,19:06:31.807,target,pistol,0s,1,1,1,25,50,0.5,false
655,19:06:32.411,target,pistol,0s,1,1,1,25,50,0.5,false
656,19:06:33.328,target,pistol,0s,1,1,1,25,50,0.5,false
657,19:06:33.853,target,pistol,0s,1,1,1,25,50,0.5,false
658,19:06:34.690,target,pistol,0s,1,1,1,25,50,0.5,false
659,19:06:35.337,target,pistol,0s,1,1,1,25,50,0.5,false
660,19:06:35.817,target,pistol,0s,1,1,1,25,50,0.5,false
661,19:06:37.623,target,pistol,0.674s,2,1,0.5,25,100,0.25,false
662,19:06:38.796,target,pistol,0s,1,1,1,25,50,0.5,false
663,19:06:39.320,target,pistol,0s,1,1,1,25,50,0.5,false
664,19:06:39.897,target,pistol,0s,1,1,1,25,50,0.5,false
665,19:06:40.780,target,pistol,0s,1,1,1,25,50,0.5,false
666,19:06:41.463,target,pistol,0s,1,1,1,25,50,0.5,false
667,19:06:42.070,target,pistol,0s,1,1,1,25,50,0.5,false
668,19:06:42.896,target,pistol,0.001s,1,1,1,25,50,0.5,false
669,19:06:43.740,target,pistol,0s,1,1,1,25,50,0.5,false
670,19:06:44.343,target,pistol,0s,1,1,1,25,50,0.5,false
671,19:06:45.205,target,pistol,0s,1,1,1,25,50,0.5,false
672,19:06:45.946,target,pistol,0s,1,1,1,25,50,0.5,false
673,19:06:46.601,target,pistol,0s,1,1,1,25,50,0.5,false
674,19:06:48.169,target,pistol,1.062s,3,1,0.333,25,150,0.167,false
675,19:06:48.933,target,pistol,0s,1,1,1,25,50,0.5,false
676,19:06:50.631,target,pistol,0.71s,2,1,0.5,25,100,0.25,false
677,19:06:51.144,target,pistol,0s,1,1,1,25,50,0.5,false
678,19:06:51.892,target,pistol,0s,1,1,1,25,50,0.5,false
679,19:06:52.614,target,pistol,0s,1,1,1,25,50,0.5,false
680,19:06:53.369,target,pistol,0s,1,1,1,25,50,0.5,false
681,19:06:54.073,target,pistol,0s,1,1,1,25,50,0.5,false
682,19:06:54.889,target,pistol,0s,1,1,1,25,50,0.5,false
683,19:06:55.518,target,pistol,0s,1,1,1,25,50,0.5,false
684,19:06:56.256,target,pistol,0s,1,1,1,25,50,0.5,false
685,19:06:56.836,target,pistol,0s,1,1,1,25,50,0.5,false
686,19:06:57.481,target,pistol,0s,1,1,1,25,50,0.5,false
687,19:06:58.172,target,pistol,0s,1,1,1,25,50,0.5,false
688,19:06:58.691,target,pistol,0s,1,1,1,25,50,0.5,false
689,19:06:59.373,target,pistol,0s,1,1,1,25,50,0.5,false
690,19:06:59.917,target,pistol,0s,1,1,1,25,50,0.5,false
691,19:07:00.420,target,pistol,0s,1,1,1,25,50,0.5,false
692,19:07:01.167,target,pistol,0s,1,1,1,25,50,0.5,false
693,19:07:01.941,target,pistol,0s,1,1,1,25,50,0.5,false
694,19:07:02.744,target,pistol,0s,1,1,1,25,50,0.5,false
695,19:07:03.520,target,pistol,0s,1,1,1,25,50,0.5,false
696,19:07:04.420,target,pistol,0.001s,1,1,1,25,50,0.5,false
697,19:07:05.068,target,pistol,0s,1,1,1,25,50,0.5,false
698,19:07:05.749,target,pistol,0s,1,1,1,25,50,0.5,false
699,19:07:07.465,target,pistol,0.938s,3,1,0.333,25,150,0.167,false
700,19:07:08.098,target,pistol,0s,1,1,1,25,50,0.5,false
701,19:07:08.749,target,pistol,0s,1,1,1,25,50,0.5,false
702,19:07:09.461,target,pistol,0s,1,1,1,25,50,0.5,false
703,19:07:09.850,target,pistol,0s,1,1,1,25,50,0.5,false
704,19:07:10.473,target,pistol,0s,1,1,1,25,50,0.5,false
705,19:07:11.271,target,pistol,0s,1,1,1,25,50,0.5,false
706,19:07:11.807,target,pistol,0s,1,1,1,25,50,0.5,false
707,19:07:12.635,target,pistol,0s,1,1,1,25,50,0.5,false
708,19:07:13.355,target,pistol,0s,1,1,1,25,50,0.5,false
709,19:07:13.896,target,pistol,0s,1,1,1,25,50,0.5,false
710,19:07:14.549,target,pistol,0s,1,1,1,25,50,0.5,false
711,19:07:15.484,target,pistol,0s,1,1,1,25,50,0.5,false
712,19:07:16.015,target,pistol,0s,1,1,1,25,50,0.5,false
713,19:07:16.547,target,pistol,0s,1,1,1,25,50,0.5,false
714,19:07:17.075,target,pistol,0s,1,1,1,25,50,0.5,false
715,19:07:17.868,target,pistol,0s,1,1,1,25,50,0.5,false
716,19:07:18.512,target,pistol,0s,1,1,1,25,50,0.5,false
717,19:07:19.195,target,pistol,0s,1,1,1,25,50,0.5,false
718,19:07:19.984,target,pistol,0s,1,1,1,25,50,0.5,false
719,19:07:20.627,target,pistol,0s,1,1,1,25,50,0.5,false
720,19:07:21.298,target,pistol,0s,1,1,1,25,50,0.5,false
721,19:07:21.809,target,pistol,0s,1,1,1,25,50,0.5,false
722,19:07:22.533,target,pistol,0s,1,1,1,25,50,0.5,false
723,19:07:23.661,target,pistol,0.558s,2,1,0.5,25,100,0.25,false
724,19:07:24.339,target,pistol,0s,1,1,1,25,50,0.5,false
725,19:07:25.230,target,pistol,0s,1,1,1,25,50,0.5,false
726,19:07:25.903,target,pistol,0s,1,1,1,25,50,0.5,false
727,19:07:26.558,target,pistol,0s,1,1,1,25,50,0.5,false
728,19:07:27.400,target,pistol,0s,1,1,1,25,50,0.5,false
729,19:07:28.150,target,pistol,0s,1,1,1,25,50,0.5,false
730,19:07:29.045,target,pistol,0s,1,1,1,25,50,0.5,false
731,19:07:30.145,target,pistol,0.31s,2,1,0.5,25,100,0.25,false
732,19:07:31.297,target,pistol,0.602s,2,1,0.5,25,100,0.25,false
733,19:07:32.763,target,pistol,0.5s,2,1,0.5,25,100,0.25,false
734,19:07:33.412,target,pistol,0s,1,1,1,25,50,0.5,false
735,19:07:34.216,target,pistol,0s,1,1,1,25,50,0.5,false
736,19:07:35.063,target,pistol,0s,1,1,1,25,50,0.5,false
737,19:07:35.548,target,pistol,0s,1,1,1,25,50,0.5,false
738,19:07:36.080,target,pistol,0s,1,1,1,25,50,0.5,false
739,19:07:36.818,target,pistol,0s,1,1,1,25,50,0.5,false
740,19:07:37.669,target,pistol,0s,1,1,1,25,50,0.5,false
741,19:07:38.369,target,pistol,0s,1,1,1,25,50,0.5,false
742,19:07:38.905,target,pistol,0s,1,1,1,25,50,0.5,false
743,19:07:39.516,target,pistol,0s,1,1,1,25,50,0.5,false
744,19:07:40.422,target,pistol,0s,1,1,1,25,50,0.5,false
745,19:07:41.278,target,pistol,0.001s,1,1,1,25,50,0.5,false
746,19:07:42.241,target,pistol,0s,1,1,1,25,50,0.5,false
747,19:07:43.398,target,pistol,0.567s,2,1,0.5,25,100,0.25,false
748,19:07:44.042,target,pistol,0s,1,1,1,25,50,0.5,false
749,19:07:44.667,target,pistol,0s,1,1,1,25,50,0.5,false
750,19:07:45.574,target,pistol,0s,1,1,1,25,50,0.5,false
751,19:07:46.561,target,pistol,0.321s,2,1,0.5,25,100,0.25,false
752,19:07:47.158,target,pistol,0.001s,1,1,1,25,50,0.5,false
753,19:07:48.382,target,pistol,0.732s,2,1,0.5,25,100,0.25,false
754,19:07:49.015,target,pistol,0s,1,1,1,25,50,0.5,false
755,19:07:49.772,target,pistol,0s,1,1,1,25,50,0.5,false
756,19:07:50.268,target,pistol,0s,1,1,1,25,50,0.5,false
757,19:07:50.876,target,pistol,0s,1,1,1,25,50,0.5,false
758,19:07:51.711,target,pistol,0s,1,1,1,25,50,0.5,false
759,19:07:52.393,target,pistol,0s,1,1,1,25,50,0.5,false
760,19:07:53.237,target,pistol,0s,1,1,1,25,50,0.5,false
761,19:07:54.044,target,pistol,0s,1,1,1,25,50,0.5,false
762,19:07:54.761,target,pistol,0.001s,1,1,1,25,50,0.5,false
763,19:07:55.463,target,pistol,0s,1,1,1,25,50,0.5,false
764,19:07:56.201,target,pistol,0s,1,1,1,25,50,0.5,false
765,19:07:57.026,target,pistol,0s,1,1,1,25,50,0.5,false
766,19:07:57.864,target,pistol,0s,1,1,1,25,50,0.5,false
767,19:07:58.699,target,pistol,0s,1,1,1,25,50,0.5,false
768,19:07:59.317,target,pistol,0.001s,1,1,1,25,50,0.5,false
769,19:07:59.994,target,pistol,0s,1,1,1,25,50,0.5,false
770,19:08:00.662,target,pistol,0s,1,1,1,25,50,0.5,false
771,19:08:01.254,target,pistol,0s,1,1,1,25,50,0.5,false
772,19:08:02.204,target,pistol,0s,1,1,1,25,50,0.5,false
773,19:08:02.734,target,pistol,0.001s,1,1,1,25,50,0.5,false
774,19:08:03.475,target,pistol,0s,1,1,1,25,50,0.5,false
775,19:08:04.109,target,pistol,0s,1,1,1,25,50,0.5,false
776,19:08:04.914,target,pistol,0s,1,1,1,25,50,0.5,false
777,19:08:05.468,target,pistol,0.001s,1,1,1,25,50,0.5,false
778,19:08:06.129,target,pistol,0s,1,1,1,25,50,0.5,false
779,19:08:06.906,target,pistol,0s,1,1,1,25,50,0.5,false
780,19:08:07.403,target,pistol,0s,1,1,1,25,50,0.5,false
781,19:08:07.993,target,pistol,0s,1,1,1,25,50,0.5,false
782,19:08:08.824,target,pistol,0s,1,1,1,25,50,0.5,false
783,19:08:09.634,target,pistol,0.001s,1,1,1,25,50,0.5,false
784,19:08:10.388,target,pistol,0s,1,1,1,25,50,0.5,false
785,19:08:11.109,target,pistol,0s,1,1,1,25,50,0.5,false
786,19:08:12.357,target,pistol,0.488s,2,1,0.5,25,100,0.25,false
787,19:08:13.038,target,pistol,0s,1,1,1,25,50,0.5,false
788,19:08:13.537,target,pistol,0s,1,1,1,25,50,0.5,false
789,19:08:14.310,target,pistol,0s,1,1,1,25,50,0.5,false
790,19:08:15.039,target,pistol,0s,1,1,1,25,50,0.5,false
791,19:08:15.692,target,pistol,0.001s,1,1,1,25,50,0.5,false
792,19:08:16.135,target,pistol,0s,1,1,1,25,50,0.5,false
793,19:08:16.955,target,pistol,0.001s,1,1,1,25,50,0.5,false
794,19:08:17.772,target,pistol,0s,1,1,1,25,50,0.5,false
795,19:08:18.432,target,pistol,0s,1,1,1,25,50,0.5,false
796,19:08:19.033,target,pistol,0s,1,1,1,25,50,0.5,false
797,19:08:19.653,target,pistol,0s,1,1,1,25,50,0.5,false
798,19:08:20.447,target,pistol,0s,1,1,1,25,50,0.5,false
799,19:08:21.078,target,pistol,0.001s,1,1,1,25,50,0.5,false

Weapon,Shots,Hits,Damage Done,Damage Possible,,Sens Scale,Horiz Sens,Vert Sens,FOV,Hide Gun,Crosshair,Crosshair Scale,Crosshair Color,ADS Sens,ADS Zoom Scale
pistol,877,799,19975.0,43850.0,,,,,,false,plus.png,1.0,FFFF00,,,

Kills:,799
Deaths:,0
Fight Time:,35.026001
Avg TTK:,0
Damage Done:,19975.0
Damage Taken:,0.0
Midairs:,0
Midaired:,0
Directs:,0
Directed:,0
Reloads:,0
Distance Traveled:,0.0
Score:,7279.373047
Scenario:,1wall 6targets small - 10 Minutes
Hash:,5539d832a59081329735eea68cfb4274
Game Version:,2.0.5.3
Challenge Start:,19:03:08.093
Pause Count:,19
Pause Duration:,1004

Input Lag:,0
Max FPS (config):,999.0
Sens Scale:,Call of Duty
Horiz Sens:,7.5
Vert Sens:,7.5
FOV:,100.0
Hide Gun:,false
Crosshair:,plus.png
Crosshair Scale:,1.0
Crosshair Color:,FFFF00
Resolution,1920x1080
Avg FPS,324.072388
Resolution Scale,100.0
