Kill #,Timestamp,Bot,Weapon,TTK,Shots,Hits,Accuracy,Damage Done,Damage Possible,Efficiency,Cheated
1,20:50:52.837,target,pistol,0s,1,1,1,100,400,0.25,false
2,20:50:53.497,target,pistol,0s,1,1,1,100,400,0.25,false
3,20:50:54.022,target,pistol,0s,1,1,1,100,400,0.25,false
4,20:50:54.592,target,pistol,0s,1,1,1,100,400,0.25,false
5,20:50:55.636,target,pistol,0.249s,2,1,0.5,100,800,0.125,false
6,20:50:56.830,target,pistol,0.21s,2,1,0.5,100,800,0.125,false
7,20:50:57.368,target,pistol,0s,1,1,1,100,400,0.25,false
8,20:50:58.140,target,pistol,0.22s,2,1,0.5,100,800,0.125,false
9,20:50:58.921,target,pistol,0s,1,1,1,100,400,0.25,false
10,20:50:59.880,target,pistol,0.001s,1,1,1,100,400,0.25,false
11,20:51:00.395,target,pistol,0s,1,1,1,100,400,0.25,false
12,20:51:00.857,target,pistol,0s,1,1,1,100,400,0.25,false
13,20:51:01.473,target,pistol,0s,1,1,1,100,400,0.25,false
14,20:51:02.106,target,pistol,0s,1,1,1,100,400,0.25,false
15,20:51:02.723,target,pistol,0.001s,1,1,1,100,400,0.25,false
16,20:51:03.212,target,pistol,0.001s,1,1,1,100,400,0.25,false
17,20:51:03.959,target,pistol,0s,1,1,1,100,400,0.25,false
18,20:51:04.683,target,pistol,0s,1,1,1,100,400,0.25,false
19,20:51:05.277,target,pistol,0s,1,1,1,100,400,0.25,false
20,20:51:05.859,target,pistol,0.001s,1,1,1,100,400,0.25,false
21,20:51:06.405,target,pistol,0s,1,1,1,100,400,0.25,false
22,20:51:07.969,target,pistol,0.669s,3,1,0.333,100,1200,0.083,false
23,20:51:08.629,target,pistol,0s,1,1,1,100,400,0.25,false
24,20:51:09.347,target,pistol,0.181s,2,1,0.5,100,800,0.125,false
25,20:51:10.176,target,pistol,0.357s,2,1,0.5,100,800,0.125,false
26,20:51:10.795,target,pistol,0s,1,1,1,100,400,0.25,false
27,20:51:11.502,target,pistol,0s,1,1,1,100,400,0.25,false
28,20:51:11.956,target,pistol,0s,1,1,1,100,400,0.25,false
29,20:51:12.705,target,pistol,0.228s,2,1,0.5,100,800,0.125,false
30,20:51:13.432,target,pistol,0s,1,1,1,100,400,0.25,false
31,20:51:14.250,target,pistol,0s,1,1,1,100,400,0.25,false
32,20:51:15.005,target,pistol,0s,1,1,1,100,400,0.25,false
33,20:51:15.515,target,pistol,0s,1,1,1,100,400,0.25,false
34,20:51:16.025,target,pistol,0.001s,1,1,1,100,400,0.25,false
35,20:51:16.448,target,pistol,0s,1,1,1,100,400,0.25,false
36,20:51:17.038,target,pistol,0s,1,1,1,100,400,0.25,false
37,20:51:17.942,target,pistol,0s,1,1,1,100,400,0.25,false
38,20:51:18.434,target,pistol,0s,1,1,1,100,400,0.25,false
39,20:51:18.826,target,pistol,0s,1,1,1,100,400,0.25,false
40,20:51:19.269,target,pistol,0s,1,1,1,100,400,0.25,false
41,20:51:20.061,target,pistol,0s,1,1,1,100,400,0.25,false
42,20:51:20.885,target,pistol,0.281s,2,1,0.5,100,800,0.125,false
43,20:51:21.294,target,pistol,0s,1,1,1,100,400,0.25,false
44,20:51:21.752,target,pistol,0s,1,1,1,100,400,0.25,false
45,20:51:22.283,target,pistol,0s,1,1,1,100,400,0.25,false
46,20:51:23.007,target,pistol,0s,1,1,1,100,400,0.25,false
47,20:51:23.385,target,pistol,0s,1,1,1,100,400,0.25,false
48,20:51:24.117,target,pistol,0s,1,1,1,100,400,0.25,false
49,20:51:24.612,target,pistol,0s,1,1,1,100,400,0.25,false
50,20:51:25.386,target,pistol,0s,1,1,1,100,400,0.25,false
51,20:51:25.990,target,pistol,0s,1,1,1,100,400,0.25,false
52,20:51:26.756,target,pistol,0.188s,2,1,0.5,100,800,0.125,false
53,20:51:27.237,target,pistol,0s,1,1,1,100,400,0.25,false
54,20:51:27.725,target,pistol,0s,1,1,1,100,400,0.25,false
55,20:51:28.572,target,pistol,0.001s,1,1,1,100,400,0.25,false
56,20:51:29.217,target,pistol,0.228s,2,1,0.5,100,800,0.125,false
57,20:51:29.640,target,pistol,0s,1,1,1,100,400,0.25,false
58,20:51:30.351,target,pistol,0s,1,1,1,100,400,0.25,false
59,20:51:30.797,target,pistol,0s,1,1,1,100,400,0.25,false
60,20:51:31.817,target,pistol,0.001s,1,1,1,100,400,0.25,false
61,20:51:32.567,target,pistol,0s,1,1,1,100,400,0.25,false
62,20:51:33.430,target,pistol,0.001s,1,1,1,100,400,0.25,false
63,20:51:34.272,target,pistol,0.001s,1,1,1,100,400,0.25,false
64,20:51:34.905,target,pistol,0s,1,1,1,100,400,0.25,false
65,20:51:35.418,target,pistol,0s,1,1,1,100,400,0.25,false
66,20:51:36.044,target,pistol,0s,1,1,1,100,400,0.25,false
67,20:51:37.361,target,pistol,0.251s,2,1,0.5,100,800,0.125,false
68,20:51:38.627,target,pistol,0s,1,1,1,100,400,0.25,false
69,20:51:39.246,target,pistol,0s,1,1,1,100,400,0.25,false
70,20:51:39.835,target,pistol,0s,1,1,1,100,400,0.25,false
71,20:51:40.425,target,pistol,0s,1,1,1,100,400,0.25,false
72,20:51:41.483,target,pistol,0.32s,2,1,0.5,100,800,0.125,false
73,20:51:42.508,target,pistol,0.274s,2,1,0.5,100,800,0.125,false
74,20:51:43.261,target,pistol,0s,1,1,1,100,400,0.25,false
75,20:51:44.286,target,pistol,0.265s,2,1,0.5,100,800,0.125,false
76,20:51:45.133,target,pistol,0.339s,2,1,0.5,100,800,0.125,false
77,20:51:45.810,target,pistol,0s,1,1,1,100,400,0.25,false
78,20:51:46.542,target,pistol,0.196s,2,1,0.5,100,800,0.125,false
79,20:51:47.371,target,pistol,0s,1,1,1,100,400,0.25,false
80,20:51:47.944,target,pistol,0s,1,1,1,100,400,0.25,false
81,20:51:48.392,target,pistol,0s,1,1,1,100,400,0.25,false
82,20:51:49.112,target,pistol,0.156s,2,1,0.5,100,800,0.125,false
83,20:51:50.010,target,pistol,0s,1,1,1,100,400,0.25,false
84,20:51:51.097,target,pistol,0.228s,2,1,0.5,100,800,0.125,false
85,20:51:52.108,target,pistol,0s,1,1,1,100,400,0.25,false
86,20:51:52.774,target,pistol,0s,1,1,1,100,400,0.25,false
87,20:51:53.294,target,pistol,0s,1,1,1,100,400,0.25,false
88,20:51:53.957,target,pistol,0s,1,1,1,100,400,0.25,false
89,20:51:54.699,target,pistol,0s,1,1,1,100,400,0.25,false
90,20:51:55.450,target,pistol,0.29s,2,1,0.5,100,800,0.125,false
91,20:51:56.277,target,pistol,0.32s,2,1,0.5,100,800,0.125,false
92,20:51:57.384,target,pistol,0s,1,1,1,100,400,0.25,false
93,20:51:57.859,target,pistol,0s,1,1,1,100,400,0.25,false
94,20:51:58.423,target,pistol,0s,1,1,1,100,400,0.25,false
95,20:51:59.113,target,pistol,0s,1,1,1,100,400,0.25,false
96,20:51:59.576,target,pistol,0s,1,1,1,100,400,0.25,false
97,20:52:00.132,target,pistol,0s,1,1,1,100,400,0.25,false
98,20:52:00.681,target,pistol,0s,1,1,1,100,400,0.25,false
99,20:52:01.410,target,pistol,0s,1,1,1,100,400,0.25,false
100,20:52:01.958,target,pistol,0s,1,1,1,100,400,0.25,false
101,20:52:02.871,target,pistol,0.001s,1,1,1,100,400,0.25,false
102,20:52:03.363,target,pistol,0s,1,1,1,100,400,0.25,false
103,20:52:03.849,target,pistol,0s,1,1,1,100,400,0.25,false
104,20:52:04.224,target,pistol,0s,1,1,1,100,400,0.25,false
105,20:52:04.840,target,pistol,0s,1,1,1,100,400,0.25,false
106,20:52:05.327,target,pistol,0s,1,1,1,100,400,0.25,false
107,20:52:06.018,target,pistol,0s,1,1,1,100,400,0.25,false
108,20:52:06.732,target,pistol,0s,1,1,1,100,400,0.25,false
109,20:52:07.495,target,pistol,0.216s,2,1,0.5,100,800,0.125,false
110,20:52:07.867,target,pistol,0s,1,1,1,100,400,0.25,false
111,20:52:08.379,target,pistol,0s,1,1,1,100,400,0.25,false
112,20:52:09.160,target,pistol,0s,1,1,1,100,400,0.25,false
113,20:52:09.925,target,pistol,0s,1,1,1,100,400,0.25,false
114,20:52:10.731,target,pistol,0s,1,1,1,100,400,0.25,false
115,20:52:11.365,target,pistol,0s,1,1,1,100,400,0.25,false
116,20:52:12.016,target,pistol,0s,1,1,1,100,400,0.25,false
117,20:52:12.550,target,pistol,0s,1,1,1,100,400,0.25,false
118,20:52:13.050,target,pistol,0s,1,1,1,100,400,0.25,false
119,20:52:13.519,target,pistol,0s,1,1,1,100,400,0.25,false
120,20:52:14.077,target,pistol,0s,1,1,1,100,400,0.25,false
121,20:52:14.570,target,pistol,0s,1,1,1,100,400,0.25,false
122,20:52:15.085,target,pistol,0.001s,1,1,1,100,400,0.25,false
123,20:52:16.043,target,pistol,0.208s,2,1,0.5,100,800,0.125,false
124,20:52:16.934,target,pistol,0.314s,2,1,0.5,100,800,0.125,false
125,20:52:17.399,target,pistol,0.001s,1,1,1,100,400,0.25,false
126,20:52:17.872,target,pistol,0s,1,1,1,100,400,0.25,false
127,20:52:18.421,target,pistol,0s,1,1,1,100,400,0.25,false
128,20:52:19.324,target,pistol,0s,1,1,1,100,400,0.25,false
129,20:52:20.086,target,pistol,0s,1,1,1,100,400,0.25,false
130,20:52:21.471,target,pistol,0.001s,1,1,1,100,400,0.25,false
131,20:52:22.262,target,pistol,0s,1,1,1,100,400,0.25,false
132,20:52:23.195,target,pistol,0.283s,2,1,0.5,100,800,0.125,false
133,20:52:23.814,target,pistol,0s,1,1,1,100,400,0.25,false
134,20:52:24.847,target,pistol,0s,1,1,1,100,400,0.25,false
135,20:52:26.031,target,pistol,0.172s,2,1,0.5,100,800,0.125,false
136,20:52:27.030,target,pistol,0s,1,1,1,100,400,0.25,false
137,20:52:27.792,target,pistol,0.251s,2,1,0.5,100,800,0.125,false
138,20:52:28.495,target,pistol,0s,1,1,1,100,400,0.25,false
139,20:52:29.631,target,pistol,0s,1,1,1,100,400,0.25,false
140,20:52:30.555,target,pistol,0.001s,1,1,1,100,400,0.25,false
141,20:52:31.313,target,pistol,0s,1,1,1,100,400,0.25,false
142,20:52:31.812,target,pistol,0s,1,1,1,100,400,0.25,false
143,20:52:32.216,target,pistol,0s,1,1,1,100,400,0.25,false
144,20:52:32.876,target,pistol,0s,1,1,1,100,400,0.25,false
145,20:52:33.596,target,pistol,0.171s,2,1,0.5,100,800,0.125,false
146,20:52:34.337,target,pistol,0s,1,1,1,100,400,0.25,false
147,20:52:34.972,target,pistol,0s,1,1,1,100,400,0.25,false
148,20:52:35.515,target,pistol,0s,1,1,1,100,400,0.25,false
149,20:52:36.220,target,pistol,0s,1,1,1,100,400,0.25,false
150,20:52:36.752,target,pistol,0s,1,1,1,100,400,0.25,false
151,20:52:37.652,target,pistol,0s,1,1,1,100,400,0.25,false
152,20:52:38.089,target,pistol,0.001s,1,1,1,100,400,0.25,false
153,20:52:38.972,target,pistol,0.448s,2,1,0.5,100,800,0.125,false
154,20:52:39.850,target,pistol,0.27s,2,1,0.5,100,800,0.125,false
155,20:52:40.396,target,pistol,0s,1,1,1,100,400,0.25,false
156,20:52:40.876,target,pistol,0s,1,1,1,100,400,0.25,false
157,20:52:41.333,target,pistol,0s,1,1,1,100,400,0.25,false
158,20:52:42.552,target,pistol,0.374s,2,1,0.5,100,800,0.125,false
159,20:52:43.263,target,pistol,0s,1,1,1,100,400,0.25,false
160,20:52:43.940,target,pistol,0s,1,1,1,100,400,0.25,false
161,20:52:44.626,target,pistol,0s,1,1,1,100,400,0.25,false
162,20:52:45.143,target,pistol,0s,1,1,1,100,400,0.25,false
163,20:52:45.637,target,pistol,0s,1,1,1,100,400,0.25,false
164,20:52:46.266,target,pistol,0s,1,1,1,100,400,0.25,false
165,20:52:46.859,target,pistol,0s,1,1,1,100,400,0.25,false
166,20:52:47.577,target,pistol,0s,1,1,1,100,400,0.25,false
167,20:52:48.033,target,pistol,0s,1,1,1,100,400,0.25,false
168,20:52:48.557,target,pistol,0s,1,1,1,100,400,0.25,false
169,20:52:49.014,target,pistol,0s,1,1,1,100,400,0.25,false
170,20:52:49.810,target,pistol,0s,1,1,1,100,400,0.25,false
171,20:52:50.374,target,pistol,0s,1,1,1,100,400,0.25,false
172,20:52:51.464,target,pistol,0s,1,1,1,100,400,0.25,false
173,20:52:51.971,target,pistol,0s,1,1,1,100,400,0.25,false
174,20:52:52.474,target,pistol,0s,1,1,1,100,400,0.25,false
175,20:52:52.867,target,pistol,0s,1,1,1,100,400,0.25,false
176,20:52:53.677,target,pistol,0s,1,1,1,100,400,0.25,false
177,20:52:54.143,target,pistol,0.001s,1,1,1,100,400,0.25,false
178,20:52:54.741,target,pistol,0s,1,1,1,100,400,0.25,false
179,20:52:55.376,target,pistol,0.001s,1,1,1,100,400,0.25,false
180,20:52:56.151,target,pistol,0s,1,1,1,100,400,0.25,false
181,20:52:56.822,target,pistol,0s,1,1,1,100,400,0.25,false
182,20:52:57.187,target,pistol,0s,1,1,1,100,400,0.25,false
183,20:52:57.696,target,pistol,0s,1,1,1,100,400,0.25,false
184,20:52:58.188,target,pistol,0s,1,1,1,100,400,0.25,false
185,20:52:58.902,target,pistol,0s,1,1,1,100,400,0.25,false
186,20:52:59.616,target,pistol,0s,1,1,1,100,400,0.25,false
187,20:53:00.172,target,pistol,0.001s,1,1,1,100,400,0.25,false
188,20:53:00.723,target,pistol,0s,1,1,1,100,400,0.25,false
189,20:53:01.256,target,pistol,0.001s,1,1,1,100,400,0.25,false
190,20:53:01.822,target,pistol,0s,1,1,1,100,400,0.25,false
191,20:53:02.596,target,pistol,0s,1,1,1,100,400,0.25,false
192,20:53:03.137,target,pistol,0s,1,1,1,100,400,0.25,false
193,20:53:03.588,target,pistol,0s,1,1,1,100,400,0.25,false
194,20:53:04.109,target,pistol,0s,1,1,1,100,400,0.25,false
195,20:53:05.110,target,pistol,0.336s,2,1,0.5,100,800,0.125,false
196,20:53:05.759,target,pistol,0s,1,1,1,100,400,0.25,false
197,20:53:06.373,target,pistol,0.189s,2,1,0.5,100,800,0.125,false
198,20:53:07.286,target,pistol,0s,1,1,1,100,400,0.25,false
199,20:53:07.786,target,pistol,0s,1,1,1,100,400,0.25,false
200,20:53:08.539,target,pistol,0s,1,1,1,100,400,0.25,false
201,20:53:09.010,target,pistol,0s,1,1,1,100,400,0.25,false
202,20:53:09.739,target,pistol,0s,1,1,1,100,400,0.25,false
203,20:53:10.203,target,pistol,0s,1,1,1,100,400,0.25,false
204,20:53:10.787,target,pistol,0s,1,1,1,100,400,0.25,false
205,20:53:11.455,target,pistol,0s,1,1,1,100,400,0.25,false
206,20:53:11.987,target,pistol,0s,1,1,1,100,400,0.25,false
207,20:53:12.923,target,pistol,0s,1,1,1,100,400,0.25,false
208,20:53:13.826,target,pistol,0s,1,1,1,100,400,0.25,false
209,20:53:14.811,target,pistol,0.271s,2,1,0.5,100,800,0.125,false
210,20:53:15.623,target,pistol,0s,1,1,1,100,400,0.25,false
211,20:53:16.697,target,pistol,0s,1,1,1,100,400,0.25,false
212,20:56:13.130,target,pistol,0.307s,2,1,0.5,100,800,0.125,false
213,20:56:13.969,target,pistol,0s,1,1,1,100,400,0.25,false
214,20:56:14.618,target,pistol,0s,1,1,1,100,400,0.25,false
215,20:56:15.209,target,pistol,0.001s,1,1,1,100,400,0.25,false
216,20:56:15.779,target,pistol,0s,1,1,1,100,400,0.25,false
217,20:56:16.284,target,pistol,0.001s,1,1,1,100,400,0.25,false
218,20:56:17.079,target,pistol,0.242s,2,1,0.5,100,800,0.125,false
219,20:56:18.101,target,pistol,0s,1,1,1,100,400,0.25,false
220,20:56:18.591,target,pistol,0s,1,1,1,100,400,0.25,false
221,20:56:19.101,target,pistol,0s,1,1,1,100,400,0.25,false
222,20:56:20.182,target,pistol,0.58s,3,1,0.333,100,1200,0.083,false
223,20:56:20.938,target,pistol,0s,1,1,1,100,400,0.25,false
224,20:56:21.586,target,pistol,0s,1,1,1,100,400,0.25,false
225,20:56:22.050,target,pistol,0s,1,1,1,100,400,0.25,false
226,20:56:22.696,target,pistol,0s,1,1,1,100,400,0.25,false
227,20:56:23.176,target,pistol,0s,1,1,1,100,400,0.25,false
228,20:56:23.626,target,pistol,0s,1,1,1,100,400,0.25,false
229,20:56:24.224,target,pistol,0s,1,1,1,100,400,0.25,false
230,20:56:24.876,target,pistol,0s,1,1,1,100,400,0.25,false
231,20:56:25.439,target,pistol,0s,1,1,1,100,400,0.25,false
232,20:56:26.111,target,pistol,0s,1,1,1,100,400,0.25,false
233,20:56:26.781,target,pistol,0s,1,1,1,100,400,0.25,false
234,20:56:27.531,target,pistol,0s,1,1,1,100,400,0.25,false
235,20:56:28.071,target,pistol,0s,1,1,1,100,400,0.25,false
236,20:56:28.519,target,pistol,0s,1,1,1,100,400,0.25,false
237,20:56:29.226,target,pistol,0.263s,2,1,0.5,100,800,0.125,false
238,20:56:29.883,target,pistol,0s,1,1,1,100,400,0.25,false
239,20:56:30.599,target,pistol,0s,1,1,1,100,400,0.25,false
240,20:56:31.302,target,pistol,0s,1,1,1,100,400,0.25,false
241,20:56:32.070,target,pistol,0s,1,1,1,100,400,0.25,false
242,20:56:32.844,target,pistol,0s,1,1,1,100,400,0.25,false
243,20:56:33.385,target,pistol,0s,1,1,1,100,400,0.25,false
244,20:56:33.946,target,pistol,0s,1,1,1,100,400,0.25,false
245,20:56:34.439,target,pistol,0.001s,1,1,1,100,400,0.25,false
246,20:56:34.925,target,pistol,0s,1,1,1,100,400,0.25,false
247,20:56:35.658,target,pistol,0s,1,1,1,100,400,0.25,false
248,20:56:36.181,target,pistol,0s,1,1,1,100,400,0.25,false
249,20:56:37.368,target,pistol,0.428s,2,1,0.5,100,800,0.125,false
250,20:56:37.848,target,pistol,0s,1,1,1,100,400,0.25,false
251,20:56:38.621,target,pistol,0s,1,1,1,100,400,0.25,false
252,20:56:39.187,target,pistol,0s,1,1,1,100,400,0.25,false
253,20:56:39.652,target,pistol,0s,1,1,1,100,400,0.25,false
254,20:56:40.555,target,pistol,0s,1,1,1,100,400,0.25,false
255,20:56:41.422,target,pistol,0.2s,2,1,0.5,100,800,0.125,false
256,20:56:41.990,target,pistol,0s,1,1,1,100,400,0.25,false
257,20:56:42.546,target,pistol,0.001s,1,1,1,100,400,0.25,false
258,20:56:43.286,target,pistol,0s,1,1,1,100,400,0.25,false
259,20:56:44.017,target,pistol,0s,1,1,1,100,400,0.25,false
260,20:56:44.439,target,pistol,0s,1,1,1,100,400,0.25,false
261,20:56:44.933,target,pistol,0s,1,1,1,100,400,0.25,false
262,20:56:45.717,target,pistol,0s,1,1,1,100,400,0.25,false
263,20:56:46.386,target,pistol,0s,1,1,1,100,400,0.25,false
264,20:56:46.939,target,pistol,0s,1,1,1,100,400,0.25,false
265,20:56:47.590,target,pistol,0s,1,1,1,100,400,0.25,false
266,20:56:48.281,target,pistol,0s,1,1,1,100,400,0.25,false
267,20:56:49.042,target,pistol,0s,1,1,1,100,400,0.25,false
268,20:56:49.664,target,pistol,0s,1,1,1,100,400,0.25,false
269,20:56:50.143,target,pistol,0s,1,1,1,100,400,0.25,false
270,20:56:50.783,target,pistol,0s,1,1,1,100,400,0.25,false
271,20:56:51.567,target,pistol,0s,1,1,1,100,400,0.25,false
272,20:56:52.346,target,pistol,0s,1,1,1,100,400,0.25,false
273,20:56:52.815,target,pistol,0s,1,1,1,100,400,0.25,false
274,20:56:53.227,target,pistol,0s,1,1,1,100,400,0.25,false
275,20:56:54.078,target,pistol,0.275s,2,1,0.5,100,800,0.125,false
276,20:56:54.640,target,pistol,0s,1,1,1,100,400,0.25,false
277,20:56:55.482,target,pistol,0.155s,2,1,0.5,100,800,0.125,false
278,20:56:56.215,target,pistol,0s,1,1,1,100,400,0.25,false
279,20:56:56.650,target,pistol,0s,1,1,1,100,400,0.25,false
280,20:56:57.242,target,pistol,0.001s,1,1,1,100,400,0.25,false
281,20:56:57.873,target,pistol,0.228s,2,1,0.5,100,800,0.125,false
282,20:56:58.299,target,pistol,0s,1,1,1,100,400,0.25,false
283,20:56:58.744,target,pistol,0s,1,1,1,100,400,0.25,false
284,20:56:59.237,target,pistol,0s,1,1,1,100,400,0.25,false
285,20:56:59.936,target,pistol,0.239s,2,1,0.5,100,800,0.125,false
286,20:57:00.347,target,pistol,0s,1,1,1,100,400,0.25,false
287,20:57:01.252,target,pistol,0.227s,2,1,0.5,100,800,0.125,false
288,20:57:01.737,target,pistol,0s,1,1,1,100,400,0.25,false
289,20:57:02.383,target,pistol,0s,1,1,1,100,400,0.25,false
290,20:57:02.956,target,pistol,0s,1,1,1,100,400,0.25,false
291,20:57:03.773,target,pistol,0s,1,1,1,100,400,0.25,false
292,20:57:04.450,target,pistol,0s,1,1,1,100,400,0.25,false
293,20:57:05.207,target,pistol,0s,1,1,1,100,400,0.25,false
294,20:57:05.824,target,pistol,0s,1,1,1,100,400,0.25,false
295,20:57:06.273,target,pistol,0s,1,1,1,100,400,0.25,false
296,20:57:06.730,target,pistol,0s,1,1,1,100,400,0.25,false
297,20:57:07.329,target,pistol,0s,1,1,1,100,400,0.25,false
298,20:57:07.888,target,pistol,0s,1,1,1,100,400,0.25,false
299,20:57:08.322,target,pistol,0s,1,1,1,100,400,0.25,false
300,20:57:08.731,target,pistol,0s,1,1,1,100,400,0.25,false
301,20:57:09.212,target,pistol,0s,1,1,1,100,400,0.25,false
302,20:57:10.664,target,pistol,0.263s,2,1,0.5,100,800,0.125,false
303,20:57:11.566,target,pistol,0s,1,1,1,100,400,0.25,false
304,20:57:12.317,target,pistol,0s,1,1,1,100,400,0.25,false
305,20:57:13.091,target,pistol,0s,1,1,1,100,400,0.25,false
306,20:57:13.873,target,pistol,0.001s,1,1,1,100,400,0.25,false
307,20:57:14.909,target,pistol,0s,1,1,1,100,400,0.25,false
308,20:57:15.531,target,pistol,0s,1,1,1,100,400,0.25,false
309,20:57:16.310,target,pistol,0s,1,1,1,100,400,0.25,false
310,20:57:16.783,target,pistol,0s,1,1,1,100,400,0.25,false
311,20:57:17.417,target,pistol,0s,1,1,1,100,400,0.25,false
312,20:57:17.871,target,pistol,0s,1,1,1,100,400,0.25,false
313,20:57:18.566,target,pistol,0s,1,1,1,100,400,0.25,false
314,20:57:19.237,target,pistol,0.277s,2,1,0.5,100,800,0.125,false
315,20:57:20.067,target,pistol,0.001s,1,1,1,100,400,0.25,false
316,20:57:20.578,target,pistol,0s,1,1,1,100,400,0.25,false
317,20:57:21.073,target,pistol,0s,1,1,1,100,400,0.25,false
318,20:57:21.601,target,pistol,0s,1,1,1,100,400,0.25,false
319,20:57:22.267,target,pistol,0s,1,1,1,100,400,0.25,false
320,20:57:22.839,target,pistol,0s,1,1,1,100,400,0.25,false
321,20:57:23.311,target,pistol,0s,1,1,1,100,400,0.25,false
322,20:57:23.764,target,pistol,0s,1,1,1,100,400,0.25,false
323,20:57:24.263,target,pistol,0s,1,1,1,100,400,0.25,false
324,20:57:24.653,target,pistol,0s,1,1,1,100,400,0.25,false
325,20:57:25.377,target,pistol,0.255s,2,1,0.5,100,800,0.125,false
326,20:57:25.800,target,pistol,0s,1,1,1,100,400,0.25,false
327,20:57:26.595,target,pistol,0.268s,2,1,0.5,100,800,0.125,false
328,20:57:27.035,target,pistol,0s,1,1,1,100,400,0.25,false
329,20:57:27.497,target,pistol,0s,1,1,1,100,400,0.25,false
330,20:57:28.237,target,pistol,0.249s,2,1,0.5,100,800,0.125,false
331,20:57:28.617,target,pistol,0s,1,1,1,100,400,0.25,false
332,20:57:29.098,target,pistol,0s,1,1,1,100,400,0.25,false
333,20:57:29.735,target,pistol,0.221s,2,1,0.5,100,800,0.125,false
334,20:57:30.192,target,pistol,0s,1,1,1,100,400,0.25,false
335,20:57:30.869,target,pistol,0s,1,1,1,100,400,0.25,false
336,20:57:31.835,target,pistol,0s,1,1,1,100,400,0.25,false
337,20:57:32.585,target,pistol,0s,1,1,1,100,400,0.25,false
338,20:57:32.941,target,pistol,0s,1,1,1,100,400,0.25,false
339,20:57:33.693,target,pistol,0.263s,2,1,0.5,100,800,0.125,false
340,20:57:34.239,target,pistol,0s,1,1,1,100,400,0.25,false
341,20:57:34.705,target,pistol,0s,1,1,1,100,400,0.25,false
342,20:57:35.520,target,pistol,0.288s,2,1,0.5,100,800,0.125,false
343,20:57:36.024,target,pistol,0s,1,1,1,100,400,0.25,false
344,20:57:36.808,target,pistol,0.232s,2,1,0.5,100,800,0.125,false
345,20:57:37.250,target,pistol,0s,1,1,1,100,400,0.25,false
346,20:57:37.895,target,pistol,0s,1,1,1,100,400,0.25,false
347,20:57:38.567,target,pistol,0.001s,1,1,1,100,400,0.25,false
348,20:57:39.383,target,pistol,0.209s,2,1,0.5,100,800,0.125,false
349,20:57:40.138,target,pistol,0s,1,1,1,100,400,0.25,false
350,20:57:40.926,target,pistol,0.231s,2,1,0.5,100,800,0.125,false
351,20:57:41.614,target,pistol,0s,1,1,1,100,400,0.25,false
352,20:57:42.140,target,pistol,0s,1,1,1,100,400,0.25,false
353,20:57:42.774,target,pistol,0s,1,1,1,100,400,0.25,false
354,20:57:43.562,target,pistol,0.297s,2,1,0.5,100,800,0.125,false
355,20:57:44.282,target,pistol,0s,1,1,1,100,400,0.25,false
356,20:57:44.725,target,pistol,0s,1,1,1,100,400,0.25,false
357,20:57:45.269,target,pistol,0s,1,1,1,100,400,0.25,false
358,20:57:45.818,target,pistol,0s,1,1,1,100,400,0.25,false
359,20:57:46.373,target,pistol,0s,1,1,1,100,400,0.25,false
360,20:57:46.973,target,pistol,0s,1,1,1,100,400,0.25,false
361,20:57:47.730,target,pistol,0s,1,1,1,100,400,0.25,false
362,20:57:48.512,target,pistol,0.237s,2,1,0.5,100,800,0.125,false
363,20:57:49.042,target,pistol,0.001s,1,1,1,100,400,0.25,false
364,20:57:49.430,target,pistol,0s,1,1,1,100,400,0.25,false
365,20:57:50.184,target,pistol,0s,1,1,1,100,400,0.25,false
366,20:57:50.736,target,pistol,0s,1,1,1,100,400,0.25,false
367,20:57:51.224,target,pistol,0s,1,1,1,100,400,0.25,false
368,20:57:51.733,target,pistol,0s,1,1,1,100,400,0.25,false
369,20:57:52.568,target,pistol,0s,1,1,1,100,400,0.25,false
370,20:57:53.134,target,pistol,0s,1,1,1,100,400,0.25,false
371,20:57:53.737,target,pistol,0s,1,1,1,100,400,0.25,false
372,20:57:54.217,target,pistol,0s,1,1,1,100,400,0.25,false
373,20:57:54.833,target,pistol,0s,1,1,1,100,400,0.25,false
374,20:57:55.316,target,pistol,0s,1,1,1,100,400,0.25,false
375,20:57:55.802,target,pistol,0s,1,1,1,100,400,0.25,false
376,20:57:56.811,target,pistol,0.219s,2,1,0.5,100,800,0.125,false
377,20:57:57.532,target,pistol,0.001s,1,1,1,100,400,0.25,false
378,20:57:58.021,target,pistol,0s,1,1,1,100,400,0.25,false
379,20:57:58.768,target,pistol,0.307s,2,1,0.5,100,800,0.125,false
380,20:57:59.553,target,pistol,0.246s,2,1,0.5,100,800,0.125,false
381,20:58:00.569,target,pistol,0s,1,1,1,100,400,0.25,false
382,20:58:01.294,target,pistol,0s,1,1,1,100,400,0.25,false
383,20:58:02.019,target,pistol,0s,1,1,1,100,400,0.25,false
384,20:58:03.027,target,pistol,0s,1,1,1,100,400,0.25,false
385,20:58:03.633,target,pistol,0s,1,1,1,100,400,0.25,false
386,20:58:04.564,target,pistol,0.197s,2,1,0.5,100,800,0.125,false
387,20:58:05.111,target,pistol,0s,1,1,1,100,400,0.25,false
388,20:58:05.857,target,pistol,0s,1,1,1,100,400,0.25,false
389,20:58:06.575,target,pistol,0s,1,1,1,100,400,0.25,false
390,20:58:07.257,target,pistol,0.236s,2,1,0.5,100,800,0.125,false
391,20:58:08.157,target,pistol,0s,1,1,1,100,400,0.25,false
392,20:58:08.762,target,pistol,0.001s,1,1,1,100,400,0.25,false
393,20:58:09.549,target,pistol,0s,1,1,1,100,400,0.25,false
394,20:58:10.337,target,pistol,0.28s,2,1,0.5,100,800,0.125,false
395,20:58:10.860,target,pistol,0s,1,1,1,100,400,0.25,false
396,20:58:11.286,target,pistol,0s,1,1,1,100,400,0.25,false
397,20:58:11.935,target,pistol,0.185s,2,1,0.5,100,800,0.125,false
398,20:58:12.368,target,pistol,0s,1,1,1,100,400,0.25,false
399,20:58:13.268,target,pistol,0s,1,1,1,100,400,0.25,false
400,20:58:13.902,target,pistol,0.485s,2,1,0.5,100,800,0.125,false
401,20:58:14.415,target,pistol,0s,1,1,1,100,400,0.25,false
402,20:58:14.909,target,pistol,0s,1,1,1,100,400,0.25,false
403,20:58:15.495,target,pistol,0s,1,1,1,100,400,0.25,false
404,20:58:16.018,target,pistol,0s,1,1,1,100,400,0.25,false
405,20:58:16.456,target,pistol,0s,1,1,1,100,400,0.25,false
406,20:58:17.715,target,pistol,0.346s,2,1,0.5,100,800,0.125,false
407,20:58:18.245,target,pistol,0s,1,1,1,100,400,0.25,false
408,20:58:18.912,target,pistol,0s,1,1,1,100,400,0.25,false
409,20:58:19.429,target,pistol,0s,1,1,1,100,400,0.25,false
410,20:58:20.180,target,pistol,0s,1,1,1,100,400,0.25,false
411,20:58:20.646,target,pistol,0s,1,1,1,100,400,0.25,false
412,20:58:21.207,target,pistol,0s,1,1,1,100,400,0.25,false
413,20:58:21.687,target,pistol,0s,1,1,1,100,400,0.25,false
414,20:58:22.611,target,pistol,0.197s,2,1,0.5,100,800,0.125,false
415,20:58:23.091,target,pistol,0s,1,1,1,100,400,0.25,false
416,20:58:23.739,target,pistol,0.001s,1,1,1,100,400,0.25,false
417,20:58:24.378,target,pistol,0s,1,1,1,100,400,0.25,false
418,20:58:24.928,target,pistol,0s,1,1,1,100,400,0.25,false
419,20:58:25.600,target,pistol,0.267s,2,1,0.5,100,800,0.125,false
420,20:58:26.487,target,pistol,0.207s,2,1,0.5,100,800,0.125,false
421,20:58:27.399,target,pistol,0s,1,1,1,100,400,0.25,false
422,20:58:27.803,target,pistol,0s,1,1,1,100,400,0.25,false
423,20:58:28.258,target,pistol,0s,1,1,1,100,400,0.25,false
424,20:58:28.701,target,pistol,0s,1,1,1,100,400,0.25,false
425,20:58:29.425,target,pistol,0.317s,2,1,0.5,100,800,0.125,false
426,20:58:29.833,target,pistol,0s,1,1,1,100,400,0.25,false
427,20:58:30.280,target,pistol,0s,1,1,1,100,400,0.25,false
428,20:58:30.689,target,pistol,0.001s,1,1,1,100,400,0.25,false
429,20:58:31.070,target,pistol,0s,1,1,1,100,400,0.25,false
430,20:58:32.081,target,pistol,0.59s,3,1,0.333,100,1200,0.083,false
431,20:58:32.877,target,pistol,0s,1,1,1,100,400,0.25,false
432,20:58:33.657,target,pistol,0s,1,1,1,100,400,0.25,false
433,20:58:34.080,target,pistol,0s,1,1,1,100,400,0.25,false
434,20:58:34.746,target,pistol,0s,1,1,1,100,400,0.25,false
435,20:58:35.162,target,pistol,0s,1,1,1,100,400,0.25,false
436,20:58:35.917,target,pistol,0.29s,2,1,0.5,100,800,0.125,false
437,20:58:36.558,target,pistol,0s,1,1,1,100,400,0.25,false
438,20:58:37.204,target,pistol,0s,1,1,1,100,400,0.25,false
439,20:58:37.850,target,pistol,0.203s,2,1,0.5,100,800,0.125,false
440,20:58:38.437,target,pistol,0s,1,1,1,100,400,0.25,false
441,20:58:39.382,target,pistol,0s,1,1,1,100,400,0.25,false
442,20:58:39.917,target,pistol,0s,1,1,1,100,400,0.25,false
443,20:58:40.320,target,pistol,0s,1,1,1,100,400,0.25,false
444,20:58:41.095,target,pistol,0s,1,1,1,100,400,0.25,false
445,20:58:42.157,target,pistol,0.282s,2,1,0.5,100,800,0.125,false
446,20:58:42.888,target,pistol,0s,1,1,1,100,400,0.25,false
447,20:58:43.397,target,pistol,0.001s,1,1,1,100,400,0.25,false
448,20:58:43.843,target,pistol,0s,1,1,1,100,400,0.25,false
449,20:58:44.219,target,pistol,0s,1,1,1,100,400,0.25,false
450,20:58:45.005,target,pistol,0.246s,2,1,0.5,100,800,0.125,false
451,20:58:45.702,target,pistol,0s,1,1,1,100,400,0.25,false
452,20:58:46.988,target,pistol,0.25s,2,1,0.5,100,800,0.125,false
453,20:58:47.395,target,pistol,0s,1,1,1,100,400,0.25,false
454,20:58:47.866,target,pistol,0s,1,1,1,100,400,0.25,false
455,20:58:48.335,target,pistol,0s,1,1,1,100,400,0.25,false
456,20:58:48.829,target,pistol,0s,1,1,1,100,400,0.25,false
457,20:58:49.312,target,pistol,0s,1,1,1,100,400,0.25,false
458,20:58:49.929,target,pistol,0s,1,1,1,100,400,0.25,false
459,20:58:50.376,target,pistol,0s,1,1,1,100,400,0.25,false
460,20:58:51.050,target,pistol,0.001s,1,1,1,100,400,0.25,false
461,20:58:51.547,target,pistol,0s,1,1,1,100,400,0.25,false
462,20:58:52.796,target,pistol,0.249s,2,1,0.5,100,800,0.125,false
463,20:58:53.190,target,pistol,0s,1,1,1,100,400,0.25,false
464,20:58:53.707,target,pistol,0s,1,1,1,100,400,0.25,false
465,20:58:54.761,target,pistol,0.237s,2,1,0.5,100,800,0.125,false
466,20:58:55.303,target,pistol,0s,1,1,1,100,400,0.25,false
467,20:58:55.705,target,pistol,0s,1,1,1,100,400,0.25,false
468,20:58:56.468,target,pistol,0.311s,2,1,0.5,100,800,0.125,false
469,20:58:56.829,target,pistol,0s,1,1,1,100,400,0.25,false
470,20:58:57.523,target,pistol,0.249s,2,1,0.5,100,800,0.125,false
471,20:58:58.232,target,pistol,0.236s,2,1,0.5,100,800,0.125,false
472,20:58:58.637,target,pistol,0s,1,1,1,100,400,0.25,false
473,20:58:59.123,target,pistol,0s,1,1,1,100,400,0.25,false
474,20:58:59.553,target,pistol,0s,1,1,1,100,400,0.25,false
475,20:59:00.005,target,pistol,0s,1,1,1,100,400,0.25,false
476,20:59:00.710,target,pistol,0s,1,1,1,100,400,0.25,false
477,20:59:01.337,target,pistol,0.221s,2,1,0.5,100,800,0.125,false
478,20:59:01.821,target,pistol,0s,1,1,1,100,400,0.25,false
479,20:59:02.226,target,pistol,0s,1,1,1,100,400,0.25,false
480,20:59:02.987,target,pistol,0.2s,2,1,0.5,100,800,0.125,false
481,20:59:03.756,target,pistol,0s,1,1,1,100,400,0.25,false
482,20:59:04.561,target,pistol,0.31s,2,1,0.5,100,800,0.125,false
483,20:59:05.243,target,pistol,0s,1,1,1,100,400,0.25,false
484,20:59:06.446,target,pistol,0.216s,2,1,0.5,100,800,0.125,false
485,20:59:07.381,target,pistol,0.355s,2,1,0.5,100,800,0.125,false
486,20:59:07.826,target,pistol,0s,1,1,1,100,400,0.25,false
487,20:59:08.576,target,pistol,0.253s,2,1,0.5,100,800,0.125,false
488,20:59:09.281,target,pistol,0.001s,1,1,1,100,400,0.25,false
489,20:59:09.778,target,pistol,0s,1,1,1,100,400,0.25,false
490,20:59:10.327,target,pistol,0s,1,1,1,100,400,0.25,false
491,20:59:11.717,target,pistol,0.207s,2,1,0.5,100,800,0.125,false
492,20:59:12.320,target,pistol,0.164s,2,1,0.5,100,800,0.125,false
493,20:59:12.912,target,pistol,0s,1,1,1,100,400,0.25,false
494,20:59:13.566,target,pistol,0.226s,2,1,0.5,100,800,0.125,false
495,20:59:14.069,target,pistol,0s,1,1,1,100,400,0.25,false
496,20:59:14.667,target,pistol,0s,1,1,1,100,400,0.25,false
497,20:59:15.332,target,pistol,0.255s,2,1,0.5,100,800,0.125,false
498,20:59:16.023,target,pistol,0.254s,2,1,0.5,100,800,0.125,false
499,20:59:16.701,target,pistol,0s,1,1,1,100,400,0.25,false
500,20:59:17.564,target,pistol,0s,1,1,1,100,400,0.25,false
501,20:59:18.027,target,pistol,0s,1,1,1,100,400,0.25,false
502,20:59:18.485,target,pistol,0.001s,1,1,1,100,400,0.25,false
503,20:59:19.292,target,pistol,0s,1,1,1,100,400,0.25,false
504,20:59:19.808,target,pistol,0.001s,1,1,1,100,400,0.25,false
505,20:59:20.496,target,pistol,0.203s,2,1,0.5,100,800,0.125,false
506,20:59:21.367,target,pistol,0.186s,2,1,0.5,100,800,0.125,false
507,20:59:21.837,target,pistol,0s,1,1,1,100,400,0.25,false
508,20:59:22.242,target,pistol,0s,1,1,1,100,400,0.25,false
509,20:59:22.699,target,pistol,0s,1,1,1,100,400,0.25,false
510,20:59:23.197,target,pistol,0s,1,1,1,100,400,0.25,false
511,20:59:23.767,target,pistol,0s,1,1,1,100,400,0.25,false
512,20:59:24.209,target,pistol,0s,1,1,1,100,400,0.25,false
513,20:59:24.606,target,pistol,0s,1,1,1,100,400,0.25,false
514,20:59:25.145,target,pistol,0s,1,1,1,100,400,0.25,false
515,20:59:25.932,target,pistol,0.23s,2,1,0.5,100,800,0.125,false
516,20:59:26.536,target,pistol,0s,1,1,1,100,400,0.25,false
517,20:59:26.915,target,pistol,0s,1,1,1,100,400,0.25,false
518,20:59:27.401,target,pistol,0s,1,1,1,100,400,0.25,false
519,20:59:28.469,target,pistol,0.156s,2,1,0.5,100,800,0.125,false
520,20:59:29.036,target,pistol,0s,1,1,1,100,400,0.25,false
521,20:59:30.044,target,pistol,0.001s,1,1,1,100,400,0.25,false
522,20:59:30.577,target,pistol,0s,1,1,1,100,400,0.25,false
523,20:59:31.039,target,pistol,0s,1,1,1,100,400,0.25,false
524,20:59:31.441,target,pistol,0.001s,1,1,1,100,400,0.25,false
525,20:59:31.883,target,pistol,0.001s,1,1,1,100,400,0.25,false
526,20:59:32.546,target,pistol,0.21s,2,1,0.5,100,800,0.125,false
527,20:59:33.028,target,pistol,0s,1,1,1,100,400,0.25,false
528,20:59:33.617,target,pistol,0s,1,1,1,100,400,0.25,false
529,20:59:34.093,target,pistol,0s,1,1,1,100,400,0.25,false
530,20:59:34.891,target,pistol,0.316s,2,1,0.5,100,800,0.125,false
531,20:59:35.576,target,pistol,0s,1,1,1,100,400,0.25,false
532,20:59:36.221,target,pistol,0.211s,2,1,0.5,100,800,0.125,false
533,20:59:36.932,target,pistol,0.277s,2,1,0.5,100,800,0.125,false
534,20:59:37.374,target,pistol,0.001s,1,1,1,100,400,0.25,false
535,20:59:37.792,target,pistol,0s,1,1,1,100,400,0.25,false
536,20:59:38.842,target,pistol,0.599s,3,1,0.333,100,1200,0.083,false
537,20:59:39.558,target,pistol,0s,1,1,1,100,400,0.25,false
538,20:59:40.068,target,pistol,0s,1,1,1,100,400,0.25,false
539,20:59:41.030,target,pistol,0.227s,2,1,0.5,100,800,0.125,false
540,20:59:41.745,target,pistol,0.18s,2,1,0.5,100,800,0.125,false
541,20:59:42.933,target,pistol,0.563s,3,1,0.333,100,1200,0.083,false
542,20:59:43.352,target,pistol,0s,1,1,1,100,400,0.25,false
543,20:59:44.125,target,pistol,0s,1,1,1,100,400,0.25,false
544,20:59:44.568,target,pistol,0s,1,1,1,100,400,0.25,false
545,20:59:45.056,target,pistol,0s,1,1,1,100,400,0.25,false
546,20:59:45.524,target,pistol,0s,1,1,1,100,400,0.25,false
547,20:59:46.749,target,pistol,0.265s,2,1,0.5,100,800,0.125,false
548,20:59:47.219,target,pistol,0s,1,1,1,100,400,0.25,false
549,20:59:48.029,target,pistol,0s,1,1,1,100,400,0.25,false
550,20:59:48.824,target,pistol,0.274s,2,1,0.5,100,800,0.125,false
551,20:59:49.257,target,pistol,0s,1,1,1,100,400,0.25,false
552,20:59:49.786,target,pistol,0s,1,1,1,100,400,0.25,false
553,20:59:50.488,target,pistol,0.205s,2,1,0.5,100,800,0.125,false
554,20:59:51.261,target,pistol,0.344s,2,1,0.5,100,800,0.125,false
555,20:59:51.805,target,pistol,0s,1,1,1,100,400,0.25,false
556,20:59:52.307,target,pistol,0s,1,1,1,100,400,0.25,false
557,20:59:53.234,target,pistol,0.463s,3,1,0.333,100,1200,0.083,false
558,20:59:53.723,target,pistol,0s,1,1,1,100,400,0.25,false
559,20:59:54.636,target,pistol,0s,1,1,1,100,400,0.25,false
560,20:59:55.251,target,pistol,0s,1,1,1,100,400,0.25,false
561,20:59:55.723,target,pistol,0s,1,1,1,100,400,0.25,false
562,20:59:56.449,target,pistol,0s,1,1,1,100,400,0.25,false
563,20:59:57.006,target,pistol,0s,1,1,1,100,400,0.25,false
564,20:59:57.394,target,pistol,0s,1,1,1,100,400,0.25,false
565,20:59:58.388,target,pistol,0.347s,2,1,0.5,100,800,0.125,false
566,20:59:59.301,target,pistol,0s,1,1,1,100,400,0.25,false
567,20:59:59.817,target,pistol,0s,1,1,1,100,400,0.25,false
568,21:00:00.487,target,pistol,0.293s,2,1,0.5,100,800,0.125,false
569,21:00:01.060,target,pistol,0s,1,1,1,100,400,0.25,false
570,21:00:01.537,target,pistol,0s,1,1,1,100,400,0.25,false
571,21:00:02.156,target,pistol,0s,1,1,1,100,400,0.25,false
572,21:00:02.890,target,pistol,0.253s,2,1,0.5,100,800,0.125,false
573,21:00:03.473,target,pistol,0.187s,2,1,0.5,100,800,0.125,false
574,21:00:03.916,target,pistol,0s,1,1,1,100,400,0.25,false
575,21:00:04.423,target,pistol,0s,1,1,1,100,400,0.25,false
576,21:00:05.122,target,pistol,0s,1,1,1,100,400,0.25,false
577,21:00:05.994,target,pistol,0.416s,2,1,0.5,100,800,0.125,false
578,21:00:06.760,target,pistol,0.324s,2,1,0.5,100,800,0.125,false
579,21:00:07.182,target,pistol,0s,1,1,1,100,400,0.25,false
580,21:00:07.580,target,pistol,0s,1,1,1,100,400,0.25,false
581,21:00:08.560,target,pistol,0s,1,1,1,100,400,0.25,false
582,21:00:09.108,target,pistol,0s,1,1,1,100,400,0.25,false
583,21:00:09.548,target,pistol,0s,1,1,1,100,400,0.25,false
584,21:00:10.283,target,pistol,0s,1,1,1,100,400,0.25,false
585,21:00:11.087,target,pistol,0.252s,2,1,0.5,100,800,0.125,false
586,21:00:11.705,target,pistol,0s,1,1,1,100,400,0.25,false
587,21:00:12.255,target,pistol,0s,1,1,1,100,400,0.25,false
588,21:00:12.805,target,pistol,0s,1,1,1,100,400,0.25,false
589,21:00:13.418,target,pistol,0s,1,1,1,100,400,0.25,false
590,21:00:14.115,target,pistol,0.217s,2,1,0.5,100,800,0.125,false
591,21:00:14.827,target,pistol,0s,1,1,1,100,400,0.25,false
592,21:00:15.460,target,pistol,0s,1,1,1,100,400,0.25,false
593,21:00:15.997,target,pistol,0s,1,1,1,100,400,0.25,false
594,21:00:16.469,target,pistol,0s,1,1,1,100,400,0.25,false
595,21:00:16.964,target,pistol,0s,1,1,1,100,400,0.25,false
596,21:00:17.700,target,pistol,0s,1,1,1,100,400,0.25,false
597,21:00:19.073,target,pistol,0.402s,2,1,0.5,100,800,0.125,false
598,21:00:19.546,target,pistol,0s,1,1,1,100,400,0.25,false
599,21:00:20.020,target,pistol,0s,1,1,1,100,400,0.25,false
600,21:00:20.687,target,pistol,0.222s,2,1,0.5,100,800,0.125,false
601,21:00:21.052,target,pistol,0s,1,1,1,100,400,0.25,false
602,21:00:21.959,target,pistol,0s,1,1,1,100,400,0.25,false
603,21:00:22.757,target,pistol,0s,1,1,1,100,400,0.25,false
604,21:00:23.267,target,pistol,0s,1,1,1,100,400,0.25,false
605,21:00:23.882,target,pistol,0.185s,2,1,0.5,100,800,0.125,false
606,21:00:24.321,target,pistol,0.001s,1,1,1,100,400,0.25,false
607,21:00:24.698,target,pistol,0.001s,1,1,1,100,400,0.25,false
608,21:00:25.320,target,pistol,0.001s,1,1,1,100,400,0.25,false
609,21:00:26.061,target,pistol,0.254s,2,1,0.5,100,800,0.125,false
610,21:00:26.608,target,pistol,0s,1,1,1,100,400,0.25,false
611,21:00:27.114,target,pistol,0s,1,1,1,100,400,0.25,false
612,21:00:27.955,target,pistol,0s,1,1,1,100,400,0.25,false
613,21:00:29.123,target,pistol,0.268s,2,1,0.5,100,800,0.125,false
614,21:00:29.531,target,pistol,0s,1,1,1,100,400,0.25,false
615,21:00:30.057,target,pistol,0s,1,1,1,100,400,0.25,false
616,21:00:30.707,target,pistol,0.205s,2,1,0.5,100,800,0.125,false
617,21:00:31.111,target,pistol,0s,1,1,1,100,400,0.25,false
618,21:00:32.021,target,pistol,0.346s,2,1,0.5,100,800,0.125,false
619,21:00:33.203,target,pistol,0.675s,3,1,0.333,100,1200,0.083,false
620,21:00:33.899,target,pistol,0.258s,2,1,0.5,100,800,0.125,false
621,21:00:34.276,target,pistol,0.001s,1,1,1,100,400,0.25,false
622,21:00:34.932,target,pistol,0.264s,2,1,0.5,100,800,0.125,false
623,21:00:35.679,target,pistol,0.297s,2,1,0.5,100,800,0.125,false
624,21:00:36.625,target,pistol,0s,1,1,1,100,400,0.25,false
625,21:00:37.490,target,pistol,0.321s,2,1,0.5,100,800,0.125,false
626,21:00:38.381,target,pistol,0s,1,1,1,100,400,0.25,false
627,21:00:39.150,target,pistol,0s,1,1,1,100,400,0.25,false
628,21:00:39.646,target,pistol,0s,1,1,1,100,400,0.25,false
629,21:00:40.079,target,pistol,0s,1,1,1,100,400,0.25,false
630,21:00:40.485,target,pistol,0s,1,1,1,100,400,0.25,false
631,21:00:40.933,target,pistol,0s,1,1,1,100,400,0.25,false
632,21:00:41.371,target,pistol,0s,1,1,1,100,400,0.25,false
633,21:00:42.573,target,pistol,0.254s,2,1,0.5,100,800,0.125,false
634,21:00:43.037,target,pistol,0s,1,1,1,100,400,0.25,false
635,21:00:43.446,target,pistol,0s,1,1,1,100,400,0.25,false
636,21:00:44.605,target,pistol,0.718s,3,1,0.333,100,1200,0.083,false
637,21:00:45.088,target,pistol,0s,1,1,1,100,400,0.25,false
638,21:00:46.722,target,pistol,0.318s,2,1,0.5,100,800,0.125,false
639,21:00:47.327,target,pistol,0.168s,2,1,0.5,100,800,0.125,false
640,21:00:48.087,target,pistol,0.313s,2,1,0.5,100,800,0.125,false
641,21:00:48.535,target,pistol,0.001s,1,1,1,100,400,0.25,false
642,21:00:49.225,target,pistol,0.269s,2,1,0.5,100,800,0.125,false
643,21:00:49.953,target,pistol,0.001s,1,1,1,100,400,0.25,false
644,21:00:50.688,target,pistol,0s,1,1,1,100,400,0.25,false
645,21:00:51.825,target,pistol,0.239s,2,1,0.5,100,800,0.125,false
646,21:00:52.445,target,pistol,0.207s,2,1,0.5,100,800,0.125,false
647,21:00:53.278,target,pistol,0.318s,2,1,0.5,100,800,0.125,false
648,21:00:54.058,target,pistol,0.293s,2,1,0.5,100,800,0.125,false
649,21:00:54.773,target,pistol,0.265s,2,1,0.5,100,800,0.125,false
650,21:00:55.346,target,pistol,0s,1,1,1,100,400,0.25,false
651,21:00:55.800,target,pistol,0s,1,1,1,100,400,0.25,false
652,21:00:56.500,target,pistol,0.234s,2,1,0.5,100,800,0.125,false
653,21:00:57.762,target,pistol,0s,1,1,1,100,400,0.25,false
654,21:00:58.168,target,pistol,0.001s,1,1,1,100,400,0.25,false
655,21:00:58.784,target,pistol,0s,1,1,1,100,400,0.25,false
656,21:00:59.205,target,pistol,0s,1,1,1,100,400,0.25,false
657,21:00:59.718,target,pistol,0s,1,1,1,100,400,0.25,false
658,21:01:00.220,target,pistol,0s,1,1,1,100,400,0.25,false
659,21:01:00.698,target,pistol,0s,1,1,1,100,400,0.25,false
660,21:01:01.159,target,pistol,0.001s,1,1,1,100,400,0.25,false
661,21:01:01.656,target,pistol,0s,1,1,1,100,400,0.25,false
662,21:01:02.688,target,pistol,0s,1,1,1,100,400,0.25,false
663,21:01:03.121,target,pistol,0s,1,1,1,100,400,0.25,false
664,21:01:03.503,target,pistol,0s,1,1,1,100,400,0.25,false
665,21:01:04.679,target,pistol,0s,1,1,1,100,400,0.25,false
666,21:01:05.292,target,pistol,0s,1,1,1,100,400,0.25,false
667,21:01:06.283,target,pistol,0s,1,1,1,100,400,0.25,false
668,21:01:06.699,target,pistol,0s,1,1,1,100,400,0.25,false
669,21:01:07.533,target,pistol,0.335s,2,1,0.5,100,800,0.125,false
670,21:01:08.873,target,pistol,0.146s,2,1,0.5,100,800,0.125,false
671,21:01:09.627,target,pistol,0.264s,2,1,0.5,100,800,0.125,false
672,21:01:10.065,target,pistol,0s,1,1,1,100,400,0.25,false
673,21:01:10.756,target,pistol,0.239s,2,1,0.5,100,800,0.125,false
674,21:01:11.243,target,pistol,0s,1,1,1,100,400,0.25,false
675,21:01:11.987,target,pistol,0s,1,1,1,100,400,0.25,false
676,21:01:12.479,target,pistol,0s,1,1,1,100,400,0.25,false
677,21:01:12.918,target,pistol,0s,1,1,1,100,400,0.25,false
678,21:01:13.409,target,pistol,0s,1,1,1,100,400,0.25,false
679,21:01:14.087,target,pistol,0s,1,1,1,100,400,0.25,false
680,21:01:14.880,target,pistol,0.328s,2,1,0.5,100,800,0.125,false
681,21:01:15.353,target,pistol,0s,1,1,1,100,400,0.25,false
682,21:01:15.803,target,pistol,0s,1,1,1,100,400,0.25,false
683,21:01:16.236,target,pistol,0s,1,1,1,100,400,0.25,false
684,21:01:16.701,target,pistol,0.001s,1,1,1,100,400,0.25,false
685,21:01:17.097,target,pistol,0s,1,1,1,100,400,0.25,false
686,21:01:17.537,target,pistol,0s,1,1,1,100,400,0.25,false
687,21:01:18.299,target,pistol,0.316s,2,1,0.5,100,800,0.125,false
688,21:01:18.684,target,pistol,0s,1,1,1,100,400,0.25,false
689,21:01:19.240,target,pistol,0.001s,1,1,1,100,400,0.25,false
690,21:01:19.919,target,pistol,0.281s,2,1,0.5,100,800,0.125,false
691,21:01:20.584,target,pistol,0.233s,2,1,0.5,100,800,0.125,false
692,21:01:20.954,target,pistol,0s,1,1,1,100,400,0.25,false
693,21:01:21.374,target,pistol,0.001s,1,1,1,100,400,0.25,false
694,21:01:21.934,target,pistol,0.233s,2,1,0.5,100,800,0.125,false
695,21:01:22.376,target,pistol,0.001s,1,1,1,100,400,0.25,false
696,21:01:22.822,target,pistol,0s,1,1,1,100,400,0.25,false
697,21:01:23.242,target,pistol,0.001s,1,1,1,100,400,0.25,false
698,21:01:23.802,target,pistol,0s,1,1,1,100,400,0.25,false
699,21:01:24.256,target,pistol,0s,1,1,1,100,400,0.25,false
700,21:01:24.869,target,pistol,0.259s,2,1,0.5,100,800,0.125,false
701,21:01:25.578,target,pistol,0.275s,2,1,0.5,100,800,0.125,false
702,21:01:26.435,target,pistol,0s,1,1,1,100,400,0.25,false
703,21:01:27.203,target,pistol,0.344s,2,1,0.5,100,800,0.125,false
704,21:01:28.000,target,pistol,0.338s,2,1,0.5,100,800,0.125,false
705,21:01:28.393,target,pistol,0s,1,1,1,100,400,0.25,false
706,21:01:28.913,target,pistol,0s,1,1,1,100,400,0.25,false
707,21:01:29.867,target,pistol,0.201s,2,1,0.5,100,800,0.125,false
708,21:01:30.406,target,pistol,0s,1,1,1,100,400,0.25,false
709,21:01:30.899,target,pistol,0s,1,1,1,100,400,0.25,false
710,21:01:31.667,target,pistol,0.253s,2,1,0.5,100,800,0.125,false
711,21:01:32.371,target,pistol,0.281s,2,1,0.5,100,800,0.125,false
712,21:01:32.765,target,pistol,0s,1,1,1,100,400,0.25,false
713,21:01:33.188,target,pistol,0s,1,1,1,100,400,0.25,false
714,21:01:33.768,target,pistol,0s,1,1,1,100,400,0.25,false
715,21:01:34.490,target,pistol,0.234s,2,1,0.5,100,800,0.125,false
716,21:01:35.165,target,pistol,0s,1,1,1,100,400,0.25,false
717,21:01:35.700,target,pistol,0s,1,1,1,100,400,0.25,false
718,21:01:36.490,target,pistol,0.237s,2,1,0.5,100,800,0.125,false
719,21:01:37.018,target,pistol,0s,1,1,1,100,400,0.25,false
720,21:01:37.684,target,pistol,0s,1,1,1,100,400,0.25,false
721,21:01:38.742,target,pistol,0.001s,1,1,1,100,400,0.25,false
722,21:01:39.708,target,pistol,0s,1,1,1,100,400,0.25,false
723,21:01:40.179,target,pistol,0s,1,1,1,100,400,0.25,false
724,21:01:42.069,target,pistol,0.191s,2,1,0.5,100,800,0.125,false
725,21:01:42.525,target,pistol,0s,1,1,1,100,400,0.25,false
726,21:01:43.308,target,pistol,0.229s,2,1,0.5,100,800,0.125,false
727,21:01:44.027,target,pistol,0s,1,1,1,100,400,0.25,false
728,21:01:44.653,target,pistol,0s,1,1,1,100,400,0.25,false
729,21:01:45.451,target,pistol,0s,1,1,1,100,400,0.25,false
730,21:01:46.387,target,pistol,0s,1,1,1,100,400,0.25,false
731,21:01:47.209,target,pistol,0.228s,2,1,0.5,100,800,0.125,false
732,21:01:47.766,target,pistol,0s,1,1,1,100,400,0.25,false
733,21:01:48.416,target,pistol,0s,1,1,1,100,400,0.25,false
734,21:01:48.877,target,pistol,0.001s,1,1,1,100,400,0.25,false
735,21:01:49.715,target,pistol,0.001s,1,1,1,100,400,0.25,false
736,21:01:50.367,target,pistol,0s,1,1,1,100,400,0.25,false
737,21:01:50.861,target,pistol,0.001s,1,1,1,100,400,0.25,false
738,21:01:51.825,target,pistol,0s,1,1,1,100,400,0.25,false
739,21:01:52.434,target,pistol,0.001s,1,1,1,100,400,0.25,false
740,21:01:52.871,target,pistol,0s,1,1,1,100,400,0.25,false
741,21:01:53.536,target,pistol,0s,1,1,1,100,400,0.25,false
742,21:01:54.191,target,pistol,0s,1,1,1,100,400,0.25,false
743,21:01:54.826,target,pistol,0s,1,1,1,100,400,0.25,false
744,21:01:55.627,target,pistol,0s,1,1,1,100,400,0.25,false
745,21:01:56.242,target,pistol,0s,1,1,1,100,400,0.25,false
746,21:01:56.747,target,pistol,0.001s,1,1,1,100,400,0.25,false
747,21:01:57.231,target,pistol,0s,1,1,1,100,400,0.25,false
748,21:01:57.687,target,pistol,0s,1,1,1,100,400,0.25,false
749,21:01:58.244,target,pistol,0s,1,1,1,100,400,0.25,false
750,21:01:58.748,target,pistol,0s,1,1,1,100,400,0.25,false
751,21:01:59.203,target,pistol,0.001s,1,1,1,100,400,0.25,false
752,21:01:59.656,target,pistol,0s,1,1,1,100,400,0.25,false
753,21:02:00.452,target,pistol,0.272s,2,1,0.5,100,800,0.125,false
754,21:02:01.121,target,pistol,0s,1,1,1,100,400,0.25,false
755,21:02:01.488,target,pistol,0.001s,1,1,1,100,400,0.25,false
756,21:02:02.305,target,pistol,0.268s,2,1,0.5,100,800,0.125,false
757,21:02:02.750,target,pistol,0s,1,1,1,100,400,0.25,false
758,21:02:03.442,target,pistol,0.315s,2,1,0.5,100,800,0.125,false
759,21:02:04.272,target,pistol,0.313s,2,1,0.5,100,800,0.125,false
760,21:02:04.842,target,pistol,0.001s,1,1,1,100,400,0.25,false
761,21:02:05.699,target,pistol,0.261s,2,1,0.5,100,800,0.125,false
762,21:02:06.495,target,pistol,0.318s,2,1,0.5,100,800,0.125,false
763,21:02:07.641,target,pistol,0.204s,2,1,0.5,100,800,0.125,false
764,21:02:08.389,target,pistol,0.25s,2,1,0.5,100,800,0.125,false
765,21:02:09.059,target,pistol,0.228s,2,1,0.5,100,800,0.125,false
766,21:02:09.440,target,pistol,0s,1,1,1,100,400,0.25,false
767,21:02:10.211,target,pistol,0.284s,2,1,0.5,100,800,0.125,false
768,21:02:12.000,target,pistol,0.758s,4,1,0.25,100,1600,0.062,false
769,21:02:12.589,target,pistol,0s,1,1,1,100,400,0.25,false
770,21:02:13.282,target,pistol,0.231s,2,1,0.5,100,800,0.125,false
771,21:02:13.758,target,pistol,0s,1,1,1,100,400,0.25,false
772,21:02:14.568,target,pistol,0s,1,1,1,100,400,0.25,false
773,21:02:15.282,target,pistol,0s,1,1,1,100,400,0.25,false
774,21:02:15.730,target,pistol,0s,1,1,1,100,400,0.25,false
775,21:02:16.416,target,pistol,0.294s,2,1,0.5,100,800,0.125,false
776,21:02:17.847,target,pistol,0.001s,1,1,1,100,400,0.25,false
777,21:02:18.287,target,pistol,0s,1,1,1,100,400,0.25,false
778,21:02:18.712,target,pistol,0s,1,1,1,100,400,0.25,false
779,21:02:19.143,target,pistol,0s,1,1,1,100,400,0.25,false
780,21:02:19.575,target,pistol,0s,1,1,1,100,400,0.25,false
781,21:02:20.250,target,pistol,0.227s,2,1,0.5,100,800,0.125,false
782,21:02:20.704,target,pistol,0s,1,1,1,100,400,0.25,false
783,21:02:21.120,target,pistol,0s,1,1,1,100,400,0.25,false
784,21:02:21.542,target,pistol,0s,1,1,1,100,400,0.25,false
785,21:02:22.426,target,pistol,0.001s,1,1,1,100,400,0.25,false
786,21:02:23.087,target,pistol,0.001s,1,1,1,100,400,0.25,false
787,21:02:23.596,target,pistol,0s,1,1,1,100,400,0.25,false
788,21:02:24.441,target,pistol,0.253s,2,1,0.5,100,800,0.125,false
789,21:02:24.926,target,pistol,0s,1,1,1,100,400,0.25,false
790,21:02:25.265,target,pistol,0s,1,1,1,100,400,0.25,false
791,21:02:25.990,target,pistol,0.266s,2,1,0.5,100,800,0.125,false
792,21:02:26.785,target,pistol,0s,1,1,1,100,400,0.25,false
793,21:02:27.165,target,pistol,0s,1,1,1,100,400,0.25,false
794,21:02:27.558,target,pistol,0s,1,1,1,100,400,0.25,false
795,21:02:28.057,target,pistol,0s,1,1,1,100,400,0.25,false
796,21:02:28.443,target,pistol,0s,1,1,1,100,400,0.25,false
797,21:02:29.037,target,pistol,0.001s,1,1,1,100,400,0.25,false
798,21:02:29.702,target,pistol,0.501s,2,1,0.5,100,800,0.125,false
799,21:02:30.571,target,pistol,0s,1,1,1,100,400,0.25,false
800,21:02:31.328,target,pistol,0s,1,1,1,100,400,0.25,false
801,21:02:32.154,target,pistol,0s,1,1,1,100,400,0.25,false
802,21:02:32.656,target,pistol,0s,1,1,1,100,400,0.25,false
803,21:02:33.123,target,pistol,0s,1,1,1,100,400,0.25,false
804,21:02:33.635,target,pistol,0s,1,1,1,100,400,0.25,false
805,21:02:34.323,target,pistol,0.209s,2,1,0.5,100,800,0.125,false
806,21:02:34.759,target,pistol,0s,1,1,1,100,400,0.25,false
807,21:02:35.435,target,pistol,0.222s,2,1,0.5,100,800,0.125,false
808,21:02:35.911,target,pistol,0s,1,1,1,100,400,0.25,false
809,21:02:36.419,target,pistol,0s,1,1,1,100,400,0.25,false
810,21:02:37.424,target,pistol,0.455s,2,1,0.5,100,800,0.125,false
811,21:02:38.452,target,pistol,0.243s,2,1,0.5,100,800,0.125,false
812,21:02:38.880,target,pistol,0s,1,1,1,100,400,0.25,false
813,21:02:39.642,target,pistol,0.294s,2,1,0.5,100,800,0.125,false
814,21:02:40.757,target,pistol,0.236s,2,1,0.5,100,800,0.125,false
815,21:02:41.242,target,pistol,0s,1,1,1,100,400,0.25,false
816,21:02:41.673,target,pistol,0s,1,1,1,100,400,0.25,false
817,21:02:42.224,target,pistol,0s,1,1,1,100,400,0.25,false
818,21:02:42.625,target,pistol,0s,1,1,1,100,400,0.25,false
819,21:02:43.067,target,pistol,0s,1,1,1,100,400,0.25,false
820,21:02:43.546,target,pistol,0s,1,1,1,100,400,0.25,false
821,21:02:44.395,target,pistol,0.236s,2,1,0.5,100,800,0.125,false
822,21:02:45.001,target,pistol,0s,1,1,1,100,400,0.25,false
823,21:02:45.538,target,pistol,0.001s,1,1,1,100,400,0.25,false
824,21:02:46.223,target,pistol,0s,1,1,1,100,400,0.25,false
825,21:02:46.978,target,pistol,0s,1,1,1,100,400,0.25,false
826,21:02:47.948,target,pistol,0.532s,3,1,0.333,100,1200,0.083,false
827,21:02:48.830,target,pistol,0.392s,2,1,0.5,100,800,0.125,false
828,21:02:49.482,target,pistol,0s,1,1,1,100,400,0.25,false
829,21:02:50.013,target,pistol,0s,1,1,1,100,400,0.25,false
830,21:02:50.745,target,pistol,0.001s,1,1,1,100,400,0.25,false
831,21:02:51.196,target,pistol,0s,1,1,1,100,400,0.25,false
832,21:02:51.594,target,pistol,0s,1,1,1,100,400,0.25,false
833,21:02:52.391,target,pistol,0.305s,2,1,0.5,100,800,0.125,false
834,21:02:54.298,target,pistol,0.393s,2,1,0.5,100,800,0.125,false
835,21:02:55.372,target,pistol,0s,1,1,1,100,400,0.25,false
836,21:02:56.141,target,pistol,0s,1,1,1,100,400,0.25,false
837,21:02:56.604,target,pistol,0s,1,1,1,100,400,0.25,false
838,21:02:57.092,target,pistol,0.001s,1,1,1,100,400,0.25,false
839,21:02:57.815,target,pistol,0.15s,2,1,0.5,100,800,0.125,false
840,21:02:58.194,target,pistol,0.001s,1,1,1,100,400,0.25,false
841,21:02:58.593,target,pistol,0s,1,1,1,100,400,0.25,false
842,21:02:59.362,target,pistol,0.316s,2,1,0.5,100,800,0.125,false
843,21:03:00.491,target,pistol,0.633s,3,1,0.333,100,1200,0.083,false
844,21:03:01.546,target,pistol,0.181s,2,1,0.5,100,800,0.125,false
845,21:03:02.191,target,pistol,0s,1,1,1,100,400,0.25,false
846,21:03:02.849,target,pistol,0s,1,1,1,100,400,0.25,false
847,21:03:03.555,target,pistol,0.304s,2,1,0.5,100,800,0.125,false
848,21:03:04.399,target,pistol,0.001s,1,1,1,100,400,0.25,false
849,21:03:04.851,target,pistol,0.001s,1,1,1,100,400,0.25,false
850,21:03:05.370,target,pistol,0s,1,1,1,100,400,0.25,false
851,21:03:05.846,target,pistol,0s,1,1,1,100,400,0.25,false
852,21:03:06.611,target,pistol,0.282s,2,1,0.5,100,800,0.125,false
853,21:03:07.636,target,pistol,0.172s,2,1,0.5,100,800,0.125,false
854,21:03:08.460,target,pistol,0.279s,2,1,0.5,100,800,0.125,false
855,21:03:09.584,target,pistol,0s,1,1,1,100,400,0.25,false
856,21:03:10.266,target,pistol,0.001s,1,1,1,100,400,0.25,false
857,21:03:10.727,target,pistol,0.001s,1,1,1,100,400,0.25,false
858,21:03:11.483,target,pistol,0.243s,2,1,0.5,100,800,0.125,false
859,21:03:12.128,target,pistol,0s,1,1,1,100,400,0.25,false
860,21:03:13.103,target,pistol,0.244s,2,1,0.5,100,800,0.125,false
861,21:03:13.548,target,pistol,0s,1,1,1,100,400,0.25,false
862,21:03:14.232,target,pistol,0s,1,1,1,100,400,0.25,false
863,21:03:14.957,target,pistol,0.249s,2,1,0.5,100,800,0.125,false
864,21:03:15.725,target,pistol,0.253s,2,1,0.5,100,800,0.125,false
865,21:03:16.221,target,pistol,0s,1,1,1,100,400,0.25,false
866,21:03:16.970,target,pistol,0.206s,2,1,0.5,100,800,0.125,false
867,21:03:17.375,target,pistol,0.001s,1,1,1,100,400,0.25,false
868,21:03:18.129,target,pistol,0.256s,2,1,0.5,100,800,0.125,false
869,21:03:18.598,target,pistol,0s,1,1,1,100,400,0.25,false
870,21:03:19.348,target,pistol,0.244s,2,1,0.5,100,800,0.125,false
871,21:03:20.029,target,pistol,0.245s,2,1,0.5,100,800,0.125,false
872,21:03:20.720,target,pistol,0.282s,2,1,0.5,100,800,0.125,false
873,21:03:21.549,target,pistol,0s,1,1,1,100,400,0.25,false
874,21:03:21.890,target,pistol,0s,1,1,1,100,400,0.25,false
875,21:03:22.438,target,pistol,0s,1,1,1,100,400,0.25,false
876,21:03:23.469,target,pistol,0s,1,1,1,100,400,0.25,false
877,21:03:24.284,target,pistol,0s,1,1,1,100,400,0.25,false
878,21:03:24.965,target,pistol,0s,1,1,1,100,400,0.25,false
879,21:03:25.794,target,pistol,0s,1,1,1,100,400,0.25,false
880,21:03:26.757,target,pistol,0s,1,1,1,100,400,0.25,false
881,21:03:27.603,target,pistol,0s,1,1,1,100,400,0.25,false
882,21:03:28.348,target,pistol,0.335s,2,1,0.5,100,800,0.125,false
883,21:03:28.772,target,pistol,0s,1,1,1,100,400,0.25,false
884,21:03:29.250,target,pistol,0s,1,1,1,100,400,0.25,false
885,21:03:30.098,target,pistol,0.245s,2,1,0.5,100,800,0.125,false
886,21:03:30.879,target,pistol,0.202s,2,1,0.5,100,800,0.125,false
887,21:03:31.422,target,pistol,0s,1,1,1,100,400,0.25,false
888,21:03:32.586,target,pistol,0.313s,2,1,0.5,100,800,0.125,false
889,21:03:33.725,target,pistol,0s,1,1,1,100,400,0.25,false
890,21:03:34.222,target,pistol,0.001s,1,1,1,100,400,0.25,false
891,21:03:34.769,target,pistol,0.001s,1,1,1,100,400,0.25,false
892,21:03:35.276,target,pistol,0s,1,1,1,100,400,0.25,false
893,21:03:35.734,target,pistol,0s,1,1,1,100,400,0.25,false
894,21:03:36.437,target,pistol,0s,1,1,1,100,400,0.25,false
895,21:03:36.827,target,pistol,0s,1,1,1,100,400,0.25,false
896,21:03:37.524,target,pistol,0.269s,2,1,0.5,100,800,0.125,false
897,21:03:37.924,target,pistol,0s,1,1,1,100,400,0.25,false
898,21:03:38.315,target,pistol,0s,1,1,1,100,400,0.25,false
899,21:03:38.966,target,pistol,0.235s,2,1,0.5,100,800,0.125,false
900,21:03:39.449,target,pistol,0s,1,1,1,100,400,0.25,false
901,21:03:40.225,target,pistol,0s,1,1,1,100,400,0.25,false
902,21:03:40.844,target,pistol,0s,1,1,1,100,400,0.25,false
903,21:03:41.903,target,pistol,0.251s,2,1,0.5,100,800,0.125,false
904,21:03:42.355,target,pistol,0s,1,1,1,100,400,0.25,false
905,21:03:43.150,target,pistol,0.31s,2,1,0.5,100,800,0.125,false
906,21:03:43.769,target,pistol,0s,1,1,1,100,400,0.25,false
907,21:03:44.188,target,pistol,0s,1,1,1,100,400,0.25,false
908,21:03:44.644,target,pistol,0s,1,1,1,100,400,0.25,false
909,21:03:45.037,target,pistol,0s,1,1,1,100,400,0.25,false
910,21:03:45.567,target,pistol,0s,1,1,1,100,400,0.25,false
911,21:03:46.171,target,pistol,0.001s,1,1,1,100,400,0.25,false
912,21:03:46.668,target,pistol,0.001s,1,1,1,100,400,0.25,false
913,21:03:47.176,target,pistol,0s,1,1,1,100,400,0.25,false

Weapon,Shots,Hits,Damage Done,Damage Possible,,Sens Scale,Horiz Sens,Vert Sens,FOV,Hide Gun,Crosshair,Crosshair Scale,Crosshair Color,ADS Sens,ADS Zoom Scale
pistol,1140,913,91300.0,456000.0,,,,,,false,plus.png,1.0,FFFF00,,,

Kills:,913
Deaths:,0
Fight Time:,60.159
Avg TTK:,0
Damage Done:,91300.0
Damage Taken:,0.0
Midairs:,0
Midaired:,0
Directs:,0
Directed:,0
Reloads:,0
Distance Traveled:,0.0
Score:,731.200867
Scenario:,1wall 1target - 10 Min
Hash:,5d1a7fbc3869f04da63186cd05e39c20
Game Version:,2.0.5.3
Challenge Start:,20:56:12.164
Pause Count:,7
Pause Duration:,190

Input Lag:,0
Max FPS (config):,999.0
Sens Scale:,Call of Duty
Horiz Sens:,7.5
Vert Sens:,7.5
FOV:,100.0
Hide Gun:,false
Crosshair:,plus.png
Crosshair Scale:,1.0
Crosshair Color:,FFFF00
Resolution,1920x1080
Avg FPS,324.313751
Resolution Scale,100.0
