Kill #,Timestamp,Bot,Weapon,TTK,Shots,Hits,Accuracy,Damage Done,Damage Possible,Efficiency,Cheated
1,19:05:27.451,target,BB Gun,0s,1,1,1,1,1,1,false
2,19:05:28.152,target,BB Gun,0s,1,1,1,1,1,1,false
3,19:05:28.914,target,BB Gun,0s,1,1,1,1,1,1,false
4,19:05:29.637,target,BB Gun,0s,1,1,1,1,1,1,false
5,19:05:30.249,target,BB Gun,0s,1,1,1,1,1,1,false
6,19:05:31.043,target,BB Gun,0s,1,1,1,1,1,1,false
7,19:05:31.622,target,BB Gun,0s,1,1,1,1,1,1,false
8,19:05:32.238,target,BB Gun,0s,1,1,1,1,1,1,false
9,19:05:32.953,target,BB Gun,0s,1,1,1,1,1,1,false
10,19:05:33.602,target,BB Gun,0s,1,1,1,1,1,1,false
11,19:05:34.432,target,BB Gun,0s,1,1,1,1,1,1,false
12,19:05:34.951,target,BB Gun,0s,1,1,1,1,1,1,false
13,19:05:35.667,target,BB Gun,0s,1,1,1,1,1,1,false
14,19:05:36.361,target,BB Gun,0.001s,1,1,1,1,1,1,false
15,19:05:37.112,target,BB Gun,0s,1,1,1,1,1,1,false
16,19:05:37.841,target,BB Gun,0.001s,1,1,1,1,1,1,false
17,19:05:38.441,target,BB Gun,0s,1,1,1,1,1,1,false
18,19:05:38.849,target,BB Gun,0s,1,1,1,1,1,1,false
19,19:05:39.633,target,BB Gun,0s,1,1,1,1,1,1,false
20,19:05:40.187,target,BB Gun,0s,1,1,1,1,1,1,false
21,19:05:40.927,target,BB Gun,0s,1,1,1,1,1,1,false
22,19:05:41.419,target,BB Gun,0s,1,1,1,1,1,1,false
23,19:05:42.066,target,BB Gun,0s,1,1,1,1,1,1,false
24,19:05:42.682,target,BB Gun,0s,1,1,1,1,1,1,false
25,19:05:43.398,target,BB Gun,0s,1,1,1,1,1,1,false
26,19:05:44.017,target,BB Gun,0s,1,1,1,1,1,1,false
27,19:05:44.648,target,BB Gun,0s,1,1,1,1,1,1,false
28,19:05:45.444,target,BB Gun,0s,1,1,1,1,1,1,false
29,19:05:46.156,target,BB Gun,0.001s,1,1,1,1,1,1,false
30,19:05:46.765,target,BB Gun,0s,1,1,1,1,1,1,false
31,19:05:47.554,target,BB Gun,0s,1,1,1,1,1,1,false
32,19:05:48.860,target,BB Gun,0.636s,3,1,0.333,1,3,0.333,false
33,19:05:49.677,target,BB Gun,0s,1,1,1,1,1,1,false
34,19:05:50.417,target,BB Gun,0s,1,1,1,1,1,1,false
35,19:05:51.111,target,BB Gun,0s,1,1,1,1,1,1,false
36,19:05:51.806,target,BB Gun,0s,1,1,1,1,1,1,false
37,19:05:52.447,target,BB Gun,0s,1,1,1,1,1,1,false
38,19:05:53.211,target,BB Gun,0s,1,1,1,1,1,1,false
39,19:05:54.047,target,BB Gun,0.001s,1,1,1,1,1,1,false
40,19:05:54.598,target,BB Gun,0s,1,1,1,1,1,1,false
41,19:05:55.190,target,BB Gun,0s,1,1,1,1,1,1,false
42,19:05:55.872,target,BB Gun,0s,1,1,1,1,1,1,false
43,19:05:56.482,target,BB Gun,0.001s,1,1,1,1,1,1,false
44,19:05:57.278,target,BB Gun,0s,1,1,1,1,1,1,false
45,19:05:58.057,target,BB Gun,0s,1,1,1,1,1,1,false
46,19:05:59.225,target,BB Gun,0s,1,1,1,1,1,1,false
47,19:05:59.977,target,BB Gun,0s,1,1,1,1,1,1,false
48,19:06:00.372,target,BB Gun,0s,1,1,1,1,1,1,false
49,19:06:01.873,target,BB Gun,0.868s,2,1,0.5,1,2,0.5,false
50,19:06:02.708,target,BB Gun,0s,1,1,1,1,1,1,false
51,19:06:03.991,target,BB Gun,0.685s,2,1,0.5,1,2,0.5,false
52,19:06:04.651,target,BB Gun,0s,1,1,1,1,1,1,false
53,19:06:05.351,target,BB Gun,0s,1,1,1,1,1,1,false
54,19:06:06.484,target,BB Gun,0s,1,1,1,1,1,1,false
55,19:06:07.204,target,BB Gun,0s,1,1,1,1,1,1,false
56,19:06:07.688,target,BB Gun,0s,1,1,1,1,1,1,false
57,19:06:08.724,target,BB Gun,0.582s,2,1,0.5,1,2,0.5,false
58,19:06:10.098,target,BB Gun,0.734s,2,1,0.5,1,2,0.5,false
59,19:06:10.531,target,BB Gun,0s,1,1,1,1,1,1,false
60,19:06:11.341,target,BB Gun,0.001s,1,1,1,1,1,1,false
61,19:06:12.180,target,BB Gun,0s,1,1,1,1,1,1,false
62,19:06:12.841,target,BB Gun,0s,1,1,1,1,1,1,false
63,19:06:13.688,target,BB Gun,0s,1,1,1,1,1,1,false
64,19:06:14.374,target,BB Gun,0s,1,1,1,1,1,1,false
65,19:06:15.085,target,BB Gun,0.001s,1,1,1,1,1,1,false
66,19:06:15.734,target,BB Gun,0s,1,1,1,1,1,1,false
67,19:06:16.417,target,BB Gun,0s,1,1,1,1,1,1,false
68,19:06:17.162,target,BB Gun,0s,1,1,1,1,1,1,false
69,19:06:17.891,target,BB Gun,0s,1,1,1,1,1,1,false
70,19:06:18.810,target,BB Gun,0.001s,1,1,1,1,1,1,false
71,19:06:19.325,target,BB Gun,0s,1,1,1,1,1,1,false
72,19:06:19.966,target,BB Gun,0.001s,1,1,1,1,1,1,false
73,19:06:20.497,target,BB Gun,0s,1,1,1,1,1,1,false
74,19:06:21.186,target,BB Gun,0s,1,1,1,1,1,1,false
75,19:06:21.713,target,BB Gun,0s,1,1,1,1,1,1,false
76,19:06:22.391,target,BB Gun,0s,1,1,1,1,1,1,false
77,19:06:22.901,target,BB Gun,0s,1,1,1,1,1,1,false
78,19:06:23.665,target,BB Gun,0.001s,1,1,1,1,1,1,false
79,19:06:24.316,target,BB Gun,0s,1,1,1,1,1,1,false
80,19:06:24.897,target,BB Gun,0s,1,1,1,1,1,1,false
81,19:06:25.710,target,BB Gun,0.001s,1,1,1,1,1,1,false

Weapon,Shots,Hits,Damage Done,Damage Possible,,Sens Scale,Horiz Sens,Vert Sens,FOV,Hide Gun,Crosshair,Crosshair Scale,Crosshair Color,ADS Sens,ADS Zoom Scale
BB Gun,87,81,81.0,87.0,

Kills:,81
Deaths:,0
Fight Time:,3.516
Avg TTK:,0
Damage Done:,81.0
Damage Taken:,0.0
Midairs:,0
Midaired:,0
Directs:,0
Directed:,0
Reloads:,0
Distance Traveled:,0.0
Score:,754.137939
Scenario:,1wall 6targets small
Hash:,7378a811f430b6072d052a75896afb98
Game Version:,2.0.5.3
Challenge Start:,19:05:26.429
Pause Count:,15
Pause Duration:,96

Input Lag:,0
Max FPS (config):,999.0
Sens Scale:,Call of Duty
Horiz Sens:,7.0
Vert Sens:,7.0
FOV:,100.0
Hide Gun:,false
Crosshair:,plus.png
Crosshair Scale:,1.0
Crosshair Color:,FFFF00
Resolution,1920x1080
Avg FPS,233.825256
Resolution Scale,100.0
