Kill #,Timestamp,Bot,Weapon,TTK,Shots,Hits,Accuracy,Damage Done,Damage Possible,Efficiency,Cheated
1,20:54:52.078,target,pistol,0s,1,1,1,25,50,0.5,false
2,20:54:53.230,target,pistol,0.29s,2,1,0.5,25,100,0.25,false
3,20:54:54.038,target,pistol,0s,1,1,1,25,50,0.5,false
4,20:54:54.691,target,pistol,0s,1,1,1,25,50,0.5,false
5,20:54:55.470,target,pistol,0s,1,1,1,25,50,0.5,false
6,20:54:56.039,target,pistol,0s,1,1,1,25,50,0.5,false
7,20:54:56.707,target,pistol,0s,1,1,1,25,50,0.5,false
8,20:54:57.334,target,pistol,0s,1,1,1,25,50,0.5,false
9,20:54:58.092,target,pistol,0s,1,1,1,25,50,0.5,false
10,20:54:58.785,target,pistol,0s,1,1,1,25,50,0.5,false
11,20:54:59.577,target,pistol,0.192s,2,1,0.5,25,100,0.25,false
12,20:55:00.348,target,pistol,0s,1,1,1,25,50,0.5,false
13,20:55:01.113,target,pistol,0.001s,1,1,1,25,50,0.5,false
14,20:55:01.930,target,pistol,0s,1,1,1,25,50,0.5,false
15,20:55:02.951,target,pistol,0s,1,1,1,25,50,0.5,false
16,20:55:03.652,target,pistol,0.001s,1,1,1,25,50,0.5,false
17,20:55:04.360,target,pistol,0s,1,1,1,25,50,0.5,false
18,20:55:04.842,target,pistol,0s,1,1,1,25,50,0.5,false
19,20:55:05.806,target,pistol,0s,1,1,1,25,50,0.5,false
20,20:55:06.337,target,pistol,0s,1,1,1,25,50,0.5,false
21,20:55:06.899,target,pistol,0s,1,1,1,25,50,0.5,false
22,20:55:07.555,target,pistol,0s,1,1,1,25,50,0.5,false
23,20:55:08.141,target,pistol,0s,1,1,1,25,50,0.5,false
24,20:55:09.949,target,pistol,0.97s,2,1,0.5,25,100,0.25,false
25,20:55:10.590,target,pistol,0.001s,1,1,1,25,50,0.5,false
26,20:55:11.191,target,pistol,0s,1,1,1,25,50,0.5,false
27,20:55:11.816,target,pistol,0s,1,1,1,25,50,0.5,false
28,20:55:12.618,target,pistol,0s,1,1,1,25,50,0.5,false
29,20:55:13.331,target,pistol,0s,1,1,1,25,50,0.5,false
30,20:55:14.187,target,pistol,0.195s,2,1,0.5,25,100,0.25,false
31,20:55:14.952,target,pistol,0s,1,1,1,25,50,0.5,false
32,20:55:15.649,target,pistol,0s,1,1,1,25,50,0.5,false
33,20:55:17.140,target,pistol,0.838s,2,1,0.5,25,100,0.25,false
34,20:55:17.781,target,pistol,0s,1,1,1,25,50,0.5,false
35,20:55:18.809,target,pistol,0s,1,1,1,25,50,0.5,false
36,20:55:19.884,target,pistol,0s,1,1,1,25,50,0.5,false
37,20:55:20.793,target,pistol,0.233s,2,1,0.5,25,100,0.25,false
38,20:55:21.773,target,pistol,0.29s,2,1,0.5,25,100,0.25,false
39,20:55:22.422,target,pistol,0s,1,1,1,25,50,0.5,false
40,20:55:23.202,target,pistol,0s,1,1,1,25,50,0.5,false
41,20:55:24.525,target,pistol,1s,3,1,0.333,25,150,0.167,false
42,20:55:25.455,target,pistol,0.28s,2,1,0.5,25,100,0.25,false
43,20:55:25.980,target,pistol,0s,1,1,1,25,50,0.5,false
44,20:55:26.705,target,pistol,0s,1,1,1,25,50,0.5,false
45,20:55:27.559,target,pistol,0s,1,1,1,25,50,0.5,false
46,20:55:28.249,target,pistol,0s,1,1,1,25,50,0.5,false
47,20:55:29.029,target,pistol,0s,1,1,1,25,50,0.5,false
48,20:55:29.512,target,pistol,0s,1,1,1,25,50,0.5,false
49,20:55:30.460,target,pistol,0.377s,2,1,0.5,25,100,0.25,false
50,20:55:30.990,target,pistol,0s,1,1,1,25,50,0.5,false
51,20:55:31.779,target,pistol,0s,1,1,1,25,50,0.5,false
52,20:55:32.588,target,pistol,0s,1,1,1,25,50,0.5,false
53,20:55:33.218,target,pistol,0s,1,1,1,25,50,0.5,false
54,20:55:34.054,target,pistol,0.001s,1,1,1,25,50,0.5,false
55,20:55:34.823,target,pistol,0s,1,1,1,25,50,0.5,false
56,20:55:35.452,target,pistol,0s,1,1,1,25,50,0.5,false
57,20:55:36.222,target,pistol,0s,1,1,1,25,50,0.5,false
58,20:55:36.877,target,pistol,0s,1,1,1,25,50,0.5,false
59,20:55:37.478,target,pistol,0s,1,1,1,25,50,0.5,false
60,20:55:38.366,target,pistol,0s,1,1,1,25,50,0.5,false
61,20:55:39.371,target,pistol,0.512s,2,1,0.5,25,100,0.25,false
62,20:55:40.218,target,pistol,0s,1,1,1,25,50,0.5,false
63,20:55:40.998,target,pistol,0s,1,1,1,25,50,0.5,false
64,20:55:42.135,target,pistol,0.25s,2,1,0.5,25,100,0.25,false
65,20:55:42.881,target,pistol,0s,1,1,1,25,50,0.5,false
66,20:55:43.300,target,pistol,0s,1,1,1,25,50,0.5,false
67,20:55:45.006,target,pistol,0.978s,3,1,0.333,25,150,0.167,false
68,20:55:45.633,target,pistol,0s,1,1,1,25,50,0.5,false
69,20:55:46.391,target,pistol,0s,1,1,1,25,50,0.5,false
70,20:55:47.159,target,pistol,0.001s,1,1,1,25,50,0.5,false
71,20:55:47.851,target,pistol,0s,1,1,1,25,50,0.5,false
72,20:55:48.561,target,pistol,0s,1,1,1,25,50,0.5,false
73,20:55:49.267,target,pistol,0.001s,1,1,1,25,50,0.5,false
74,20:55:50.101,target,pistol,0.224s,2,1,0.5,25,100,0.25,false
75,20:55:50.826,target,pistol,0s,1,1,1,25,50,0.5,false
76,20:55:51.761,target,pistol,0s,1,1,1,25,50,0.5,false
77,20:55:52.417,target,pistol,0s,1,1,1,25,50,0.5,false
78,20:55:53.222,target,pistol,0s,1,1,1,25,50,0.5,false
79,20:55:53.881,target,pistol,0s,1,1,1,25,50,0.5,false
80,20:55:54.518,target,pistol,0s,1,1,1,25,50,0.5,false
81,20:55:55.248,target,pistol,0s,1,1,1,25,50,0.5,false
82,20:55:56.116,target,pistol,0s,1,1,1,25,50,0.5,false
83,20:55:56.625,target,pistol,0s,1,1,1,25,50,0.5,false
84,20:55:57.336,target,pistol,0s,1,1,1,25,50,0.5,false
85,20:55:58.000,target,pistol,0.001s,1,1,1,25,50,0.5,false
86,20:55:58.705,target,pistol,0s,1,1,1,25,50,0.5,false
87,20:55:59.325,target,pistol,0s,1,1,1,25,50,0.5,false
88,20:55:59.925,target,pistol,0s,1,1,1,25,50,0.5,false
89,20:56:00.597,target,pistol,0s,1,1,1,25,50,0.5,false
90,20:56:01.163,target,pistol,0s,1,1,1,25,50,0.5,false
91,20:56:02.165,target,pistol,0s,1,1,1,25,50,0.5,false
92,20:56:03.029,target,pistol,0s,1,1,1,25,50,0.5,false
93,20:56:03.921,target,pistol,0s,1,1,1,25,50,0.5,false
94,20:56:04.509,target,pistol,0s,1,1,1,25,50,0.5,false
95,20:56:05.543,target,pistol,0.236s,2,1,0.5,25,100,0.25,false
96,20:56:06.192,target,pistol,0s,1,1,1,25,50,0.5,false
97,20:56:07.634,target,pistol,0.824s,2,1,0.5,25,100,0.25,false
98,20:56:08.344,target,pistol,0s,1,1,1,25,50,0.5,false
99,20:56:08.885,target,pistol,0s,1,1,1,25,50,0.5,false
100,20:56:09.797,target,pistol,0s,1,1,1,25,50,0.5,false
101,20:56:10.646,target,pistol,0s,1,1,1,25,50,0.5,false
102,20:56:11.304,target,pistol,0s,1,1,1,25,50,0.5,false
103,20:56:12.062,target,pistol,0s,1,1,1,25,50,0.5,false
104,20:56:13.481,target,pistol,0.809s,3,1,0.333,25,150,0.167,false
105,20:56:14.153,target,pistol,0s,1,1,1,25,50,0.5,false
106,20:56:15.062,target,pistol,0s,1,1,1,25,50,0.5,false
107,20:56:15.549,target,pistol,0s,1,1,1,25,50,0.5,false
108,20:56:16.411,target,pistol,0s,1,1,1,25,50,0.5,false
109,20:56:17.114,target,pistol,0s,1,1,1,25,50,0.5,false
110,20:56:17.881,target,pistol,0s,1,1,1,25,50,0.5,false
111,20:56:18.663,target,pistol,0s,1,1,1,25,50,0.5,false
112,20:56:19.532,target,pistol,0s,1,1,1,25,50,0.5,false
113,20:56:21.310,target,pistol,0.825s,2,1,0.5,25,100,0.25,false
114,20:56:22.072,target,pistol,0s,1,1,1,25,50,0.5,false
115,20:56:22.775,target,pistol,0s,1,1,1,25,50,0.5,false
116,20:56:24.036,target,pistol,0.444s,2,1,0.5,25,100,0.25,false
117,20:56:24.691,target,pistol,0s,1,1,1,25,50,0.5,false
118,20:56:25.614,target,pistol,0s,1,1,1,25,50,0.5,false
119,20:56:26.172,target,pistol,0s,1,1,1,25,50,0.5,false
120,20:56:26.753,target,pistol,0s,1,1,1,25,50,0.5,false
121,20:56:27.450,target,pistol,0s,1,1,1,25,50,0.5,false
122,20:56:28.337,target,pistol,0s,1,1,1,25,50,0.5,false
123,20:56:28.908,target,pistol,0s,1,1,1,25,50,0.5,false
124,20:56:29.841,target,pistol,0s,1,1,1,25,50,0.5,false
125,20:56:30.677,target,pistol,0s,1,1,1,25,50,0.5,false
126,20:56:31.442,target,pistol,0s,1,1,1,25,50,0.5,false
127,20:56:32.127,target,pistol,0s,1,1,1,25,50,0.5,false
128,20:56:32.750,target,pistol,0s,1,1,1,25,50,0.5,false
129,20:56:33.687,target,pistol,0s,1,1,1,25,50,0.5,false
130,20:56:34.425,target,pistol,0.001s,1,1,1,25,50,0.5,false
131,20:56:35.120,target,pistol,0s,1,1,1,25,50,0.5,false
132,20:56:35.720,target,pistol,0s,1,1,1,25,50,0.5,false
133,20:56:36.535,target,pistol,0s,1,1,1,25,50,0.5,false
134,20:56:37.331,target,pistol,0s,1,1,1,25,50,0.5,false
135,20:56:37.982,target,pistol,0s,1,1,1,25,50,0.5,false
136,20:56:38.569,target,pistol,0s,1,1,1,25,50,0.5,false
137,20:56:39.277,target,pistol,0s,1,1,1,25,50,0.5,false
138,20:56:39.979,target,pistol,0s,1,1,1,25,50,0.5,false
139,20:56:40.693,target,pistol,0s,1,1,1,25,50,0.5,false
140,20:56:42.225,target,pistol,0.965s,2,1,0.5,25,100,0.25,false
141,20:56:43.131,target,pistol,0s,1,1,1,25,50,0.5,false
142,20:56:43.805,target,pistol,0.001s,1,1,1,25,50,0.5,false
143,20:56:44.503,target,pistol,0.001s,1,1,1,25,50,0.5,false
144,20:56:45.222,target,pistol,0s,1,1,1,25,50,0.5,false
145,20:56:45.883,target,pistol,0s,1,1,1,25,50,0.5,false
146,20:56:46.485,target,pistol,0s,1,1,1,25,50,0.5,false
147,20:56:47.126,target,pistol,0s,1,1,1,25,50,0.5,false
148,20:56:47.951,target,pistol,0s,1,1,1,25,50,0.5,false
149,20:56:48.606,target,pistol,0.001s,1,1,1,25,50,0.5,false
150,20:56:49.389,target,pistol,0s,1,1,1,25,50,0.5,false
151,20:56:49.889,target,pistol,0s,1,1,1,25,50,0.5,false
152,20:56:50.533,target,pistol,0s,1,1,1,25,50,0.5,false
153,20:56:51.546,target,pistol,0.42s,2,1,0.5,25,100,0.25,false
154,20:56:52.336,target,pistol,0s,1,1,1,25,50,0.5,false
155,20:56:53.191,target,pistol,0s,1,1,1,25,50,0.5,false
156,20:56:53.853,target,pistol,0s,1,1,1,25,50,0.5,false
157,20:56:54.514,target,pistol,0s,1,1,1,25,50,0.5,false
158,20:56:55.372,target,pistol,0.001s,1,1,1,25,50,0.5,false
159,20:56:56.101,target,pistol,0s,1,1,1,25,50,0.5,false
160,20:56:56.781,target,pistol,0s,1,1,1,25,50,0.5,false
161,20:56:57.447,target,pistol,0s,1,1,1,25,50,0.5,false
162,20:56:58.278,target,pistol,0s,1,1,1,25,50,0.5,false
163,20:56:59.663,target,pistol,0.645s,3,1,0.333,25,150,0.167,false
164,20:57:00.173,target,pistol,0s,1,1,1,25,50,0.5,false
165,20:57:00.739,target,pistol,0s,1,1,1,25,50,0.5,false
166,20:57:01.242,target,pistol,0s,1,1,1,25,50,0.5,false
167,20:57:01.921,target,pistol,0s,1,1,1,25,50,0.5,false
168,20:57:02.706,target,pistol,0s,1,1,1,25,50,0.5,false
169,20:57:03.467,target,pistol,0s,1,1,1,25,50,0.5,false
170,20:57:04.052,target,pistol,0s,1,1,1,25,50,0.5,false
171,20:57:04.991,target,pistol,0s,1,1,1,25,50,0.5,false
172,20:57:05.592,target,pistol,0s,1,1,1,25,50,0.5,false
173,20:57:06.391,target,pistol,0.177s,2,1,0.5,25,100,0.25,false
174,20:57:07.958,target,pistol,1.149s,4,1,0.25,25,200,0.125,false
175,20:57:08.419,target,pistol,0s,1,1,1,25,50,0.5,false
176,20:57:09.417,target,pistol,0s,1,1,1,25,50,0.5,false
177,20:57:10.000,target,pistol,0s,1,1,1,25,50,0.5,false
178,20:57:10.706,target,pistol,0s,1,1,1,25,50,0.5,false
179,20:57:11.502,target,pistol,0s,1,1,1,25,50,0.5,false
180,20:57:12.071,target,pistol,0s,1,1,1,25,50,0.5,false
181,20:57:12.824,target,pistol,0s,1,1,1,25,50,0.5,false
182,20:57:13.665,target,pistol,0s,1,1,1,25,50,0.5,false
183,20:57:14.422,target,pistol,0s,1,1,1,25,50,0.5,false
184,20:57:15.217,target,pistol,0s,1,1,1,25,50,0.5,false
185,20:57:15.960,target,pistol,0s,1,1,1,25,50,0.5,false
186,20:57:16.679,target,pistol,0s,1,1,1,25,50,0.5,false
187,20:57:17.421,target,pistol,0s,1,1,1,25,50,0.5,false
188,20:57:18.058,target,pistol,0s,1,1,1,25,50,0.5,false
189,20:57:18.785,target,pistol,0s,1,1,1,25,50,0.5,false
190,20:57:20.192,target,pistol,0.516s,3,1,0.333,25,150,0.167,false
191,20:57:20.903,target,pistol,0s,1,1,1,25,50,0.5,false
192,20:57:21.871,target,pistol,0s,1,1,1,25,50,0.5,false
193,20:57:22.901,target,pistol,0.293s,2,1,0.5,25,100,0.25,false
194,20:57:23.592,target,pistol,0s,1,1,1,25,50,0.5,false
195,20:57:24.476,target,pistol,0s,1,1,1,25,50,0.5,false
196,20:57:24.942,target,pistol,0s,1,1,1,25,50,0.5,false
197,20:57:25.526,target,pistol,0s,1,1,1,25,50,0.5,false
198,20:57:26.235,target,pistol,0.001s,1,1,1,25,50,0.5,false
199,20:57:26.872,target,pistol,0s,1,1,1,25,50,0.5,false
200,20:57:27.511,target,pistol,0s,1,1,1,25,50,0.5,false
201,20:57:28.395,target,pistol,0s,1,1,1,25,50,0.5,false
202,20:57:29.217,target,pistol,0s,1,1,1,25,50,0.5,false
203,20:57:30.264,target,pistol,0s,1,1,1,25,50,0.5,false
204,20:57:30.851,target,pistol,0s,1,1,1,25,50,0.5,false
205,20:57:31.665,target,pistol,0.311s,2,1,0.5,25,100,0.25,false
206,20:57:32.246,target,pistol,0s,1,1,1,25,50,0.5,false
207,20:57:32.941,target,pistol,0s,1,1,1,25,50,0.5,false
208,20:57:33.842,target,pistol,0s,1,1,1,25,50,0.5,false
209,20:57:34.726,target,pistol,0.167s,2,1,0.5,25,100,0.25,false
210,20:57:35.286,target,pistol,0s,1,1,1,25,50,0.5,false
211,20:57:35.931,target,pistol,0s,1,1,1,25,50,0.5,false
212,20:57:36.441,target,pistol,0s,1,1,1,25,50,0.5,false
213,20:57:37.471,target,pistol,0.287s,2,1,0.5,25,100,0.25,false
214,20:57:38.039,target,pistol,0s,1,1,1,25,50,0.5,false
215,20:57:38.811,target,pistol,0s,1,1,1,25,50,0.5,false
216,20:57:39.593,target,pistol,0.001s,1,1,1,25,50,0.5,false
217,20:57:40.454,target,pistol,0s,1,1,1,25,50,0.5,false
218,20:57:41.589,target,pistol,0s,1,1,1,25,50,0.5,false
219,20:57:42.166,target,pistol,0s,1,1,1,25,50,0.5,false
220,20:57:43.046,target,pistol,0s,1,1,1,25,50,0.5,false
221,20:57:43.916,target,pistol,0s,1,1,1,25,50,0.5,false
222,20:57:44.820,target,pistol,0s,1,1,1,25,50,0.5,false
223,20:57:45.406,target,pistol,0s,1,1,1,25,50,0.5,false
224,20:57:46.198,target,pistol,0s,1,1,1,25,50,0.5,false
225,20:57:46.981,target,pistol,0.001s,1,1,1,25,50,0.5,false
226,20:57:47.524,target,pistol,0s,1,1,1,25,50,0.5,false
227,20:57:48.168,target,pistol,0.001s,1,1,1,25,50,0.5,false
228,20:57:49.349,target,pistol,0.433s,2,1,0.5,25,100,0.25,false
229,20:57:49.979,target,pistol,0s,1,1,1,25,50,0.5,false
230,20:57:50.562,target,pistol,0s,1,1,1,25,50,0.5,false
231,20:57:51.045,target,pistol,0s,1,1,1,25,50,0.5,false
232,20:57:51.780,target,pistol,0s,1,1,1,25,50,0.5,false
233,20:57:52.654,target,pistol,0s,1,1,1,25,50,0.5,false
234,20:57:53.279,target,pistol,0s,1,1,1,25,50,0.5,false
235,20:57:54.105,target,pistol,0s,1,1,1,25,50,0.5,false
236,20:57:54.509,target,pistol,0s,1,1,1,25,50,0.5,false
237,20:57:55.838,target,pistol,0.884s,3,1,0.333,25,150,0.167,false
238,20:57:56.506,target,pistol,0s,1,1,1,25,50,0.5,false
239,20:57:57.130,target,pistol,0s,1,1,1,25,50,0.5,false
240,20:57:57.786,target,pistol,0s,1,1,1,25,50,0.5,false
241,20:57:58.581,target,pistol,0s,1,1,1,25,50,0.5,false
242,20:57:59.472,target,pistol,0s,1,1,1,25,50,0.5,false
243,20:58:00.368,target,pistol,0s,1,1,1,25,50,0.5,false
244,20:58:01.167,target,pistol,0s,1,1,1,25,50,0.5,false
245,20:58:01.947,target,pistol,0s,1,1,1,25,50,0.5,false
246,20:58:02.417,target,pistol,0s,1,1,1,25,50,0.5,false
247,20:58:03.242,target,pistol,0s,1,1,1,25,50,0.5,false
248,20:58:03.958,target,pistol,0s,1,1,1,25,50,0.5,false
249,20:58:04.514,target,pistol,0s,1,1,1,25,50,0.5,false
250,20:58:05.306,target,pistol,0.001s,1,1,1,25,50,0.5,false
251,20:58:06.050,target,pistol,0s,1,1,1,25,50,0.5,false
252,20:58:06.594,target,pistol,0s,1,1,1,25,50,0.5,false
253,20:58:07.590,target,pistol,0s,1,1,1,25,50,0.5,false
254,20:58:08.436,target,pistol,0s,1,1,1,25,50,0.5,false
255,20:58:09.040,target,pistol,0s,1,1,1,25,50,0.5,false
256,20:58:10.160,target,pistol,0.295s,2,1,0.5,25,100,0.25,false
257,20:58:11.209,target,pistol,0s,1,1,1,25,50,0.5,false
258,20:58:12.209,target,pistol,0s,1,1,1,25,50,0.5,false
259,20:58:13.123,target,pistol,0s,1,1,1,25,50,0.5,false
260,20:58:14.240,target,pistol,0.35s,2,1,0.5,25,100,0.25,false
261,20:58:15.707,target,pistol,0s,1,1,1,25,50,0.5,false
262,20:58:16.395,target,pistol,0s,1,1,1,25,50,0.5,false
263,20:58:17.036,target,pistol,0.001s,1,1,1,25,50,0.5,false
264,20:58:17.769,target,pistol,0s,1,1,1,25,50,0.5,false
265,20:58:18.369,target,pistol,0s,1,1,1,25,50,0.5,false
266,20:58:19.082,target,pistol,0s,1,1,1,25,50,0.5,false
267,20:58:19.855,target,pistol,0s,1,1,1,25,50,0.5,false
268,20:58:20.852,target,pistol,0s,1,1,1,25,50,0.5,false
269,20:58:21.450,target,pistol,0.001s,1,1,1,25,50,0.5,false
270,20:58:22.270,target,pistol,0s,1,1,1,25,50,0.5,false
271,20:58:22.931,target,pistol,0s,1,1,1,25,50,0.5,false
272,20:58:23.854,target,pistol,0s,1,1,1,25,50,0.5,false
273,20:58:24.871,target,pistol,0.001s,1,1,1,25,50,0.5,false
274,20:58:25.868,target,pistol,0s,1,1,1,25,50,0.5,false
275,20:58:26.740,target,pistol,0s,1,1,1,25,50,0.5,false
276,20:58:27.756,target,pistol,0.292s,2,1,0.5,25,100,0.25,false
277,20:58:28.596,target,pistol,0s,1,1,1,25,50,0.5,false
278,20:58:29.395,target,pistol,0s,1,1,1,25,50,0.5,false
279,20:58:30.290,target,pistol,0.001s,1,1,1,25,50,0.5,false
280,20:58:31.516,target,pistol,0.331s,2,1,0.5,25,100,0.25,false
281,20:58:32.344,target,pistol,0s,1,1,1,25,50,0.5,false
282,20:58:33.075,target,pistol,0s,1,1,1,25,50,0.5,false
283,20:58:33.872,target,pistol,0s,1,1,1,25,50,0.5,false
284,20:58:34.418,target,pistol,0s,1,1,1,25,50,0.5,false
285,20:58:34.967,target,pistol,0s,1,1,1,25,50,0.5,false
286,20:58:35.470,target,pistol,0s,1,1,1,25,50,0.5,false
287,20:58:36.270,target,pistol,0s,1,1,1,25,50,0.5,false
288,20:58:37.192,target,pistol,0s,1,1,1,25,50,0.5,false
289,20:58:37.956,target,pistol,0s,1,1,1,25,50,0.5,false
290,20:58:38.918,target,pistol,0.001s,1,1,1,25,50,0.5,false
291,20:58:39.536,target,pistol,0s,1,1,1,25,50,0.5,false
292,20:58:40.189,target,pistol,0s,1,1,1,25,50,0.5,false
293,20:58:41.020,target,pistol,0s,1,1,1,25,50,0.5,false
294,20:58:42.011,target,pistol,0s,1,1,1,25,50,0.5,false
295,20:58:43.021,target,pistol,0.001s,1,1,1,25,50,0.5,false
296,20:58:43.738,target,pistol,0.001s,1,1,1,25,50,0.5,false
297,20:58:44.426,target,pistol,0s,1,1,1,25,50,0.5,false
298,20:58:45.198,target,pistol,0s,1,1,1,25,50,0.5,false
299,20:58:45.813,target,pistol,0s,1,1,1,25,50,0.5,false
300,20:58:46.549,target,pistol,0s,1,1,1,25,50,0.5,false
301,20:58:47.316,target,pistol,0s,1,1,1,25,50,0.5,false
302,20:58:48.034,target,pistol,0s,1,1,1,25,50,0.5,false
303,20:58:48.787,target,pistol,0s,1,1,1,25,50,0.5,false
304,20:58:49.334,target,pistol,0s,1,1,1,25,50,0.5,false
305,20:58:49.963,target,pistol,0s,1,1,1,25,50,0.5,false
306,20:58:50.396,target,pistol,0s,1,1,1,25,50,0.5,false
307,20:58:51.064,target,pistol,0s,1,1,1,25,50,0.5,false
308,20:58:51.932,target,pistol,0.001s,1,1,1,25,50,0.5,false
309,20:58:52.507,target,pistol,0s,1,1,1,25,50,0.5,false
310,20:58:53.167,target,pistol,0s,1,1,1,25,50,0.5,false
311,20:58:53.895,target,pistol,0s,1,1,1,25,50,0.5,false
312,20:58:54.514,target,pistol,0s,1,1,1,25,50,0.5,false
313,20:58:55.151,target,pistol,0s,1,1,1,25,50,0.5,false
314,20:58:55.834,target,pistol,0s,1,1,1,25,50,0.5,false
315,20:58:56.364,target,pistol,0s,1,1,1,25,50,0.5,false
316,20:58:57.906,target,pistol,0.714s,2,1,0.5,25,100,0.25,false
317,20:58:58.617,target,pistol,0s,1,1,1,25,50,0.5,false
318,20:58:59.713,target,pistol,0.001s,1,1,1,25,50,0.5,false
319,20:59:00.561,target,pistol,0s,1,1,1,25,50,0.5,false
320,20:59:01.248,target,pistol,0s,1,1,1,25,50,0.5,false
321,20:59:01.840,target,pistol,0s,1,1,1,25,50,0.5,false
322,20:59:02.528,target,pistol,0s,1,1,1,25,50,0.5,false
323,20:59:03.262,target,pistol,0s,1,1,1,25,50,0.5,false
324,20:59:04.107,target,pistol,0s,1,1,1,25,50,0.5,false
325,20:59:05.037,target,pistol,0s,1,1,1,25,50,0.5,false
326,20:59:05.640,target,pistol,0s,1,1,1,25,50,0.5,false
327,20:59:06.598,target,pistol,0.152s,2,1,0.5,25,100,0.25,false
328,20:59:07.426,target,pistol,0s,1,1,1,25,50,0.5,false
329,20:59:08.255,target,pistol,0s,1,1,1,25,50,0.5,false
330,20:59:08.906,target,pistol,0s,1,1,1,25,50,0.5,false
331,20:59:09.531,target,pistol,0.001s,1,1,1,25,50,0.5,false
332,20:59:10.121,target,pistol,0s,1,1,1,25,50,0.5,false
333,20:59:11.216,target,pistol,0.659s,3,1,0.333,25,150,0.167,false
334,20:59:11.809,target,pistol,0s,1,1,1,25,50,0.5,false
335,20:59:12.442,target,pistol,0s,1,1,1,25,50,0.5,false
336,20:59:13.138,target,pistol,0s,1,1,1,25,50,0.5,false
337,20:59:13.769,target,pistol,0s,1,1,1,25,50,0.5,false
338,20:59:14.538,target,pistol,0s,1,1,1,25,50,0.5,false
339,20:59:15.213,target,pistol,0s,1,1,1,25,50,0.5,false
340,20:59:16.109,target,pistol,0s,1,1,1,25,50,0.5,false
341,20:59:16.638,target,pistol,0s,1,1,1,25,50,0.5,false
342,20:59:17.303,target,pistol,0s,1,1,1,25,50,0.5,false
343,20:59:17.845,target,pistol,0s,1,1,1,25,50,0.5,false
344,20:59:19.301,target,pistol,0.639s,2,1,0.5,25,100,0.25,false
345,20:59:19.906,target,pistol,0s,1,1,1,25,50,0.5,false
346,20:59:20.768,target,pistol,0s,1,1,1,25,50,0.5,false
347,20:59:21.532,target,pistol,0s,1,1,1,25,50,0.5,false
348,20:59:22.242,target,pistol,0.001s,1,1,1,25,50,0.5,false
349,20:59:23.023,target,pistol,0s,1,1,1,25,50,0.5,false
350,20:59:23.803,target,pistol,0s,1,1,1,25,50,0.5,false
351,20:59:24.364,target,pistol,0.001s,1,1,1,25,50,0.5,false
352,20:59:24.769,target,pistol,0s,1,1,1,25,50,0.5,false
353,20:59:25.732,target,pistol,0.001s,1,1,1,25,50,0.5,false
354,20:59:26.533,target,pistol,0s,1,1,1,25,50,0.5,false
355,20:59:27.120,target,pistol,0s,1,1,1,25,50,0.5,false
356,20:59:27.975,target,pistol,0.001s,1,1,1,25,50,0.5,false
357,20:59:28.643,target,pistol,0s,1,1,1,25,50,0.5,false
358,20:59:29.470,target,pistol,0s,1,1,1,25,50,0.5,false
359,20:59:30.149,target,pistol,0s,1,1,1,25,50,0.5,false
360,20:59:30.960,target,pistol,0s,1,1,1,25,50,0.5,false
361,20:59:31.583,target,pistol,0s,1,1,1,25,50,0.5,false
362,20:59:32.091,target,pistol,0s,1,1,1,25,50,0.5,false
363,20:59:32.927,target,pistol,0s,1,1,1,25,50,0.5,false
364,20:59:33.699,target,pistol,0s,1,1,1,25,50,0.5,false
365,20:59:34.501,target,pistol,0s,1,1,1,25,50,0.5,false
366,20:59:35.234,target,pistol,0.001s,1,1,1,25,50,0.5,false
367,20:59:35.891,target,pistol,0s,1,1,1,25,50,0.5,false
368,20:59:36.550,target,pistol,0s,1,1,1,25,50,0.5,false
369,20:59:37.235,target,pistol,0.001s,1,1,1,25,50,0.5,false
370,20:59:38.130,target,pistol,0s,1,1,1,25,50,0.5,false
371,20:59:38.801,target,pistol,0s,1,1,1,25,50,0.5,false
372,20:59:39.534,target,pistol,0s,1,1,1,25,50,0.5,false
373,20:59:40.356,target,pistol,0s,1,1,1,25,50,0.5,false
374,20:59:41.017,target,pistol,0s,1,1,1,25,50,0.5,false
375,20:59:42.359,target,pistol,0.69s,2,1,0.5,25,100,0.25,false
376,20:59:43.157,target,pistol,0s,1,1,1,25,50,0.5,false
377,20:59:43.743,target,pistol,0s,1,1,1,25,50,0.5,false
378,20:59:44.275,target,pistol,0s,1,1,1,25,50,0.5,false
379,20:59:46.035,target,pistol,0.877s,2,1,0.5,25,100,0.25,false
380,20:59:46.601,target,pistol,0s,1,1,1,25,50,0.5,false
381,20:59:47.349,target,pistol,0s,1,1,1,25,50,0.5,false
382,20:59:48.168,target,pistol,0s,1,1,1,25,50,0.5,false
383,20:59:48.753,target,pistol,0s,1,1,1,25,50,0.5,false
384,20:59:49.422,target,pistol,0s,1,1,1,25,50,0.5,false
385,20:59:50.017,target,pistol,0s,1,1,1,25,50,0.5,false
386,20:59:50.630,target,pistol,0s,1,1,1,25,50,0.5,false
387,20:59:51.315,target,pistol,0s,1,1,1,25,50,0.5,false
388,20:59:52.078,target,pistol,0.001s,1,1,1,25,50,0.5,false
389,20:59:52.881,target,pistol,0s,1,1,1,25,50,0.5,false
390,20:59:53.583,target,pistol,0s,1,1,1,25,50,0.5,false
391,20:59:54.019,target,pistol,0s,1,1,1,25,50,0.5,false
392,20:59:54.576,target,pistol,0s,1,1,1,25,50,0.5,false
393,20:59:54.958,target,pistol,0s,1,1,1,25,50,0.5,false
394,20:59:55.560,target,pistol,0s,1,1,1,25,50,0.5,false
395,20:59:56.303,target,pistol,0s,1,1,1,25,50,0.5,false
396,20:59:57.254,target,pistol,0.461s,2,1,0.5,25,100,0.25,false
397,20:59:58.308,target,pistol,0.292s,2,1,0.5,25,100,0.25,false
398,20:59:59.591,target,pistol,0s,1,1,1,25,50,0.5,false
399,21:00:00.169,target,pistol,0s,1,1,1,25,50,0.5,false
400,21:00:00.664,target,pistol,0s,1,1,1,25,50,0.5,false
401,21:00:01.193,target,pistol,0s,1,1,1,25,50,0.5,false
402,21:00:01.925,target,pistol,0s,1,1,1,25,50,0.5,false
403,21:00:02.741,target,pistol,0s,1,1,1,25,50,0.5,false
404,21:00:03.359,target,pistol,0s,1,1,1,25,50,0.5,false
405,21:00:03.739,target,pistol,0s,1,1,1,25,50,0.5,false
406,21:00:04.506,target,pistol,0s,1,1,1,25,50,0.5,false
407,21:00:05.145,target,pistol,0s,1,1,1,25,50,0.5,false
408,21:00:05.773,target,pistol,0s,1,1,1,25,50,0.5,false
409,21:00:06.448,target,pistol,0s,1,1,1,25,50,0.5,false
410,21:00:07.016,target,pistol,0s,1,1,1,25,50,0.5,false
411,21:00:07.606,target,pistol,0s,1,1,1,25,50,0.5,false
412,21:00:08.541,target,pistol,0s,1,1,1,25,50,0.5,false
413,21:00:09.019,target,pistol,0s,1,1,1,25,50,0.5,false
414,21:00:09.810,target,pistol,0.292s,2,1,0.5,25,100,0.25,false
415,21:00:10.679,target,pistol,0s,1,1,1,25,50,0.5,false
416,21:00:11.359,target,pistol,0s,1,1,1,25,50,0.5,false
417,21:00:12.239,target,pistol,0s,1,1,1,25,50,0.5,false
418,21:00:12.852,target,pistol,0s,1,1,1,25,50,0.5,false
419,21:00:13.490,target,pistol,0s,1,1,1,25,50,0.5,false
420,21:00:14.108,target,pistol,0s,1,1,1,25,50,0.5,false
421,21:00:14.606,target,pistol,0s,1,1,1,25,50,0.5,false
422,21:00:15.622,target,pistol,0s,1,1,1,25,50,0.5,false
423,21:00:16.974,target,pistol,0.602s,3,1,0.333,25,150,0.167,false
424,21:00:17.721,target,pistol,0s,1,1,1,25,50,0.5,false
425,21:00:18.276,target,pistol,0s,1,1,1,25,50,0.5,false
426,21:00:19.862,target,pistol,0s,1,1,1,25,50,0.5,false
427,21:00:20.670,target,pistol,0s,1,1,1,25,50,0.5,false
428,21:00:21.573,target,pistol,0s,1,1,1,25,50,0.5,false
429,21:00:22.571,target,pistol,0.345s,2,1,0.5,25,100,0.25,false
430,21:00:23.725,target,pistol,0.313s,2,1,0.5,25,100,0.25,false
431,21:00:24.631,target,pistol,0s,1,1,1,25,50,0.5,false
432,21:00:25.290,target,pistol,0s,1,1,1,25,50,0.5,false
433,21:00:25.894,target,pistol,0.001s,1,1,1,25,50,0.5,false
434,21:00:26.564,target,pistol,0s,1,1,1,25,50,0.5,false
435,21:00:27.203,target,pistol,0s,1,1,1,25,50,0.5,false
436,21:00:28.017,target,pistol,0.269s,2,1,0.5,25,100,0.25,false
437,21:00:28.644,target,pistol,0s,1,1,1,25,50,0.5,false
438,21:00:29.291,target,pistol,0s,1,1,1,25,50,0.5,false
439,21:00:30.036,target,pistol,0s,1,1,1,25,50,0.5,false
440,21:00:31.095,target,pistol,0s,1,1,1,25,50,0.5,false
441,21:00:31.914,target,pistol,0s,1,1,1,25,50,0.5,false
442,21:00:32.744,target,pistol,0s,1,1,1,25,50,0.5,false
443,21:00:33.361,target,pistol,0.001s,1,1,1,25,50,0.5,false
444,21:00:34.240,target,pistol,0s,1,1,1,25,50,0.5,false
445,21:00:35.075,target,pistol,0s,1,1,1,25,50,0.5,false
446,21:00:35.652,target,pistol,0s,1,1,1,25,50,0.5,false
447,21:00:36.473,target,pistol,0s,1,1,1,25,50,0.5,false
448,21:00:37.130,target,pistol,0s,1,1,1,25,50,0.5,false
449,21:00:37.881,target,pistol,0s,1,1,1,25,50,0.5,false
450,21:00:38.739,target,pistol,0s,1,1,1,25,50,0.5,false
451,21:00:39.435,target,pistol,0s,1,1,1,25,50,0.5,false
452,21:00:40.223,target,pistol,0s,1,1,1,25,50,0.5,false
453,21:00:41.090,target,pistol,0s,1,1,1,25,50,0.5,false
454,21:00:42.373,target,pistol,0s,1,1,1,25,50,0.5,false
455,21:00:43.039,target,pistol,0s,1,1,1,25,50,0.5,false
456,21:00:43.589,target,pistol,0s,1,1,1,25,50,0.5,false
457,21:00:44.204,target,pistol,0s,1,1,1,25,50,0.5,false
458,21:00:44.964,target,pistol,0s,1,1,1,25,50,0.5,false
459,21:00:45.844,target,pistol,0.247s,2,1,0.5,25,100,0.25,false
460,21:00:46.381,target,pistol,0s,1,1,1,25,50,0.5,false
461,21:00:47.054,target,pistol,0s,1,1,1,25,50,0.5,false
462,21:00:47.557,target,pistol,0s,1,1,1,25,50,0.5,false
463,21:00:48.188,target,pistol,0s,1,1,1,25,50,0.5,false
464,21:00:48.849,target,pistol,0s,1,1,1,25,50,0.5,false
465,21:00:49.592,target,pistol,0s,1,1,1,25,50,0.5,false
466,21:00:50.407,target,pistol,0.001s,1,1,1,25,50,0.5,false
467,21:00:51.159,target,pistol,0s,1,1,1,25,50,0.5,false
468,21:00:52.026,target,pistol,0s,1,1,1,25,50,0.5,false
469,21:00:52.529,target,pistol,0s,1,1,1,25,50,0.5,false
470,21:00:53.169,target,pistol,0.001s,1,1,1,25,50,0.5,false
471,21:00:53.777,target,pistol,0s,1,1,1,25,50,0.5,false
472,21:00:54.620,target,pistol,0s,1,1,1,25,50,0.5,false
473,21:00:55.362,target,pistol,0s,1,1,1,25,50,0.5,false
474,21:00:55.997,target,pistol,0s,1,1,1,25,50,0.5,false
475,21:00:56.731,target,pistol,0s,1,1,1,25,50,0.5,false
476,21:00:57.556,target,pistol,0s,1,1,1,25,50,0.5,false
477,21:00:58.252,target,pistol,0s,1,1,1,25,50,0.5,false
478,21:00:58.929,target,pistol,0s,1,1,1,25,50,0.5,false
479,21:00:59.607,target,pistol,0s,1,1,1,25,50,0.5,false
480,21:01:00.461,target,pistol,0s,1,1,1,25,50,0.5,false
481,21:01:01.082,target,pistol,0s,1,1,1,25,50,0.5,false
482,21:01:01.738,target,pistol,0s,1,1,1,25,50,0.5,false
483,21:01:02.241,target,pistol,0s,1,1,1,25,50,0.5,false
484,21:01:02.834,target,pistol,0.001s,1,1,1,25,50,0.5,false
485,21:01:03.533,target,pistol,0.001s,1,1,1,25,50,0.5,false
486,21:01:04.078,target,pistol,0.001s,1,1,1,25,50,0.5,false
487,21:01:04.710,target,pistol,0s,1,1,1,25,50,0.5,false
488,21:01:05.402,target,pistol,0s,1,1,1,25,50,0.5,false
489,21:01:06.338,target,pistol,0.209s,2,1,0.5,25,100,0.25,false
490,21:01:07.282,target,pistol,0s,1,1,1,25,50,0.5,false
491,21:01:07.999,target,pistol,0.231s,2,1,0.5,25,100,0.25,false
492,21:01:08.991,target,pistol,0.269s,2,1,0.5,25,100,0.25,false
493,21:01:09.656,target,pistol,0s,1,1,1,25,50,0.5,false
494,21:01:10.168,target,pistol,0s,1,1,1,25,50,0.5,false
495,21:01:10.683,target,pistol,0s,1,1,1,25,50,0.5,false
496,21:01:11.259,target,pistol,0s,1,1,1,25,50,0.5,false
497,21:01:11.899,target,pistol,0s,1,1,1,25,50,0.5,false
498,21:01:12.677,target,pistol,0s,1,1,1,25,50,0.5,false
499,21:01:14.119,target,pistol,0.746s,2,1,0.5,25,100,0.25,false
500,21:01:14.881,target,pistol,0s,1,1,1,25,50,0.5,false
501,21:01:15.688,target,pistol,0s,1,1,1,25,50,0.5,false
502,21:01:16.532,target,pistol,0s,1,1,1,25,50,0.5,false
503,21:01:17.226,target,pistol,0s,1,1,1,25,50,0.5,false
504,21:01:17.796,target,pistol,0s,1,1,1,25,50,0.5,false
505,21:01:18.549,target,pistol,0s,1,1,1,25,50,0.5,false
506,21:01:19.370,target,pistol,0s,1,1,1,25,50,0.5,false
507,21:01:20.007,target,pistol,0s,1,1,1,25,50,0.5,false
508,21:01:20.662,target,pistol,0s,1,1,1,25,50,0.5,false
509,21:01:21.652,target,pistol,0.001s,1,1,1,25,50,0.5,false
510,21:01:22.429,target,pistol,0s,1,1,1,25,50,0.5,false
511,21:01:23.294,target,pistol,0s,1,1,1,25,50,0.5,false
512,21:01:23.930,target,pistol,0s,1,1,1,25,50,0.5,false
513,21:01:24.825,target,pistol,0.001s,1,1,1,25,50,0.5,false
514,21:01:25.774,target,pistol,0s,1,1,1,25,50,0.5,false
515,21:01:26.293,target,pistol,0s,1,1,1,25,50,0.5,false
516,21:01:27.023,target,pistol,0s,1,1,1,25,50,0.5,false
517,21:01:27.831,target,pistol,0s,1,1,1,25,50,0.5,false
518,21:01:28.363,target,pistol,0s,1,1,1,25,50,0.5,false
519,21:01:29.012,target,pistol,0.001s,1,1,1,25,50,0.5,false
520,21:01:29.756,target,pistol,0s,1,1,1,25,50,0.5,false
521,21:01:30.536,target,pistol,0.001s,1,1,1,25,50,0.5,false
522,21:01:31.349,target,pistol,0s,1,1,1,25,50,0.5,false
523,21:01:32.083,target,pistol,0s,1,1,1,25,50,0.5,false
524,21:01:32.797,target,pistol,0s,1,1,1,25,50,0.5,false
525,21:01:33.425,target,pistol,0s,1,1,1,25,50,0.5,false
526,21:01:34.658,target,pistol,0.675s,2,1,0.5,25,100,0.25,false
527,21:01:35.292,target,pistol,0s,1,1,1,25,50,0.5,false
528,21:01:36.080,target,pistol,0s,1,1,1,25,50,0.5,false
529,21:01:36.718,target,pistol,0.001s,1,1,1,25,50,0.5,false
530,21:01:37.304,target,pistol,0s,1,1,1,25,50,0.5,false
531,21:01:38.092,target,pistol,0s,1,1,1,25,50,0.5,false
532,21:01:38.721,target,pistol,0s,1,1,1,25,50,0.5,false
533,21:01:39.323,target,pistol,0s,1,1,1,25,50,0.5,false
534,21:01:40.071,target,pistol,0s,1,1,1,25,50,0.5,false
535,21:01:40.602,target,pistol,0s,1,1,1,25,50,0.5,false
536,21:01:41.448,target,pistol,0s,1,1,1,25,50,0.5,false
537,21:01:42.063,target,pistol,0s,1,1,1,25,50,0.5,false
538,21:01:42.642,target,pistol,0s,1,1,1,25,50,0.5,false
539,21:01:43.811,target,pistol,0.267s,2,1,0.5,25,100,0.25,false
540,21:01:44.404,target,pistol,0s,1,1,1,25,50,0.5,false
541,21:01:45.446,target,pistol,0s,1,1,1,25,50,0.5,false
542,21:01:46.335,target,pistol,0s,1,1,1,25,50,0.5,false
543,21:01:47.197,target,pistol,0s,1,1,1,25,50,0.5,false
544,21:01:47.716,target,pistol,0s,1,1,1,25,50,0.5,false
545,21:01:48.412,target,pistol,0s,1,1,1,25,50,0.5,false
546,21:01:49.207,target,pistol,0s,1,1,1,25,50,0.5,false
547,21:01:49.924,target,pistol,0s,1,1,1,25,50,0.5,false
548,21:01:50.721,target,pistol,0s,1,1,1,25,50,0.5,false
549,21:01:51.419,target,pistol,0s,1,1,1,25,50,0.5,false
550,21:01:52.198,target,pistol,0s,1,1,1,25,50,0.5,false
551,21:01:53.027,target,pistol,0s,1,1,1,25,50,0.5,false
552,21:01:53.951,target,pistol,0.372s,2,1,0.5,25,100,0.25,false
553,21:01:54.630,target,pistol,0s,1,1,1,25,50,0.5,false
554,21:01:55.328,target,pistol,0s,1,1,1,25,50,0.5,false
555,21:01:56.026,target,pistol,0s,1,1,1,25,50,0.5,false
556,21:01:56.760,target,pistol,0s,1,1,1,25,50,0.5,false
557,21:01:57.559,target,pistol,0s,1,1,1,25,50,0.5,false
558,21:01:58.476,target,pistol,0s,1,1,1,25,50,0.5,false
559,21:01:59.553,target,pistol,0.322s,2,1,0.5,25,100,0.25,false
560,21:02:00.055,target,pistol,0s,1,1,1,25,50,0.5,false
561,21:02:00.907,target,pistol,0.321s,2,1,0.5,25,100,0.25,false
562,21:02:01.678,target,pistol,0s,1,1,1,25,50,0.5,false
563,21:02:02.184,target,pistol,0s,1,1,1,25,50,0.5,false
564,21:02:02.779,target,pistol,0.001s,1,1,1,25,50,0.5,false
565,21:02:03.533,target,pistol,0.257s,2,1,0.5,25,100,0.25,false
566,21:02:04.121,target,pistol,0s,1,1,1,25,50,0.5,false
567,21:02:04.887,target,pistol,0s,1,1,1,25,50,0.5,false
568,21:02:05.509,target,pistol,0s,1,1,1,25,50,0.5,false
569,21:02:06.150,target,pistol,0s,1,1,1,25,50,0.5,false
570,21:02:06.665,target,pistol,0s,1,1,1,25,50,0.5,false
571,21:02:07.393,target,pistol,0s,1,1,1,25,50,0.5,false
572,21:02:08.136,target,pistol,0.001s,1,1,1,25,50,0.5,false
573,21:02:09.354,target,pistol,0.6s,2,1,0.5,25,100,0.25,false
574,21:02:10.904,target,pistol,0.815s,3,1,0.333,25,150,0.167,false
575,21:02:11.499,target,pistol,0s,1,1,1,25,50,0.5,false
576,21:02:11.931,target,pistol,0s,1,1,1,25,50,0.5,false
577,21:02:12.553,target,pistol,0s,1,1,1,25,50,0.5,false
578,21:02:13.053,target,pistol,0s,1,1,1,25,50,0.5,false
579,21:02:13.943,target,pistol,0s,1,1,1,25,50,0.5,false
580,21:02:14.443,target,pistol,0s,1,1,1,25,50,0.5,false
581,21:02:15.771,target,pistol,0.622s,2,1,0.5,25,100,0.25,false
582,21:02:16.570,target,pistol,0s,1,1,1,25,50,0.5,false
583,21:02:17.504,target,pistol,0s,1,1,1,25,50,0.5,false
584,21:02:18.058,target,pistol,0s,1,1,1,25,50,0.5,false
585,21:02:18.927,target,pistol,0s,1,1,1,25,50,0.5,false
586,21:02:19.830,target,pistol,0s,1,1,1,25,50,0.5,false
587,21:02:20.599,target,pistol,0s,1,1,1,25,50,0.5,false
588,21:02:21.277,target,pistol,0s,1,1,1,25,50,0.5,false
589,21:02:21.757,target,pistol,0s,1,1,1,25,50,0.5,false
590,21:02:23.066,target,pistol,0.489s,2,1,0.5,25,100,0.25,false
591,21:02:23.757,target,pistol,0s,1,1,1,25,50,0.5,false
592,21:02:25.054,target,pistol,0.371s,2,1,0.5,25,100,0.25,false
593,21:02:26.009,target,pistol,0s,1,1,1,25,50,0.5,false
594,21:02:26.532,target,pistol,0s,1,1,1,25,50,0.5,false
595,21:02:27.292,target,pistol,0.001s,1,1,1,25,50,0.5,false
596,21:02:28.091,target,pistol,0s,1,1,1,25,50,0.5,false
597,21:02:28.765,target,pistol,0s,1,1,1,25,50,0.5,false
598,21:02:29.396,target,pistol,0s,1,1,1,25,50,0.5,false
599,21:02:30.381,target,pistol,0s,1,1,1,25,50,0.5,false
600,21:02:31.124,target,pistol,0s,1,1,1,25,50,0.5,false
601,21:02:31.751,target,pistol,0s,1,1,1,25,50,0.5,false
602,21:02:32.798,target,pistol,0s,1,1,1,25,50,0.5,false
603,21:02:33.561,target,pistol,0s,1,1,1,25,50,0.5,false
604,21:02:34.059,target,pistol,0.001s,1,1,1,25,50,0.5,false
605,21:02:34.926,target,pistol,0s,1,1,1,25,50,0.5,false
606,21:02:35.543,target,pistol,0s,1,1,1,25,50,0.5,false
607,21:02:36.114,target,pistol,0.001s,1,1,1,25,50,0.5,false
608,21:02:36.706,target,pistol,0s,1,1,1,25,50,0.5,false
609,21:02:37.922,target,pistol,0.321s,2,1,0.5,25,100,0.25,false
610,21:02:38.602,target,pistol,0s,1,1,1,25,50,0.5,false
611,21:02:39.058,target,pistol,0s,1,1,1,25,50,0.5,false
612,21:02:39.911,target,pistol,0s,1,1,1,25,50,0.5,false
613,21:02:40.552,target,pistol,0s,1,1,1,25,50,0.5,false
614,21:02:41.274,target,pistol,0s,1,1,1,25,50,0.5,false
615,21:02:42.045,target,pistol,0s,1,1,1,25,50,0.5,false
616,21:02:42.839,target,pistol,0s,1,1,1,25,50,0.5,false
617,21:02:43.416,target,pistol,0s,1,1,1,25,50,0.5,false
618,21:02:44.052,target,pistol,0s,1,1,1,25,50,0.5,false
619,21:02:45.059,target,pistol,0.25s,2,1,0.5,25,100,0.25,false
620,21:02:45.978,target,pistol,0s,1,1,1,25,50,0.5,false
621,21:02:46.761,target,pistol,0s,1,1,1,25,50,0.5,false
622,21:02:47.639,target,pistol,0s,1,1,1,25,50,0.5,false
623,21:02:48.521,target,pistol,0s,1,1,1,25,50,0.5,false
624,21:02:49.028,target,pistol,0s,1,1,1,25,50,0.5,false
625,21:02:50.598,target,pistol,0.939s,2,1,0.5,25,100,0.25,false
626,21:02:51.202,target,pistol,0.001s,1,1,1,25,50,0.5,false
627,21:02:52.001,target,pistol,0.001s,1,1,1,25,50,0.5,false
628,21:02:52.818,target,pistol,0s,1,1,1,25,50,0.5,false
629,21:02:53.799,target,pistol,0s,1,1,1,25,50,0.5,false
630,21:02:54.581,target,pistol,0s,1,1,1,25,50,0.5,false
631,21:02:55.223,target,pistol,0s,1,1,1,25,50,0.5,false
632,21:02:56.106,target,pistol,0s,1,1,1,25,50,0.5,false
633,21:02:56.960,target,pistol,0s,1,1,1,25,50,0.5,false
634,21:02:57.537,target,pistol,0.001s,1,1,1,25,50,0.5,false
635,21:02:58.406,target,pistol,0.338s,2,1,0.5,25,100,0.25,false
636,21:02:59.100,target,pistol,0s,1,1,1,25,50,0.5,false
637,21:02:59.661,target,pistol,0s,1,1,1,25,50,0.5,false
638,21:03:00.298,target,pistol,0s,1,1,1,25,50,0.5,false
639,21:03:01.049,target,pistol,0s,1,1,1,25,50,0.5,false
640,21:03:01.605,target,pistol,0s,1,1,1,25,50,0.5,false
641,21:03:02.455,target,pistol,0s,1,1,1,25,50,0.5,false
642,21:03:03.122,target,pistol,0s,1,1,1,25,50,0.5,false
643,21:03:03.770,target,pistol,0.001s,1,1,1,25,50,0.5,false
644,21:03:04.369,target,pistol,0s,1,1,1,25,50,0.5,false
645,21:03:04.868,target,pistol,0s,1,1,1,25,50,0.5,false
646,21:03:05.610,target,pistol,0s,1,1,1,25,50,0.5,false
647,21:03:06.414,target,pistol,0s,1,1,1,25,50,0.5,false
648,21:03:07.053,target,pistol,0.001s,1,1,1,25,50,0.5,false
649,21:03:07.870,target,pistol,0s,1,1,1,25,50,0.5,false
650,21:03:08.478,target,pistol,0s,1,1,1,25,50,0.5,false
651,21:03:09.652,target,pistol,0s,1,1,1,25,50,0.5,false
652,21:03:10.323,target,pistol,0s,1,1,1,25,50,0.5,false
653,21:03:10.870,target,pistol,0s,1,1,1,25,50,0.5,false
654,21:03:11.525,target,pistol,0s,1,1,1,25,50,0.5,false
655,21:03:12.198,target,pistol,0s,1,1,1,25,50,0.5,false
656,21:03:13.103,target,pistol,0s,1,1,1,25,50,0.5,false
657,21:03:13.598,target,pistol,0s,1,1,1,25,50,0.5,false
658,21:03:14.454,target,pistol,0s,1,1,1,25,50,0.5,false
659,21:03:15.328,target,pistol,0s,1,1,1,25,50,0.5,false
660,21:03:15.922,target,pistol,0s,1,1,1,25,50,0.5,false
661,21:03:16.572,target,pistol,0s,1,1,1,25,50,0.5,false
662,21:03:17.322,target,pistol,0s,1,1,1,25,50,0.5,false
663,21:03:18.051,target,pistol,0s,1,1,1,25,50,0.5,false
664,21:03:18.876,target,pistol,0.001s,1,1,1,25,50,0.5,false
665,21:03:19.820,target,pistol,0s,1,1,1,25,50,0.5,false
666,21:03:20.430,target,pistol,0s,1,1,1,25,50,0.5,false
667,21:03:21.155,target,pistol,0s,1,1,1,25,50,0.5,false
668,21:03:21.781,target,pistol,0s,1,1,1,25,50,0.5,false
669,21:03:22.253,target,pistol,0s,1,1,1,25,50,0.5,false
670,21:03:23.030,target,pistol,0.001s,1,1,1,25,50,0.5,false
671,21:03:23.600,target,pistol,0s,1,1,1,25,50,0.5,false
672,21:03:24.633,target,pistol,0.389s,2,1,0.5,25,100,0.25,false
673,21:03:25.444,target,pistol,0s,1,1,1,25,50,0.5,false
674,21:03:26.331,target,pistol,0s,1,1,1,25,50,0.5,false
675,21:03:27.090,target,pistol,0s,1,1,1,25,50,0.5,false
676,21:03:28.060,target,pistol,0.375s,2,1,0.5,25,100,0.25,false
677,21:03:28.543,target,pistol,0s,1,1,1,25,50,0.5,false
678,21:03:29.170,target,pistol,0s,1,1,1,25,50,0.5,false
679,21:03:29.828,target,pistol,0.253s,2,1,0.5,25,100,0.25,false
680,21:03:30.617,target,pistol,0s,1,1,1,25,50,0.5,false
681,21:03:31.137,target,pistol,0s,1,1,1,25,50,0.5,false
682,21:03:31.782,target,pistol,0s,1,1,1,25,50,0.5,false
683,21:03:32.544,target,pistol,0.001s,1,1,1,25,50,0.5,false
684,21:03:33.097,target,pistol,0s,1,1,1,25,50,0.5,false
685,21:03:33.665,target,pistol,0s,1,1,1,25,50,0.5,false
686,21:03:34.488,target,pistol,0s,1,1,1,25,50,0.5,false
687,21:03:35.044,target,pistol,0s,1,1,1,25,50,0.5,false
688,21:03:35.860,target,pistol,0.001s,1,1,1,25,50,0.5,false
689,21:03:36.563,target,pistol,0.31s,2,1,0.5,25,100,0.25,false
690,21:03:37.384,target,pistol,0s,1,1,1,25,50,0.5,false
691,21:03:37.976,target,pistol,0s,1,1,1,25,50,0.5,false
692,21:03:38.908,target,pistol,0s,1,1,1,25,50,0.5,false
693,21:03:40.045,target,pistol,0s,1,1,1,25,50,0.5,false
694,21:03:41.004,target,pistol,0s,1,1,1,25,50,0.5,false
695,21:03:41.526,target,pistol,0s,1,1,1,25,50,0.5,false
696,21:03:42.171,target,pistol,0s,1,1,1,25,50,0.5,false
697,21:03:42.728,target,pistol,0s,1,1,1,25,50,0.5,false
698,21:03:43.484,target,pistol,0s,1,1,1,25,50,0.5,false
699,21:03:44.380,target,pistol,0s,1,1,1,25,50,0.5,false
700,21:03:44.994,target,pistol,0s,1,1,1,25,50,0.5,false
701,21:03:45.661,target,pistol,0.001s,1,1,1,25,50,0.5,false
702,21:03:46.515,target,pistol,0.001s,1,1,1,25,50,0.5,false
703,21:03:47.405,target,pistol,0.306s,2,1,0.5,25,100,0.25,false
704,21:03:48.128,target,pistol,0.001s,1,1,1,25,50,0.5,false
705,21:03:48.749,target,pistol,0.001s,1,1,1,25,50,0.5,false
706,21:03:49.194,target,pistol,0s,1,1,1,25,50,0.5,false
707,21:03:49.744,target,pistol,0s,1,1,1,25,50,0.5,false
708,21:03:50.450,target,pistol,0s,1,1,1,25,50,0.5,false
709,21:03:51.141,target,pistol,0s,1,1,1,25,50,0.5,false
710,21:03:51.852,target,pistol,0.001s,1,1,1,25,50,0.5,false
711,21:03:52.410,target,pistol,0s,1,1,1,25,50,0.5,false
712,21:03:53.178,target,pistol,0s,1,1,1,25,50,0.5,false
713,21:03:53.843,target,pistol,0s,1,1,1,25,50,0.5,false
714,21:03:54.491,target,pistol,0s,1,1,1,25,50,0.5,false
715,21:03:55.201,target,pistol,0s,1,1,1,25,50,0.5,false
716,21:03:55.928,target,pistol,0s,1,1,1,25,50,0.5,false
717,21:03:56.943,target,pistol,0s,1,1,1,25,50,0.5,false
718,21:03:57.694,target,pistol,0s,1,1,1,25,50,0.5,false
719,21:03:58.273,target,pistol,0s,1,1,1,25,50,0.5,false
720,21:03:59.047,target,pistol,0s,1,1,1,25,50,0.5,false
721,21:03:59.700,target,pistol,0.001s,1,1,1,25,50,0.5,false
722,21:04:00.322,target,pistol,0s,1,1,1,25,50,0.5,false
723,21:04:01.234,target,pistol,0s,1,1,1,25,50,0.5,false
724,21:04:02.064,target,pistol,0.337s,2,1,0.5,25,100,0.25,false
725,21:04:02.732,target,pistol,0s,1,1,1,25,50,0.5,false
726,21:04:03.474,target,pistol,0s,1,1,1,25,50,0.5,false
727,21:04:04.347,target,pistol,0s,1,1,1,25,50,0.5,false
728,21:04:05.185,target,pistol,0.001s,1,1,1,25,50,0.5,false
729,21:04:05.887,target,pistol,0s,1,1,1,25,50,0.5,false
730,21:04:06.729,target,pistol,0s,1,1,1,25,50,0.5,false
731,21:04:07.335,target,pistol,0s,1,1,1,25,50,0.5,false
732,21:04:07.881,target,pistol,0s,1,1,1,25,50,0.5,false
733,21:04:08.544,target,pistol,0s,1,1,1,25,50,0.5,false
734,21:04:09.613,target,pistol,0s,1,1,1,25,50,0.5,false
735,21:04:10.168,target,pistol,0s,1,1,1,25,50,0.5,false
736,21:04:10.811,target,pistol,0s,1,1,1,25,50,0.5,false
737,21:04:11.482,target,pistol,0s,1,1,1,25,50,0.5,false
738,21:04:12.242,target,pistol,0s,1,1,1,25,50,0.5,false
739,21:04:12.970,target,pistol,0s,1,1,1,25,50,0.5,false
740,21:04:13.430,target,pistol,0s,1,1,1,25,50,0.5,false
741,21:04:14.133,target,pistol,0.001s,1,1,1,25,50,0.5,false
742,21:04:14.481,target,pistol,0s,1,1,1,25,50,0.5,false
743,21:04:15.173,target,pistol,0s,1,1,1,25,50,0.5,false
744,21:04:16.035,target,pistol,0.426s,2,1,0.5,25,100,0.25,false
745,21:04:16.951,target,pistol,0s,1,1,1,25,50,0.5,false
746,21:04:17.497,target,pistol,0s,1,1,1,25,50,0.5,false
747,21:04:18.170,target,pistol,0s,1,1,1,25,50,0.5,false
748,21:04:18.990,target,pistol,0s,1,1,1,25,50,0.5,false
749,21:04:19.442,target,pistol,0s,1,1,1,25,50,0.5,false
750,21:04:20.322,target,pistol,0s,1,1,1,25,50,0.5,false
751,21:04:20.998,target,pistol,0s,1,1,1,25,50,0.5,false
752,21:04:21.708,target,pistol,0s,1,1,1,25,50,0.5,false
753,21:04:22.736,target,pistol,0s,1,1,1,25,50,0.5,false
754,21:04:23.403,target,pistol,0s,1,1,1,25,50,0.5,false
755,21:04:23.906,target,pistol,0s,1,1,1,25,50,0.5,false
756,21:04:24.865,target,pistol,0.29s,2,1,0.5,25,100,0.25,false
757,21:04:26.399,target,pistol,0.813s,2,1,0.5,25,100,0.25,false
758,21:04:26.881,target,pistol,0.001s,1,1,1,25,50,0.5,false
759,21:04:27.756,target,pistol,0s,1,1,1,25,50,0.5,false
760,21:04:28.435,target,pistol,0s,1,1,1,25,50,0.5,false
761,21:04:29.069,target,pistol,0s,1,1,1,25,50,0.5,false
762,21:04:29.820,target,pistol,0s,1,1,1,25,50,0.5,false
763,21:04:30.595,target,pistol,0s,1,1,1,25,50,0.5,false
764,21:04:31.442,target,pistol,0s,1,1,1,25,50,0.5,false
765,21:04:32.044,target,pistol,0.001s,1,1,1,25,50,0.5,false
766,21:04:32.611,target,pistol,0s,1,1,1,25,50,0.5,false
767,21:04:34.489,target,pistol,0.811s,3,1,0.333,25,150,0.167,false
768,21:04:35.066,target,pistol,0s,1,1,1,25,50,0.5,false
769,21:04:35.756,target,pistol,0s,1,1,1,25,50,0.5,false
770,21:04:36.579,target,pistol,0s,1,1,1,25,50,0.5,false
771,21:04:37.170,target,pistol,0.001s,1,1,1,25,50,0.5,false
772,21:04:38.091,target,pistol,0s,1,1,1,25,50,0.5,false
773,21:04:38.853,target,pistol,0s,1,1,1,25,50,0.5,false
774,21:04:39.468,target,pistol,0.001s,1,1,1,25,50,0.5,false
775,21:04:40.137,target,pistol,0s,1,1,1,25,50,0.5,false
776,21:04:40.701,target,pistol,0s,1,1,1,25,50,0.5,false
777,21:04:41.412,target,pistol,0.001s,1,1,1,25,50,0.5,false
778,21:04:42.790,target,pistol,0.614s,3,1,0.333,25,150,0.167,false
779,21:04:43.549,target,pistol,0s,1,1,1,25,50,0.5,false
780,21:04:44.544,target,pistol,0.265s,2,1,0.5,25,100,0.25,false
781,21:04:45.300,target,pistol,0s,1,1,1,25,50,0.5,false
782,21:04:46.073,target,pistol,0s,1,1,1,25,50,0.5,false
783,21:04:46.733,target,pistol,0s,1,1,1,25,50,0.5,false
784,21:04:47.226,target,pistol,0s,1,1,1,25,50,0.5,false
785,21:04:48.023,target,pistol,0.001s,1,1,1,25,50,0.5,false
786,21:04:48.875,target,pistol,0s,1,1,1,25,50,0.5,false
787,21:04:49.546,target,pistol,0s,1,1,1,25,50,0.5,false
788,21:04:50.293,target,pistol,0s,1,1,1,25,50,0.5,false
789,21:04:51.057,target,pistol,0s,1,1,1,25,50,0.5,false

Weapon,Shots,Hits,Damage Done,Damage Possible,,Sens Scale,Horiz Sens,Vert Sens,FOV,Hide Gun,Crosshair,Crosshair Scale,Crosshair Color,ADS Sens,ADS Zoom Scale
pistol,882,789,19725.0,44100.0,,,,,,false,plus.png,1.0,FFFF00,,,

Kills:,789
Deaths:,0
Fight Time:,37.511002
Avg TTK:,0
Damage Done:,19725.0
Damage Taken:,0.0
Midairs:,0
Midaired:,0
Directs:,0
Directed:,0
Reloads:,0
Distance Traveled:,0.0
Score:,7058.061523
Scenario:,1wall 6targets small - 10 Minutes
Hash:,5539d832a59081329735eea68cfb4274
Game Version:,2.0.5.3
Challenge Start:,20:54:51.110
Pause Count:,3
Pause Duration:,328

Input Lag:,0
Max FPS (config):,999.0
Sens Scale:,Call of Duty
Horiz Sens:,7.5
Vert Sens:,7.5
FOV:,100.0
Hide Gun:,false
Crosshair:,plus.png
Crosshair Scale:,1.0
Crosshair Color:,FFFF00
Resolution,1920x1080
Avg FPS,324.177032
Resolution Scale,100.0
