Kill #,Timestamp,Bot,Weapon,TTK,Shots,Hits,Accuracy,Damage Done,Damage Possible,Efficiency,Cheated
1,18:17:29.104,target,BB Gun,0s,1,1,1,1,1,1,false
2,18:17:30.043,target,BB Gun,0.302s,2,1,0.5,1,2,0.5,false
3,18:17:30.454,target,BB Gun,0s,1,1,1,1,1,1,false
4,18:17:30.937,target,BB Gun,0s,1,1,1,1,1,1,false
5,18:17:31.358,target,BB Gun,0s,1,1,1,1,1,1,false
6,18:17:31.803,target,BB Gun,0s,1,1,1,1,1,1,false
7,18:17:32.362,target,BB Gun,0s,1,1,1,1,1,1,false
8,18:17:32.785,target,BB Gun,0s,1,1,1,1,1,1,false
9,18:17:33.214,target,BB Gun,0s,1,1,1,1,1,1,false
10,18:17:33.590,target,BB Gun,0s,1,1,1,1,1,1,false
11,18:17:34.146,target,BB Gun,0s,1,1,1,1,1,1,false
12,18:17:35.025,target,BB Gun,0.437s,2,1,0.5,1,2,0.5,false
13,18:17:35.373,target,BB Gun,0s,1,1,1,1,1,1,false
14,18:17:35.914,target,BB Gun,0s,1,1,1,1,1,1,false
15,18:17:36.479,target,BB Gun,0s,1,1,1,1,1,1,false
16,18:17:37.053,target,BB Gun,0s,1,1,1,1,1,1,false
17,18:17:37.646,target,BB Gun,0.321s,2,1,0.5,1,2,0.5,false
18,18:17:38.032,target,BB Gun,0s,1,1,1,1,1,1,false
19,18:17:38.476,target,BB Gun,0s,1,1,1,1,1,1,false
20,18:17:39.015,target,BB Gun,0s,1,1,1,1,1,1,false
21,18:17:39.452,target,BB Gun,0s,1,1,1,1,1,1,false
22,18:17:39.963,target,BB Gun,0s,1,1,1,1,1,1,false
23,18:17:40.236,target,BB Gun,0s,1,1,1,1,1,1,false
24,18:17:41.376,target,BB Gun,0.604s,2,1,0.5,1,2,0.5,false
25,18:17:41.909,target,BB Gun,0s,1,1,1,1,1,1,false
26,18:17:42.360,target,BB Gun,0s,1,1,1,1,1,1,false
27,18:17:42.873,target,BB Gun,0s,1,1,1,1,1,1,false
28,18:17:43.445,target,BB Gun,0s,1,1,1,1,1,1,false
29,18:17:44.110,target,BB Gun,0.322s,2,1,0.5,1,2,0.5,false
30,18:17:44.367,target,BB Gun,0s,1,1,1,1,1,1,false
31,18:17:44.891,target,BB Gun,0.001s,1,1,1,1,1,1,false
32,18:17:45.500,target,BB Gun,0s,1,1,1,1,1,1,false
33,18:17:46.088,target,BB Gun,0s,1,1,1,1,1,1,false
34,18:17:46.452,target,BB Gun,0s,1,1,1,1,1,1,false
35,18:17:46.785,target,BB Gun,0s,1,1,1,1,1,1,false
36,18:17:47.411,target,BB Gun,0s,1,1,1,1,1,1,false
37,18:17:47.634,target,BB Gun,0s,1,1,1,1,1,1,false
38,18:17:47.867,target,BB Gun,0.001s,1,1,1,1,1,1,false
39,18:17:48.177,target,BB Gun,0s,1,1,1,1,1,1,false
40,18:17:48.650,target,BB Gun,0s,1,1,1,1,1,1,false
41,18:17:48.980,target,BB Gun,0s,1,1,1,1,1,1,false
42,18:17:49.518,target,BB Gun,0s,1,1,1,1,1,1,false
43,18:17:49.850,target,BB Gun,0s,1,1,1,1,1,1,false
44,18:17:50.198,target,BB Gun,0s,1,1,1,1,1,1,false
45,18:17:50.687,target,BB Gun,0s,1,1,1,1,1,1,false
46,18:17:51.292,target,BB Gun,0s,1,1,1,1,1,1,false
47,18:17:51.498,target,BB Gun,0s,1,1,1,1,1,1,false
48,18:17:52.015,target,BB Gun,0s,1,1,1,1,1,1,false
49,18:17:52.769,target,BB Gun,0.318s,2,1,0.5,1,2,0.5,false
50,18:17:53.407,target,BB Gun,0.331s,2,1,0.5,1,2,0.5,false
51,18:17:53.682,target,BB Gun,0s,1,1,1,1,1,1,false
52,18:17:54.119,target,BB Gun,0s,1,1,1,1,1,1,false
53,18:17:54.536,target,BB Gun,0s,1,1,1,1,1,1,false
54,18:17:55.207,target,BB Gun,0s,1,1,1,1,1,1,false
55,18:17:55.517,target,BB Gun,0s,1,1,1,1,1,1,false
56,18:17:55.820,target,BB Gun,0.001s,1,1,1,1,1,1,false
57,18:17:56.490,target,BB Gun,0.276s,2,1,0.5,1,2,0.5,false
58,18:17:57.071,target,BB Gun,0s,1,1,1,1,1,1,false
59,18:17:57.578,target,BB Gun,0s,1,1,1,1,1,1,false
60,18:17:57.904,target,BB Gun,0s,1,1,1,1,1,1,false
61,18:17:58.563,target,BB Gun,0s,1,1,1,1,1,1,false
62,18:17:59.268,target,BB Gun,0s,1,1,1,1,1,1,false
63,18:17:59.785,target,BB Gun,0s,1,1,1,1,1,1,false
64,18:18:00.085,target,BB Gun,0s,1,1,1,1,1,1,false
65,18:18:00.780,target,BB Gun,0.353s,2,1,0.5,1,2,0.5,false
66,18:18:01.123,target,BB Gun,0s,1,1,1,1,1,1,false
67,18:18:01.604,target,BB Gun,0.001s,1,1,1,1,1,1,false
68,18:18:02.883,target,BB Gun,0.993s,3,1,0.333,1,3,0.333,false
69,18:18:03.386,target,BB Gun,0s,1,1,1,1,1,1,false
70,18:18:03.941,target,BB Gun,0s,1,1,1,1,1,1,false
71,18:18:04.665,target,BB Gun,0.253s,2,1,0.5,1,2,0.5,false
72,18:18:05.685,target,BB Gun,0s,1,1,1,1,1,1,false
73,18:18:06.045,target,BB Gun,0s,1,1,1,1,1,1,false
74,18:18:06.382,target,BB Gun,0s,1,1,1,1,1,1,false
75,18:18:06.981,target,BB Gun,0s,1,1,1,1,1,1,false
76,18:18:07.495,target,BB Gun,0s,1,1,1,1,1,1,false
77,18:18:08.086,target,BB Gun,0s,1,1,1,1,1,1,false
78,18:18:08.631,target,BB Gun,0s,1,1,1,1,1,1,false
79,18:18:09.083,target,BB Gun,0s,1,1,1,1,1,1,false
80,18:18:10.174,target,BB Gun,0.59s,3,1,0.333,1,3,0.333,false
81,18:18:10.453,target,BB Gun,0s,1,1,1,1,1,1,false
82,18:18:10.720,target,BB Gun,0s,1,1,1,1,1,1,false
83,18:18:11.421,target,BB Gun,0s,1,1,1,1,1,1,false
84,18:18:11.711,target,BB Gun,0s,1,1,1,1,1,1,false
85,18:18:12.284,target,BB Gun,0s,1,1,1,1,1,1,false
86,18:18:12.673,target,BB Gun,0s,1,1,1,1,1,1,false
87,18:18:13.021,target,BB Gun,0s,1,1,1,1,1,1,false
88,18:18:13.527,target,BB Gun,0s,1,1,1,1,1,1,false
89,18:18:14.067,target,BB Gun,0.001s,1,1,1,1,1,1,false
90,18:18:14.882,target,BB Gun,0.329s,2,1,0.5,1,2,0.5,false
91,18:18:15.439,target,BB Gun,0.256s,2,1,0.5,1,2,0.5,false
92,18:18:15.962,target,BB Gun,0s,1,1,1,1,1,1,false
93,18:18:16.556,target,BB Gun,0s,1,1,1,1,1,1,false
94,18:18:16.908,target,BB Gun,0.001s,1,1,1,1,1,1,false
95,18:18:17.576,target,BB Gun,0s,1,1,1,1,1,1,false
96,18:18:17.910,target,BB Gun,0.001s,1,1,1,1,1,1,false
97,18:18:18.170,target,BB Gun,0s,1,1,1,1,1,1,false
98,18:18:18.772,target,BB Gun,0.28s,2,1,0.5,1,2,0.5,false
99,18:18:19.374,target,BB Gun,0.001s,1,1,1,1,1,1,false
100,18:18:19.863,target,BB Gun,0s,1,1,1,1,1,1,false
101,18:18:20.533,target,BB Gun,0.242s,2,1,0.5,1,2,0.5,false
102,18:18:20.829,target,BB Gun,0s,1,1,1,1,1,1,false
103,18:18:21.166,target,BB Gun,0s,1,1,1,1,1,1,false
104,18:18:21.530,target,BB Gun,0s,1,1,1,1,1,1,false
105,18:18:21.891,target,BB Gun,0s,1,1,1,1,1,1,false
106,18:18:22.298,target,BB Gun,0.001s,1,1,1,1,1,1,false
107,18:18:22.599,target,BB Gun,0s,1,1,1,1,1,1,false
108,18:18:23.221,target,BB Gun,0s,1,1,1,1,1,1,false
109,18:18:23.632,target,BB Gun,0s,1,1,1,1,1,1,false
110,18:18:23.902,target,BB Gun,0s,1,1,1,1,1,1,false
111,18:18:24.392,target,BB Gun,0s,1,1,1,1,1,1,false
112,18:18:24.720,target,BB Gun,0s,1,1,1,1,1,1,false
113,18:18:25.316,target,BB Gun,0.31s,2,1,0.5,1,2,0.5,false
114,18:18:25.765,target,BB Gun,0s,1,1,1,1,1,1,false
115,18:18:26.403,target,BB Gun,0s,1,1,1,1,1,1,false
116,18:18:27.022,target,BB Gun,0s,1,1,1,1,1,1,false
117,18:18:27.336,target,BB Gun,0s,1,1,1,1,1,1,false
118,18:18:29.057,target,BB Gun,1.153s,4,1,0.25,1,4,0.25,false
119,18:18:29.436,target,BB Gun,0s,1,1,1,1,1,1,false
120,18:18:29.850,target,BB Gun,0s,1,1,1,1,1,1,false
121,18:18:30.488,target,BB Gun,0.322s,2,1,0.5,1,2,0.5,false
122,18:18:31.282,target,BB Gun,0.487s,2,1,0.5,1,2,0.5,false
123,18:18:32.072,target,BB Gun,0.199s,2,1,0.5,1,2,0.5,false
124,18:18:32.438,target,BB Gun,0s,1,1,1,1,1,1,false
125,18:18:32.741,target,BB Gun,0s,1,1,1,1,1,1,false
126,18:18:33.399,target,BB Gun,0.351s,2,1,0.5,1,2,0.5,false
127,18:18:34.088,target,BB Gun,0.23s,2,1,0.5,1,2,0.5,false
128,18:18:34.590,target,BB Gun,0s,1,1,1,1,1,1,false
129,18:18:35.115,target,BB Gun,0s,1,1,1,1,1,1,false
130,18:18:35.521,target,BB Gun,0s,1,1,1,1,1,1,false
131,18:18:35.805,target,BB Gun,0s,1,1,1,1,1,1,false
132,18:18:36.066,target,BB Gun,0s,1,1,1,1,1,1,false
133,18:18:36.453,target,BB Gun,0s,1,1,1,1,1,1,false
134,18:18:36.867,target,BB Gun,0s,1,1,1,1,1,1,false
135,18:18:37.413,target,BB Gun,0.001s,1,1,1,1,1,1,false
136,18:18:38.781,target,BB Gun,0.9s,3,1,0.333,1,3,0.333,false
137,18:18:39.058,target,BB Gun,0s,1,1,1,1,1,1,false
138,18:18:39.541,target,BB Gun,0s,1,1,1,1,1,1,false
139,18:18:39.953,target,BB Gun,0s,1,1,1,1,1,1,false
140,18:18:40.576,target,BB Gun,0.001s,1,1,1,1,1,1,false
141,18:18:40.929,target,BB Gun,0s,1,1,1,1,1,1,false
142,18:18:41.370,target,BB Gun,0s,1,1,1,1,1,1,false
143,18:18:42.130,target,BB Gun,0.249s,2,1,0.5,1,2,0.5,false
144,18:18:42.662,target,BB Gun,0s,1,1,1,1,1,1,false
145,18:18:43.079,target,BB Gun,0s,1,1,1,1,1,1,false
146,18:18:43.565,target,BB Gun,0s,1,1,1,1,1,1,false
147,18:18:44.107,target,BB Gun,0s,1,1,1,1,1,1,false
148,18:18:44.629,target,BB Gun,0s,1,1,1,1,1,1,false
149,18:18:45.327,target,BB Gun,0.228s,2,1,0.5,1,2,0.5,false
150,18:18:45.965,target,BB Gun,0s,1,1,1,1,1,1,false
151,18:18:46.446,target,BB Gun,0s,1,1,1,1,1,1,false
152,18:18:46.804,target,BB Gun,0s,1,1,1,1,1,1,false
153,18:18:47.753,target,BB Gun,0.373s,2,1,0.5,1,2,0.5,false
154,18:18:48.281,target,BB Gun,0.001s,1,1,1,1,1,1,false
155,18:18:49.203,target,BB Gun,0.333s,2,1,0.5,1,2,0.5,false
156,18:18:49.625,target,BB Gun,0s,1,1,1,1,1,1,false
157,18:18:50.786,target,BB Gun,0.697s,3,1,0.333,1,3,0.333,false
158,18:18:51.071,target,BB Gun,0s,1,1,1,1,1,1,false
159,18:18:51.361,target,BB Gun,0s,1,1,1,1,1,1,false
160,18:18:51.756,target,BB Gun,0s,1,1,1,1,1,1,false
161,18:18:52.130,target,BB Gun,0.001s,1,1,1,1,1,1,false
162,18:18:52.723,target,BB Gun,0s,1,1,1,1,1,1,false
163,18:18:53.291,target,BB Gun,0.001s,1,1,1,1,1,1,false
164,18:18:53.876,target,BB Gun,0s,1,1,1,1,1,1,false
165,18:18:54.491,target,BB Gun,0s,1,1,1,1,1,1,false
166,18:18:55.074,target,BB Gun,0s,1,1,1,1,1,1,false
167,18:18:55.389,target,BB Gun,0s,1,1,1,1,1,1,false
168,18:18:55.841,target,BB Gun,0.001s,1,1,1,1,1,1,false
169,18:18:56.341,target,BB Gun,0s,1,1,1,1,1,1,false
170,18:18:56.794,target,BB Gun,0s,1,1,1,1,1,1,false
171,18:18:57.328,target,BB Gun,0s,1,1,1,1,1,1,false
172,18:18:58.031,target,BB Gun,0.191s,2,1,0.5,1,2,0.5,false
173,18:18:58.400,target,BB Gun,0s,1,1,1,1,1,1,false
174,18:18:59.080,target,BB Gun,0s,1,1,1,1,1,1,false
175,18:18:59.455,target,BB Gun,0s,1,1,1,1,1,1,false
176,18:19:00.417,target,BB Gun,0.424s,2,1,0.5,1,2,0.5,false
177,18:19:00.855,target,BB Gun,0s,1,1,1,1,1,1,false
178,18:19:01.084,target,BB Gun,0s,1,1,1,1,1,1,false
179,18:19:01.657,target,BB Gun,0s,1,1,1,1,1,1,false
180,18:19:01.959,target,BB Gun,0s,1,1,1,1,1,1,false
181,18:19:02.797,target,BB Gun,0.178s,2,1,0.5,1,2,0.5,false
182,18:19:03.387,target,BB Gun,0s,1,1,1,1,1,1,false
183,18:19:03.935,target,BB Gun,0s,1,1,1,1,1,1,false
184,18:19:04.531,target,BB Gun,0s,1,1,1,1,1,1,false
185,18:19:04.952,target,BB Gun,0s,1,1,1,1,1,1,false
186,18:19:05.358,target,BB Gun,0s,1,1,1,1,1,1,false
187,18:19:05.669,target,BB Gun,0s,1,1,1,1,1,1,false
188,18:19:05.969,target,BB Gun,0s,1,1,1,1,1,1,false
189,18:19:06.474,target,BB Gun,0s,1,1,1,1,1,1,false
190,18:19:06.957,target,BB Gun,0s,1,1,1,1,1,1,false
191,18:19:07.477,target,BB Gun,0s,1,1,1,1,1,1,false
192,18:19:07.938,target,BB Gun,0.001s,1,1,1,1,1,1,false
193,18:19:08.470,target,BB Gun,0s,1,1,1,1,1,1,false
194,18:19:08.908,target,BB Gun,0s,1,1,1,1,1,1,false
195,18:19:09.508,target,BB Gun,0.001s,1,1,1,1,1,1,false
196,18:19:10.446,target,BB Gun,0.654s,3,1,0.333,1,3,0.333,false
197,18:19:10.735,target,BB Gun,0s,1,1,1,1,1,1,false
198,18:19:11.198,target,BB Gun,0s,1,1,1,1,1,1,false
199,18:19:11.744,target,BB Gun,0s,1,1,1,1,1,1,false
200,18:19:12.250,target,BB Gun,0s,1,1,1,1,1,1,false
201,18:19:12.793,target,BB Gun,0.001s,1,1,1,1,1,1,false
202,18:19:13.166,target,BB Gun,0s,1,1,1,1,1,1,false
203,18:19:13.772,target,BB Gun,0s,1,1,1,1,1,1,false
204,18:19:14.250,target,BB Gun,0s,1,1,1,1,1,1,false
205,18:19:14.685,target,BB Gun,0s,1,1,1,1,1,1,false
206,18:19:15.092,target,BB Gun,0s,1,1,1,1,1,1,false
207,18:19:15.428,target,BB Gun,0s,1,1,1,1,1,1,false
208,18:19:15.795,target,BB Gun,0s,1,1,1,1,1,1,false
209,18:19:16.342,target,BB Gun,0s,1,1,1,1,1,1,false
210,18:19:16.732,target,BB Gun,0s,1,1,1,1,1,1,false
211,18:19:17.168,target,BB Gun,0s,1,1,1,1,1,1,false
212,18:19:17.452,target,BB Gun,0s,1,1,1,1,1,1,false
213,18:19:17.784,target,BB Gun,0s,1,1,1,1,1,1,false
214,18:19:18.124,target,BB Gun,0s,1,1,1,1,1,1,false
215,18:19:18.469,target,BB Gun,0s,1,1,1,1,1,1,false
216,18:19:18.938,target,BB Gun,0s,1,1,1,1,1,1,false
217,18:19:19.914,target,BB Gun,0.531s,2,1,0.5,1,2,0.5,false
218,18:19:20.289,target,BB Gun,0.001s,1,1,1,1,1,1,false
219,18:19:20.727,target,BB Gun,0.33s,2,1,0.5,1,2,0.5,false
220,18:19:21.255,target,BB Gun,0s,1,1,1,1,1,1,false
221,18:19:21.908,target,BB Gun,0.259s,2,1,0.5,1,2,0.5,false
222,18:19:22.541,target,BB Gun,0.174s,2,1,0.5,1,2,0.5,false
223,18:19:23.819,target,BB Gun,0.968s,4,1,0.25,1,4,0.25,false
224,18:19:24.104,target,BB Gun,0s,1,1,1,1,1,1,false
225,18:19:24.427,target,BB Gun,0s,1,1,1,1,1,1,false
226,18:19:24.804,target,BB Gun,0s,1,1,1,1,1,1,false
227,18:19:25.854,target,BB Gun,0.756s,2,1,0.5,1,2,0.5,false
228,18:19:26.271,target,BB Gun,0.001s,1,1,1,1,1,1,false
229,18:19:26.699,target,BB Gun,0s,1,1,1,1,1,1,false
230,18:19:26.974,target,BB Gun,0s,1,1,1,1,1,1,false
231,18:19:27.485,target,BB Gun,0s,1,1,1,1,1,1,false
232,18:19:28.029,target,BB Gun,0s,1,1,1,1,1,1,false
233,18:19:28.298,target,BB Gun,0s,1,1,1,1,1,1,false
234,18:19:28.573,target,BB Gun,0s,1,1,1,1,1,1,false
235,18:19:29.176,target,BB Gun,0s,1,1,1,1,1,1,false
236,18:19:29.462,target,BB Gun,0s,1,1,1,1,1,1,false
237,18:19:30.064,target,BB Gun,0s,1,1,1,1,1,1,false
238,18:19:30.634,target,BB Gun,0s,1,1,1,1,1,1,false
239,18:19:31.035,target,BB Gun,0s,1,1,1,1,1,1,false
240,18:19:31.351,target,BB Gun,0s,1,1,1,1,1,1,false
241,18:19:31.714,target,BB Gun,0s,1,1,1,1,1,1,false
242,18:19:32.104,target,BB Gun,0s,1,1,1,1,1,1,false
243,18:19:32.429,target,BB Gun,0s,1,1,1,1,1,1,false
244,18:19:32.802,target,BB Gun,0s,1,1,1,1,1,1,false
245,18:19:33.327,target,BB Gun,0s,1,1,1,1,1,1,false
246,18:19:33.670,target,BB Gun,0s,1,1,1,1,1,1,false
247,18:19:34.380,target,BB Gun,0.344s,2,1,0.5,1,2,0.5,false
248,18:19:34.736,target,BB Gun,0s,1,1,1,1,1,1,false
249,18:19:35.105,target,BB Gun,0s,1,1,1,1,1,1,false
250,18:19:36.244,target,BB Gun,0.713s,3,1,0.333,1,3,0.333,false
251,18:19:36.519,target,BB Gun,0s,1,1,1,1,1,1,false
252,18:19:36.756,target,BB Gun,0s,1,1,1,1,1,1,false
253,18:19:37.177,target,BB Gun,0s,1,1,1,1,1,1,false
254,18:19:37.672,target,BB Gun,0s,1,1,1,1,1,1,false
255,18:19:38.268,target,BB Gun,0s,1,1,1,1,1,1,false
256,18:19:38.506,target,BB Gun,0s,1,1,1,1,1,1,false
257,18:19:39.125,target,BB Gun,0s,1,1,1,1,1,1,false
258,18:19:39.371,target,BB Gun,0s,1,1,1,1,1,1,false
259,18:19:40.839,target,BB Gun,1.112s,4,1,0.25,1,4,0.25,false
260,18:19:41.176,target,BB Gun,0s,1,1,1,1,1,1,false
261,18:19:41.740,target,BB Gun,0s,1,1,1,1,1,1,false
262,18:19:42.249,target,BB Gun,0s,1,1,1,1,1,1,false
263,18:19:42.589,target,BB Gun,0.001s,1,1,1,1,1,1,false
264,18:19:42.887,target,BB Gun,0s,1,1,1,1,1,1,false
265,18:19:43.291,target,BB Gun,0s,1,1,1,1,1,1,false
266,18:19:43.795,target,BB Gun,0s,1,1,1,1,1,1,false
267,18:19:44.091,target,BB Gun,0s,1,1,1,1,1,1,false
268,18:19:44.597,target,BB Gun,0s,1,1,1,1,1,1,false
269,18:19:45.364,target,BB Gun,0.423s,2,1,0.5,1,2,0.5,false
270,18:19:45.728,target,BB Gun,0s,1,1,1,1,1,1,false
271,18:19:46.130,target,BB Gun,0s,1,1,1,1,1,1,false
272,18:19:46.624,target,BB Gun,0s,1,1,1,1,1,1,false
273,18:19:47.366,target,BB Gun,0.24s,2,1,0.5,1,2,0.5,false
274,18:19:47.689,target,BB Gun,0s,1,1,1,1,1,1,false
275,18:19:47.959,target,BB Gun,0s,1,1,1,1,1,1,false
276,18:19:48.202,target,BB Gun,0s,1,1,1,1,1,1,false
277,18:19:49.630,target,BB Gun,0.912s,3,1,0.333,1,3,0.333,false
278,18:19:49.849,target,BB Gun,0s,1,1,1,1,1,1,false
279,18:19:50.478,target,BB Gun,0.238s,2,1,0.5,1,2,0.5,false
280,18:19:51.041,target,BB Gun,0s,1,1,1,1,1,1,false
281,18:19:51.332,target,BB Gun,0s,1,1,1,1,1,1,false
282,18:19:51.684,target,BB Gun,0s,1,1,1,1,1,1,false
283,18:19:51.937,target,BB Gun,0s,1,1,1,1,1,1,false
284,18:19:52.521,target,BB Gun,0s,1,1,1,1,1,1,false
285,18:19:53.095,target,BB Gun,0.175s,2,1,0.5,1,2,0.5,false
286,18:19:53.733,target,BB Gun,0.506s,2,1,0.5,1,2,0.5,false
287,18:19:54.404,target,BB Gun,0s,1,1,1,1,1,1,false
288,18:19:54.722,target,BB Gun,0s,1,1,1,1,1,1,false
289,18:19:55.058,target,BB Gun,0s,1,1,1,1,1,1,false
290,18:19:55.777,target,BB Gun,0.34s,2,1,0.5,1,2,0.5,false
291,18:19:55.994,target,BB Gun,0s,1,1,1,1,1,1,false
292,18:19:56.468,target,BB Gun,0s,1,1,1,1,1,1,false
293,18:19:57.060,target,BB Gun,0s,1,1,1,1,1,1,false
294,18:19:57.369,target,BB Gun,0s,1,1,1,1,1,1,false
295,18:19:57.973,target,BB Gun,0s,1,1,1,1,1,1,false
296,18:19:58.369,target,BB Gun,0s,1,1,1,1,1,1,false
297,18:19:58.651,target,BB Gun,0s,1,1,1,1,1,1,false
298,18:19:59.405,target,BB Gun,0.241s,2,1,0.5,1,2,0.5,false
299,18:19:59.800,target,BB Gun,0s,1,1,1,1,1,1,false
300,18:20:00.167,target,BB Gun,0s,1,1,1,1,1,1,false
301,18:20:00.470,target,BB Gun,0s,1,1,1,1,1,1,false
302,18:20:00.819,target,BB Gun,0s,1,1,1,1,1,1,false
303,18:20:01.168,target,BB Gun,0s,1,1,1,1,1,1,false
304,18:20:02.085,target,BB Gun,0.411s,2,1,0.5,1,2,0.5,false
305,18:20:02.839,target,BB Gun,0.467s,2,1,0.5,1,2,0.5,false
306,18:20:03.605,target,BB Gun,0.3s,2,1,0.5,1,2,0.5,false
307,18:20:03.900,target,BB Gun,0s,1,1,1,1,1,1,false
308,18:20:04.334,target,BB Gun,0.001s,1,1,1,1,1,1,false
309,18:20:04.767,target,BB Gun,0s,1,1,1,1,1,1,false
310,18:20:05.405,target,BB Gun,0.001s,1,1,1,1,1,1,false
311,18:20:06.324,target,BB Gun,0.451s,2,1,0.5,1,2,0.5,false
312,18:20:06.907,target,BB Gun,0s,1,1,1,1,1,1,false
313,18:20:07.313,target,BB Gun,0.001s,1,1,1,1,1,1,false
314,18:20:07.719,target,BB Gun,0s,1,1,1,1,1,1,false
315,18:20:08.199,target,BB Gun,0s,1,1,1,1,1,1,false
316,18:20:08.830,target,BB Gun,0s,1,1,1,1,1,1,false
317,18:20:09.274,target,BB Gun,0s,1,1,1,1,1,1,false
318,18:20:09.614,target,BB Gun,0s,1,1,1,1,1,1,false
319,18:20:09.928,target,BB Gun,0s,1,1,1,1,1,1,false
320,18:20:10.480,target,BB Gun,0s,1,1,1,1,1,1,false
321,18:20:11.091,target,BB Gun,0s,1,1,1,1,1,1,false
322,18:20:11.338,target,BB Gun,0s,1,1,1,1,1,1,false
323,18:20:11.990,target,BB Gun,0s,1,1,1,1,1,1,false
324,18:20:12.443,target,BB Gun,0s,1,1,1,1,1,1,false
325,18:20:12.764,target,BB Gun,0s,1,1,1,1,1,1,false
326,18:20:13.124,target,BB Gun,0s,1,1,1,1,1,1,false
327,18:20:14.019,target,BB Gun,0.494s,2,1,0.5,1,2,0.5,false
328,18:20:14.327,target,BB Gun,0s,1,1,1,1,1,1,false
329,18:20:14.730,target,BB Gun,0s,1,1,1,1,1,1,false
330,18:20:15.007,target,BB Gun,0s,1,1,1,1,1,1,false
331,18:20:15.645,target,BB Gun,0.276s,2,1,0.5,1,2,0.5,false
332,18:20:16.472,target,BB Gun,0.526s,2,1,0.5,1,2,0.5,false
333,18:20:16.952,target,BB Gun,0s,1,1,1,1,1,1,false
334,18:20:17.435,target,BB Gun,0s,1,1,1,1,1,1,false
335,18:20:17.669,target,BB Gun,0s,1,1,1,1,1,1,false
336,18:20:18.031,target,BB Gun,0s,1,1,1,1,1,1,false
337,18:20:18.616,target,BB Gun,0s,1,1,1,1,1,1,false
338,18:20:19.090,target,BB Gun,0s,1,1,1,1,1,1,false
339,18:20:19.641,target,BB Gun,0s,1,1,1,1,1,1,false
340,18:20:20.055,target,BB Gun,0s,1,1,1,1,1,1,false
341,18:20:20.547,target,BB Gun,0s,1,1,1,1,1,1,false
342,18:20:21.401,target,BB Gun,0.478s,2,1,0.5,1,2,0.5,false
343,18:20:21.798,target,BB Gun,0s,1,1,1,1,1,1,false
344,18:20:22.112,target,BB Gun,0s,1,1,1,1,1,1,false
345,18:20:22.473,target,BB Gun,0s,1,1,1,1,1,1,false
346,18:20:22.762,target,BB Gun,0s,1,1,1,1,1,1,false
347,18:20:23.128,target,BB Gun,0s,1,1,1,1,1,1,false
348,18:20:23.466,target,BB Gun,0s,1,1,1,1,1,1,false
349,18:20:23.787,target,BB Gun,0.001s,1,1,1,1,1,1,false
350,18:20:24.067,target,BB Gun,0.001s,1,1,1,1,1,1,false
351,18:20:24.451,target,BB Gun,0s,1,1,1,1,1,1,false
352,18:20:24.777,target,BB Gun,0s,1,1,1,1,1,1,false
353,18:20:25.266,target,BB Gun,0s,1,1,1,1,1,1,false
354,18:20:25.759,target,BB Gun,0.001s,1,1,1,1,1,1,false
355,18:20:26.323,target,BB Gun,0s,1,1,1,1,1,1,false
356,18:20:27.010,target,BB Gun,0.439s,2,1,0.5,1,2,0.5,false
357,18:20:27.608,target,BB Gun,0s,1,1,1,1,1,1,false
358,18:20:27.837,target,BB Gun,0s,1,1,1,1,1,1,false
359,18:20:28.243,target,BB Gun,0.001s,1,1,1,1,1,1,false
360,18:20:28.702,target,BB Gun,0.001s,1,1,1,1,1,1,false
361,18:20:28.976,target,BB Gun,0s,1,1,1,1,1,1,false
362,18:20:29.600,target,BB Gun,0s,1,1,1,1,1,1,false
363,18:20:30.004,target,BB Gun,0s,1,1,1,1,1,1,false
364,18:20:30.567,target,BB Gun,0s,1,1,1,1,1,1,false
365,18:20:30.864,target,BB Gun,0s,1,1,1,1,1,1,false
366,18:20:31.229,target,BB Gun,0s,1,1,1,1,1,1,false
367,18:20:31.561,target,BB Gun,0s,1,1,1,1,1,1,false
368,18:20:31.943,target,BB Gun,0s,1,1,1,1,1,1,false
369,18:20:32.396,target,BB Gun,0.001s,1,1,1,1,1,1,false
370,18:20:32.804,target,BB Gun,0s,1,1,1,1,1,1,false
371,18:20:33.227,target,BB Gun,0.001s,1,1,1,1,1,1,false
372,18:20:33.725,target,BB Gun,0s,1,1,1,1,1,1,false
373,18:20:34.275,target,BB Gun,0s,1,1,1,1,1,1,false
374,18:20:35.056,target,BB Gun,0.434s,2,1,0.5,1,2,0.5,false
375,18:20:35.628,target,BB Gun,0.197s,2,1,0.5,1,2,0.5,false
376,18:20:35.858,target,BB Gun,0s,1,1,1,1,1,1,false
377,18:20:36.116,target,BB Gun,0s,1,1,1,1,1,1,false
378,18:20:36.514,target,BB Gun,0.001s,1,1,1,1,1,1,false
379,18:20:36.853,target,BB Gun,0s,1,1,1,1,1,1,false
380,18:20:37.215,target,BB Gun,0s,1,1,1,1,1,1,false
381,18:20:37.560,target,BB Gun,0s,1,1,1,1,1,1,false
382,18:20:38.115,target,BB Gun,0.001s,1,1,1,1,1,1,false
383,18:20:38.677,target,BB Gun,0s,1,1,1,1,1,1,false
384,18:20:39.300,target,BB Gun,0s,1,1,1,1,1,1,false
385,18:20:39.841,target,BB Gun,0s,1,1,1,1,1,1,false
386,18:20:40.395,target,BB Gun,0s,1,1,1,1,1,1,false
387,18:20:40.632,target,BB Gun,0s,1,1,1,1,1,1,false
388,18:20:41.022,target,BB Gun,0s,1,1,1,1,1,1,false
389,18:20:41.348,target,BB Gun,0s,1,1,1,1,1,1,false
390,18:20:41.769,target,BB Gun,0s,1,1,1,1,1,1,false
391,18:20:42.336,target,BB Gun,0s,1,1,1,1,1,1,false
392,18:20:42.648,target,BB Gun,0s,1,1,1,1,1,1,false
393,18:20:42.981,target,BB Gun,0s,1,1,1,1,1,1,false
394,18:20:43.441,target,BB Gun,0s,1,1,1,1,1,1,false
395,18:20:44.891,target,BB Gun,1.159s,3,1,0.333,1,3,0.333,false
396,18:20:45.327,target,BB Gun,0s,1,1,1,1,1,1,false
397,18:20:45.905,target,BB Gun,0s,1,1,1,1,1,1,false
398,18:20:46.665,target,BB Gun,0s,1,1,1,1,1,1,false
399,18:20:47.050,target,BB Gun,0s,1,1,1,1,1,1,false
400,18:20:47.400,target,BB Gun,0s,1,1,1,1,1,1,false
401,18:20:48.088,target,BB Gun,0s,1,1,1,1,1,1,false
402,18:20:48.573,target,BB Gun,0s,1,1,1,1,1,1,false
403,18:20:48.975,target,BB Gun,0s,1,1,1,1,1,1,false
404,18:20:49.637,target,BB Gun,0s,1,1,1,1,1,1,false
405,18:20:50.177,target,BB Gun,0s,1,1,1,1,1,1,false
406,18:20:50.809,target,BB Gun,0.001s,1,1,1,1,1,1,false
407,18:20:51.496,target,BB Gun,0s,1,1,1,1,1,1,false
408,18:20:52.001,target,BB Gun,0.001s,1,1,1,1,1,1,false
409,18:20:52.281,target,BB Gun,0s,1,1,1,1,1,1,false
410,18:20:52.835,target,BB Gun,0s,1,1,1,1,1,1,false
411,18:20:53.180,target,BB Gun,0s,1,1,1,1,1,1,false
412,18:20:53.655,target,BB Gun,0s,1,1,1,1,1,1,false
413,18:20:54.205,target,BB Gun,0s,1,1,1,1,1,1,false
414,18:20:54.768,target,BB Gun,0s,1,1,1,1,1,1,false
415,18:20:55.089,target,BB Gun,0s,1,1,1,1,1,1,false
416,18:20:55.620,target,BB Gun,0s,1,1,1,1,1,1,false
417,18:20:56.388,target,BB Gun,0s,1,1,1,1,1,1,false
418,18:20:56.702,target,BB Gun,0s,1,1,1,1,1,1,false
419,18:20:57.066,target,BB Gun,0s,1,1,1,1,1,1,false
420,18:20:57.494,target,BB Gun,0s,1,1,1,1,1,1,false
421,18:20:58.287,target,BB Gun,0s,1,1,1,1,1,1,false
422,18:20:59.070,target,BB Gun,0.512s,2,1,0.5,1,2,0.5,false
423,18:20:59.742,target,BB Gun,0s,1,1,1,1,1,1,false
424,18:21:00.021,target,BB Gun,0s,1,1,1,1,1,1,false
425,18:21:00.580,target,BB Gun,0s,1,1,1,1,1,1,false
426,18:21:01.011,target,BB Gun,0s,1,1,1,1,1,1,false
427,18:21:01.778,target,BB Gun,0s,1,1,1,1,1,1,false
428,18:21:02.268,target,BB Gun,0.001s,1,1,1,1,1,1,false
429,18:21:02.758,target,BB Gun,0.001s,1,1,1,1,1,1,false
430,18:21:03.465,target,BB Gun,0.224s,2,1,0.5,1,2,0.5,false
431,18:21:03.910,target,BB Gun,0s,1,1,1,1,1,1,false
432,18:21:04.929,target,BB Gun,0.227s,2,1,0.5,1,2,0.5,false
433,18:21:05.262,target,BB Gun,0.001s,1,1,1,1,1,1,false
434,18:21:05.547,target,BB Gun,0.001s,1,1,1,1,1,1,false
435,18:21:05.917,target,BB Gun,0.001s,1,1,1,1,1,1,false
436,18:21:06.232,target,BB Gun,0.001s,1,1,1,1,1,1,false
437,18:21:06.738,target,BB Gun,0s,1,1,1,1,1,1,false
438,18:21:07.024,target,BB Gun,0s,1,1,1,1,1,1,false
439,18:21:07.465,target,BB Gun,0s,1,1,1,1,1,1,false
440,18:21:08.840,target,BB Gun,0.908s,4,1,0.25,1,4,0.25,false
441,18:21:09.746,target,BB Gun,0.647s,2,1,0.5,1,2,0.5,false
442,18:21:10.202,target,BB Gun,0s,1,1,1,1,1,1,false
443,18:21:10.674,target,BB Gun,0s,1,1,1,1,1,1,false
444,18:21:11.060,target,BB Gun,0s,1,1,1,1,1,1,false
445,18:21:11.394,target,BB Gun,0s,1,1,1,1,1,1,false
446,18:21:11.823,target,BB Gun,0s,1,1,1,1,1,1,false
447,18:21:12.099,target,BB Gun,0s,1,1,1,1,1,1,false
448,18:21:12.724,target,BB Gun,0.001s,1,1,1,1,1,1,false
449,18:21:13.203,target,BB Gun,0s,1,1,1,1,1,1,false
450,18:21:13.881,target,BB Gun,0s,1,1,1,1,1,1,false
451,18:21:14.858,target,BB Gun,0.304s,2,1,0.5,1,2,0.5,false
452,18:21:15.495,target,BB Gun,0s,1,1,1,1,1,1,false
453,18:21:15.866,target,BB Gun,0s,1,1,1,1,1,1,false
454,18:21:16.529,target,BB Gun,0.562s,2,1,0.5,1,2,0.5,false
455,18:21:17.077,target,BB Gun,0s,1,1,1,1,1,1,false
456,18:21:17.354,target,BB Gun,0s,1,1,1,1,1,1,false
457,18:21:17.843,target,BB Gun,0.001s,1,1,1,1,1,1,false
458,18:21:18.346,target,BB Gun,0s,1,1,1,1,1,1,false
459,18:21:18.795,target,BB Gun,0s,1,1,1,1,1,1,false
460,18:21:19.273,target,BB Gun,0s,1,1,1,1,1,1,false
461,18:21:20.095,target,BB Gun,0.385s,2,1,0.5,1,2,0.5,false
462,18:21:20.757,target,BB Gun,0s,1,1,1,1,1,1,false
463,18:21:21.152,target,BB Gun,0s,1,1,1,1,1,1,false
464,18:21:21.531,target,BB Gun,0s,1,1,1,1,1,1,false
465,18:21:22.233,target,BB Gun,0s,1,1,1,1,1,1,false
466,18:21:22.606,target,BB Gun,0s,1,1,1,1,1,1,false
467,18:21:23.580,target,BB Gun,0.506s,2,1,0.5,1,2,0.5,false
468,18:21:24.163,target,BB Gun,0s,1,1,1,1,1,1,false
469,18:21:24.815,target,BB Gun,0s,1,1,1,1,1,1,false
470,18:21:25.264,target,BB Gun,0s,1,1,1,1,1,1,false
471,18:21:25.757,target,BB Gun,0s,1,1,1,1,1,1,false
472,18:21:26.211,target,BB Gun,0s,1,1,1,1,1,1,false
473,18:21:26.627,target,BB Gun,0s,1,1,1,1,1,1,false
474,18:21:27.034,target,BB Gun,0s,1,1,1,1,1,1,false
475,18:21:27.674,target,BB Gun,0s,1,1,1,1,1,1,false
476,18:21:27.970,target,BB Gun,0s,1,1,1,1,1,1,false
477,18:21:28.296,target,BB Gun,0s,1,1,1,1,1,1,false
478,18:21:29.087,target,BB Gun,0.286s,2,1,0.5,1,2,0.5,false
479,18:21:29.908,target,BB Gun,0.505s,3,1,0.333,1,3,0.333,false
480,18:21:30.419,target,BB Gun,0.001s,1,1,1,1,1,1,false
481,18:21:30.864,target,BB Gun,0s,1,1,1,1,1,1,false
482,18:21:31.184,target,BB Gun,0s,1,1,1,1,1,1,false
483,18:21:31.551,target,BB Gun,0s,1,1,1,1,1,1,false
484,18:21:32.361,target,BB Gun,0.345s,3,1,0.333,1,3,0.333,false
485,18:21:32.844,target,BB Gun,0.175s,2,1,0.5,1,2,0.5,false
486,18:21:33.134,target,BB Gun,0s,1,1,1,1,1,1,false
487,18:21:33.803,target,BB Gun,0s,1,1,1,1,1,1,false
488,18:21:34.216,target,BB Gun,0s,1,1,1,1,1,1,false
489,18:21:35.157,target,BB Gun,0.519s,2,1,0.5,1,2,0.5,false
490,18:21:35.764,target,BB Gun,0s,1,1,1,1,1,1,false
491,18:21:36.097,target,BB Gun,0.001s,1,1,1,1,1,1,false
492,18:21:36.417,target,BB Gun,0s,1,1,1,1,1,1,false
493,18:21:37.101,target,BB Gun,0.217s,2,1,0.5,1,2,0.5,false
494,18:21:37.627,target,BB Gun,0s,1,1,1,1,1,1,false
495,18:21:38.109,target,BB Gun,0s,1,1,1,1,1,1,false
496,18:21:38.775,target,BB Gun,0s,1,1,1,1,1,1,false
497,18:21:39.170,target,BB Gun,0s,1,1,1,1,1,1,false
498,18:21:39.776,target,BB Gun,0s,1,1,1,1,1,1,false
499,18:21:40.141,target,BB Gun,0s,1,1,1,1,1,1,false
500,18:21:40.442,target,BB Gun,0s,1,1,1,1,1,1,false
501,18:21:40.858,target,BB Gun,0s,1,1,1,1,1,1,false
502,18:21:41.310,target,BB Gun,0.001s,1,1,1,1,1,1,false
503,18:21:41.868,target,BB Gun,0s,1,1,1,1,1,1,false
504,18:21:42.261,target,BB Gun,0s,1,1,1,1,1,1,false
505,18:21:42.559,target,BB Gun,0s,1,1,1,1,1,1,false
506,18:21:43.234,target,BB Gun,0s,1,1,1,1,1,1,false
507,18:21:43.801,target,BB Gun,0s,1,1,1,1,1,1,false
508,18:21:44.371,target,BB Gun,0s,1,1,1,1,1,1,false
509,18:21:44.863,target,BB Gun,0s,1,1,1,1,1,1,false
510,18:21:45.326,target,BB Gun,0s,1,1,1,1,1,1,false
511,18:21:45.804,target,BB Gun,0s,1,1,1,1,1,1,false
512,18:21:46.091,target,BB Gun,0s,1,1,1,1,1,1,false
513,18:21:46.800,target,BB Gun,0.434s,2,1,0.5,1,2,0.5,false
514,18:21:47.129,target,BB Gun,0s,1,1,1,1,1,1,false
515,18:21:47.656,target,BB Gun,0s,1,1,1,1,1,1,false
516,18:21:48.313,target,BB Gun,0s,1,1,1,1,1,1,false
517,18:21:48.846,target,BB Gun,0s,1,1,1,1,1,1,false
518,18:21:49.408,target,BB Gun,0s,1,1,1,1,1,1,false
519,18:21:49.851,target,BB Gun,0s,1,1,1,1,1,1,false
520,18:21:50.105,target,BB Gun,0s,1,1,1,1,1,1,false
521,18:21:50.872,target,BB Gun,0s,1,1,1,1,1,1,false
522,18:21:51.362,target,BB Gun,0s,1,1,1,1,1,1,false
523,18:21:51.804,target,BB Gun,0s,1,1,1,1,1,1,false
524,18:21:52.485,target,BB Gun,0s,1,1,1,1,1,1,false
525,18:21:52.854,target,BB Gun,0s,1,1,1,1,1,1,false
526,18:21:53.089,target,BB Gun,0s,1,1,1,1,1,1,false
527,18:21:53.669,target,BB Gun,0.001s,1,1,1,1,1,1,false
528,18:21:54.170,target,BB Gun,0s,1,1,1,1,1,1,false
529,18:21:54.725,target,BB Gun,0.001s,1,1,1,1,1,1,false
530,18:21:55.184,target,BB Gun,0s,1,1,1,1,1,1,false
531,18:21:55.769,target,BB Gun,0s,1,1,1,1,1,1,false
532,18:21:56.064,target,BB Gun,0s,1,1,1,1,1,1,false
533,18:21:56.788,target,BB Gun,0.304s,2,1,0.5,1,2,0.5,false
534,18:21:57.010,target,BB Gun,0s,1,1,1,1,1,1,false
535,18:21:57.605,target,BB Gun,0s,1,1,1,1,1,1,false
536,18:21:58.072,target,BB Gun,0s,1,1,1,1,1,1,false
537,18:21:58.591,target,BB Gun,0s,1,1,1,1,1,1,false
538,18:21:59.108,target,BB Gun,0s,1,1,1,1,1,1,false
539,18:21:59.703,target,BB Gun,0s,1,1,1,1,1,1,false
540,18:22:00.287,target,BB Gun,0s,1,1,1,1,1,1,false
541,18:22:00.765,target,BB Gun,0s,1,1,1,1,1,1,false
542,18:22:01.130,target,BB Gun,0s,1,1,1,1,1,1,false
543,18:22:01.791,target,BB Gun,0s,1,1,1,1,1,1,false
544,18:22:02.244,target,BB Gun,0s,1,1,1,1,1,1,false
545,18:22:02.650,target,BB Gun,0s,1,1,1,1,1,1,false
546,18:22:03.111,target,BB Gun,0s,1,1,1,1,1,1,false
547,18:22:03.380,target,BB Gun,0s,1,1,1,1,1,1,false
548,18:22:03.987,target,BB Gun,0s,1,1,1,1,1,1,false
549,18:22:04.373,target,BB Gun,0s,1,1,1,1,1,1,false
550,18:22:05.061,target,BB Gun,0.356s,2,1,0.5,1,2,0.5,false
551,18:22:05.692,target,BB Gun,0.386s,2,1,0.5,1,2,0.5,false
552,18:22:06.147,target,BB Gun,0s,1,1,1,1,1,1,false
553,18:22:06.550,target,BB Gun,0s,1,1,1,1,1,1,false
554,18:22:06.862,target,BB Gun,0s,1,1,1,1,1,1,false
555,18:22:07.426,target,BB Gun,0s,1,1,1,1,1,1,false
556,18:22:07.922,target,BB Gun,0s,1,1,1,1,1,1,false
557,18:22:08.213,target,BB Gun,0s,1,1,1,1,1,1,false
558,18:22:08.520,target,BB Gun,0s,1,1,1,1,1,1,false
559,18:22:09.009,target,BB Gun,0s,1,1,1,1,1,1,false
560,18:22:09.624,target,BB Gun,0.001s,1,1,1,1,1,1,false
561,18:22:10.192,target,BB Gun,0s,1,1,1,1,1,1,false
562,18:22:10.619,target,BB Gun,0s,1,1,1,1,1,1,false
563,18:22:11.000,target,BB Gun,0s,1,1,1,1,1,1,false
564,18:22:11.348,target,BB Gun,0s,1,1,1,1,1,1,false
565,18:22:11.767,target,BB Gun,0s,1,1,1,1,1,1,false
566,18:22:12.226,target,BB Gun,0.001s,1,1,1,1,1,1,false
567,18:22:12.752,target,BB Gun,0s,1,1,1,1,1,1,false
568,18:22:13.307,target,BB Gun,0s,1,1,1,1,1,1,false
569,18:22:14.113,target,BB Gun,0.249s,2,1,0.5,1,2,0.5,false
570,18:22:14.589,target,BB Gun,0s,1,1,1,1,1,1,false
571,18:22:14.826,target,BB Gun,0.001s,1,1,1,1,1,1,false
572,18:22:15.098,target,BB Gun,0.001s,1,1,1,1,1,1,false
573,18:22:15.627,target,BB Gun,0s,1,1,1,1,1,1,false
574,18:22:15.944,target,BB Gun,0s,1,1,1,1,1,1,false
575,18:22:16.539,target,BB Gun,0s,1,1,1,1,1,1,false
576,18:22:16.933,target,BB Gun,0s,1,1,1,1,1,1,false
577,18:22:17.502,target,BB Gun,0s,1,1,1,1,1,1,false
578,18:22:17.836,target,BB Gun,0s,1,1,1,1,1,1,false
579,18:22:18.622,target,BB Gun,0.304s,2,1,0.5,1,2,0.5,false
580,18:22:19.182,target,BB Gun,0s,1,1,1,1,1,1,false
581,18:22:19.425,target,BB Gun,0s,1,1,1,1,1,1,false
582,18:22:19.940,target,BB Gun,0s,1,1,1,1,1,1,false
583,18:22:20.368,target,BB Gun,0s,1,1,1,1,1,1,false
584,18:22:20.832,target,BB Gun,0s,1,1,1,1,1,1,false
585,18:22:21.212,target,BB Gun,0s,1,1,1,1,1,1,false
586,18:22:21.732,target,BB Gun,0s,1,1,1,1,1,1,false
587,18:22:22.190,target,BB Gun,0s,1,1,1,1,1,1,false
588,18:22:22.732,target,BB Gun,0s,1,1,1,1,1,1,false
589,18:22:23.334,target,BB Gun,0.001s,1,1,1,1,1,1,false
590,18:22:23.646,target,BB Gun,0s,1,1,1,1,1,1,false
591,18:22:24.079,target,BB Gun,0.001s,1,1,1,1,1,1,false
592,18:22:24.659,target,BB Gun,0s,1,1,1,1,1,1,false
593,18:22:25.024,target,BB Gun,0s,1,1,1,1,1,1,false
594,18:22:25.340,target,BB Gun,0s,1,1,1,1,1,1,false
595,18:22:25.827,target,BB Gun,0s,1,1,1,1,1,1,false
596,18:22:26.391,target,BB Gun,0.24s,2,1,0.5,1,2,0.5,false
597,18:22:26.987,target,BB Gun,0.171s,2,1,0.5,1,2,0.5,false
598,18:22:27.499,target,BB Gun,0.168s,2,1,0.5,1,2,0.5,false
599,18:22:27.928,target,BB Gun,0s,1,1,1,1,1,1,false
600,18:22:28.325,target,BB Gun,0.001s,1,1,1,1,1,1,false
601,18:22:28.697,target,BB Gun,0s,1,1,1,1,1,1,false
602,18:22:29.127,target,BB Gun,0s,1,1,1,1,1,1,false
603,18:22:29.394,target,BB Gun,0s,1,1,1,1,1,1,false
604,18:22:29.935,target,BB Gun,0s,1,1,1,1,1,1,false
605,18:22:30.247,target,BB Gun,0s,1,1,1,1,1,1,false
606,18:22:30.540,target,BB Gun,0s,1,1,1,1,1,1,false
607,18:22:31.159,target,BB Gun,0s,1,1,1,1,1,1,false
608,18:22:31.799,target,BB Gun,0.255s,2,1,0.5,1,2,0.5,false
609,18:22:32.453,target,BB Gun,0s,1,1,1,1,1,1,false
610,18:22:32.739,target,BB Gun,0s,1,1,1,1,1,1,false
611,18:22:33.147,target,BB Gun,0s,1,1,1,1,1,1,false
612,18:22:33.891,target,BB Gun,0.401s,2,1,0.5,1,2,0.5,false
613,18:22:34.326,target,BB Gun,0s,1,1,1,1,1,1,false
614,18:22:34.619,target,BB Gun,0s,1,1,1,1,1,1,false
615,18:22:34.903,target,BB Gun,0s,1,1,1,1,1,1,false
616,18:22:35.415,target,BB Gun,0s,1,1,1,1,1,1,false
617,18:22:35.951,target,BB Gun,0s,1,1,1,1,1,1,false
618,18:22:36.409,target,BB Gun,0s,1,1,1,1,1,1,false
619,18:22:36.769,target,BB Gun,0s,1,1,1,1,1,1,false
620,18:22:37.096,target,BB Gun,0s,1,1,1,1,1,1,false
621,18:22:37.580,target,BB Gun,0s,1,1,1,1,1,1,false
622,18:22:38.416,target,BB Gun,0.27s,2,1,0.5,1,2,0.5,false
623,18:22:38.944,target,BB Gun,0s,1,1,1,1,1,1,false
624,18:22:39.311,target,BB Gun,0s,1,1,1,1,1,1,false
625,18:22:39.665,target,BB Gun,0s,1,1,1,1,1,1,false
626,18:22:40.049,target,BB Gun,0s,1,1,1,1,1,1,false
627,18:22:41.328,target,BB Gun,0.851s,3,1,0.333,1,3,0.333,false
628,18:22:41.704,target,BB Gun,0s,1,1,1,1,1,1,false
629,18:22:42.066,target,BB Gun,0s,1,1,1,1,1,1,false
630,18:22:42.442,target,BB Gun,0s,1,1,1,1,1,1,false
631,18:22:42.885,target,BB Gun,0s,1,1,1,1,1,1,false
632,18:22:43.250,target,BB Gun,0s,1,1,1,1,1,1,false
633,18:22:43.840,target,BB Gun,0.172s,2,1,0.5,1,2,0.5,false
634,18:22:44.282,target,BB Gun,0s,1,1,1,1,1,1,false
635,18:22:44.698,target,BB Gun,0s,1,1,1,1,1,1,false
636,18:22:45.103,target,BB Gun,0s,1,1,1,1,1,1,false
637,18:22:45.984,target,BB Gun,0.41s,2,1,0.5,1,2,0.5,false
638,18:22:46.278,target,BB Gun,0s,1,1,1,1,1,1,false
639,18:22:48.038,target,BB Gun,0.733s,3,1,0.333,1,3,0.333,false
640,18:22:48.251,target,BB Gun,0.001s,1,1,1,1,1,1,false
641,18:22:48.698,target,BB Gun,0s,1,1,1,1,1,1,false
642,18:22:49.074,target,BB Gun,0s,1,1,1,1,1,1,false
643,18:22:49.765,target,BB Gun,0.001s,1,1,1,1,1,1,false
644,18:22:50.544,target,BB Gun,0.269s,2,1,0.5,1,2,0.5,false
645,18:22:51.028,target,BB Gun,0s,1,1,1,1,1,1,false
646,18:22:51.610,target,BB Gun,0s,1,1,1,1,1,1,false
647,18:22:51.835,target,BB Gun,0s,1,1,1,1,1,1,false
648,18:22:52.119,target,BB Gun,0s,1,1,1,1,1,1,false
649,18:22:52.662,target,BB Gun,0s,1,1,1,1,1,1,false
650,18:22:53.115,target,BB Gun,0s,1,1,1,1,1,1,false
651,18:22:53.603,target,BB Gun,0s,1,1,1,1,1,1,false
652,18:22:53.995,target,BB Gun,0.001s,1,1,1,1,1,1,false
653,18:22:54.509,target,BB Gun,0s,1,1,1,1,1,1,false
654,18:22:54.979,target,BB Gun,0s,1,1,1,1,1,1,false
655,18:22:55.401,target,BB Gun,0s,1,1,1,1,1,1,false
656,18:22:55.882,target,BB Gun,0.001s,1,1,1,1,1,1,false
657,18:22:56.308,target,BB Gun,0s,1,1,1,1,1,1,false
658,18:22:56.608,target,BB Gun,0s,1,1,1,1,1,1,false
659,18:22:57.124,target,BB Gun,0s,1,1,1,1,1,1,false
660,18:22:57.549,target,BB Gun,0s,1,1,1,1,1,1,false
661,18:22:58.084,target,BB Gun,0s,1,1,1,1,1,1,false
662,18:22:58.646,target,BB Gun,0.242s,2,1,0.5,1,2,0.5,false
663,18:22:59.052,target,BB Gun,0s,1,1,1,1,1,1,false
664,18:22:59.571,target,BB Gun,0s,1,1,1,1,1,1,false
665,18:23:00.113,target,BB Gun,0.126s,2,1,0.5,1,2,0.5,false
666,18:23:00.659,target,BB Gun,0.244s,2,1,0.5,1,2,0.5,false
667,18:23:01.362,target,BB Gun,0.34s,2,1,0.5,1,2,0.5,false
668,18:23:01.690,target,BB Gun,0s,1,1,1,1,1,1,false
669,18:23:01.952,target,BB Gun,0s,1,1,1,1,1,1,false
670,18:23:02.663,target,BB Gun,0.203s,2,1,0.5,1,2,0.5,false
671,18:23:03.233,target,BB Gun,0s,1,1,1,1,1,1,false
672,18:23:03.685,target,BB Gun,0s,1,1,1,1,1,1,false
673,18:23:04.024,target,BB Gun,0s,1,1,1,1,1,1,false
674,18:23:05.650,target,BB Gun,0.916s,3,1,0.333,1,3,0.333,false
675,18:23:06.327,target,BB Gun,0.214s,2,1,0.5,1,2,0.5,false
676,18:23:06.662,target,BB Gun,0s,1,1,1,1,1,1,false
677,18:23:07.252,target,BB Gun,0s,1,1,1,1,1,1,false
678,18:23:07.904,target,BB Gun,0s,1,1,1,1,1,1,false
679,18:23:08.247,target,BB Gun,0s,1,1,1,1,1,1,false
680,18:23:08.641,target,BB Gun,0.001s,1,1,1,1,1,1,false
681,18:23:09.327,target,BB Gun,0s,1,1,1,1,1,1,false
682,18:23:09.857,target,BB Gun,0.241s,2,1,0.5,1,2,0.5,false
683,18:23:10.179,target,BB Gun,0s,1,1,1,1,1,1,false
684,18:23:10.667,target,BB Gun,0s,1,1,1,1,1,1,false
685,18:23:10.945,target,BB Gun,0s,1,1,1,1,1,1,false
686,18:23:11.245,target,BB Gun,0s,1,1,1,1,1,1,false
687,18:23:11.765,target,BB Gun,0s,1,1,1,1,1,1,false
688,18:23:12.169,target,BB Gun,0s,1,1,1,1,1,1,false
689,18:23:12.571,target,BB Gun,0s,1,1,1,1,1,1,false
690,18:23:13.012,target,BB Gun,0s,1,1,1,1,1,1,false
691,18:23:13.428,target,BB Gun,0s,1,1,1,1,1,1,false
692,18:23:13.777,target,BB Gun,0s,1,1,1,1,1,1,false
693,18:23:14.075,target,BB Gun,0s,1,1,1,1,1,1,false
694,18:23:14.596,target,BB Gun,0s,1,1,1,1,1,1,false
695,18:23:14.900,target,BB Gun,0.001s,1,1,1,1,1,1,false
696,18:23:15.175,target,BB Gun,0s,1,1,1,1,1,1,false
697,18:23:15.643,target,BB Gun,0s,1,1,1,1,1,1,false
698,18:23:15.996,target,BB Gun,0.001s,1,1,1,1,1,1,false
699,18:23:16.351,target,BB Gun,0s,1,1,1,1,1,1,false
700,18:23:16.630,target,BB Gun,0s,1,1,1,1,1,1,false
701,18:23:16.943,target,BB Gun,0s,1,1,1,1,1,1,false
702,18:23:17.276,target,BB Gun,0.001s,1,1,1,1,1,1,false
703,18:23:17.619,target,BB Gun,0s,1,1,1,1,1,1,false
704,18:23:17.884,target,BB Gun,0s,1,1,1,1,1,1,false
705,18:23:18.438,target,BB Gun,0s,1,1,1,1,1,1,false
706,18:23:19.060,target,BB Gun,0.323s,2,1,0.5,1,2,0.5,false
707,18:23:19.564,target,BB Gun,0s,1,1,1,1,1,1,false
708,18:23:20.142,target,BB Gun,0s,1,1,1,1,1,1,false
709,18:23:20.717,target,BB Gun,0s,1,1,1,1,1,1,false
710,18:23:21.265,target,BB Gun,0s,1,1,1,1,1,1,false
711,18:23:21.695,target,BB Gun,0s,1,1,1,1,1,1,false
712,18:23:22.064,target,BB Gun,0s,1,1,1,1,1,1,false
713,18:23:22.356,target,BB Gun,0s,1,1,1,1,1,1,false
714,18:23:22.743,target,BB Gun,0s,1,1,1,1,1,1,false
715,18:23:23.051,target,BB Gun,0s,1,1,1,1,1,1,false
716,18:23:23.434,target,BB Gun,0s,1,1,1,1,1,1,false
717,18:23:23.741,target,BB Gun,0s,1,1,1,1,1,1,false
718,18:23:24.400,target,BB Gun,0.301s,2,1,0.5,1,2,0.5,false
719,18:23:25.092,target,BB Gun,0.402s,2,1,0.5,1,2,0.5,false
720,18:23:25.465,target,BB Gun,0s,1,1,1,1,1,1,false
721,18:23:25.743,target,BB Gun,0s,1,1,1,1,1,1,false
722,18:23:25.980,target,BB Gun,0.001s,1,1,1,1,1,1,false
723,18:23:26.340,target,BB Gun,0s,1,1,1,1,1,1,false
724,18:23:26.662,target,BB Gun,0s,1,1,1,1,1,1,false
725,18:23:26.961,target,BB Gun,0s,1,1,1,1,1,1,false
726,18:23:27.536,target,BB Gun,0.243s,2,1,0.5,1,2,0.5,false
727,18:23:27.798,target,BB Gun,0s,1,1,1,1,1,1,false
728,18:23:28.704,target,BB Gun,0.558s,3,1,0.333,1,3,0.333,false
729,18:23:29.528,target,BB Gun,0.643s,3,1,0.333,1,3,0.333,false
730,18:23:29.844,target,BB Gun,0s,1,1,1,1,1,1,false
731,18:23:30.354,target,BB Gun,0.233s,2,1,0.5,1,2,0.5,false
732,18:23:30.784,target,BB Gun,0s,1,1,1,1,1,1,false
733,18:23:31.356,target,BB Gun,0.199s,2,1,0.5,1,2,0.5,false
734,18:23:31.746,target,BB Gun,0s,1,1,1,1,1,1,false
735,18:23:32.551,target,BB Gun,0s,1,1,1,1,1,1,false
736,18:23:32.798,target,BB Gun,0s,1,1,1,1,1,1,false
737,18:23:33.197,target,BB Gun,0s,1,1,1,1,1,1,false
738,18:23:34.499,target,BB Gun,0.96s,4,1,0.25,1,4,0.25,false
739,18:23:34.738,target,BB Gun,0s,1,1,1,1,1,1,false
740,18:23:35.364,target,BB Gun,0.001s,1,1,1,1,1,1,false
741,18:23:35.707,target,BB Gun,0s,1,1,1,1,1,1,false
742,18:23:36.039,target,BB Gun,0s,1,1,1,1,1,1,false
743,18:23:36.616,target,BB Gun,0s,1,1,1,1,1,1,false
744,18:23:36.970,target,BB Gun,0s,1,1,1,1,1,1,false
745,18:23:38.258,target,BB Gun,0.884s,4,1,0.25,1,4,0.25,false
746,18:23:38.768,target,BB Gun,0s,1,1,1,1,1,1,false
747,18:23:39.090,target,BB Gun,0s,1,1,1,1,1,1,false
748,18:23:39.445,target,BB Gun,0s,1,1,1,1,1,1,false
749,18:23:39.786,target,BB Gun,0s,1,1,1,1,1,1,false
750,18:23:40.143,target,BB Gun,0s,1,1,1,1,1,1,false
751,18:23:40.437,target,BB Gun,0s,1,1,1,1,1,1,false
752,18:23:41.008,target,BB Gun,0.267s,2,1,0.5,1,2,0.5,false
753,18:23:41.477,target,BB Gun,0s,1,1,1,1,1,1,false
754,18:23:42.034,target,BB Gun,0.167s,2,1,0.5,1,2,0.5,false
755,18:23:42.308,target,BB Gun,0s,1,1,1,1,1,1,false
756,18:23:43.241,target,BB Gun,0.659s,3,1,0.333,1,3,0.333,false
757,18:23:43.461,target,BB Gun,0s,1,1,1,1,1,1,false
758,18:23:43.968,target,BB Gun,0s,1,1,1,1,1,1,false
759,18:23:44.370,target,BB Gun,0s,1,1,1,1,1,1,false
760,18:23:45.322,target,BB Gun,0.236s,2,1,0.5,1,2,0.5,false
761,18:23:45.661,target,BB Gun,0s,1,1,1,1,1,1,false
762,18:23:46.362,target,BB Gun,0.291s,2,1,0.5,1,2,0.5,false
763,18:23:47.027,target,BB Gun,0.001s,1,1,1,1,1,1,false
764,18:23:47.291,target,BB Gun,0s,1,1,1,1,1,1,false
765,18:23:47.544,target,BB Gun,0s,1,1,1,1,1,1,false
766,18:23:48.017,target,BB Gun,0s,1,1,1,1,1,1,false
767,18:23:48.606,target,BB Gun,0s,1,1,1,1,1,1,false
768,18:23:48.829,target,BB Gun,0s,1,1,1,1,1,1,false
769,18:23:49.723,target,BB Gun,0.441s,2,1,0.5,1,2,0.5,false
770,18:23:50.157,target,BB Gun,0s,1,1,1,1,1,1,false
771,18:23:50.702,target,BB Gun,0s,1,1,1,1,1,1,false
772,18:23:51.215,target,BB Gun,0.218s,2,1,0.5,1,2,0.5,false
773,18:23:52.061,target,BB Gun,0.278s,2,1,0.5,1,2,0.5,false
774,18:23:52.287,target,BB Gun,0s,1,1,1,1,1,1,false
775,18:23:52.805,target,BB Gun,0s,1,1,1,1,1,1,false
776,18:23:53.175,target,BB Gun,0s,1,1,1,1,1,1,false
777,18:23:53.570,target,BB Gun,0s,1,1,1,1,1,1,false
778,18:23:54.071,target,BB Gun,0s,1,1,1,1,1,1,false
779,18:23:54.770,target,BB Gun,0.001s,1,1,1,1,1,1,false
780,18:23:55.265,target,BB Gun,0s,1,1,1,1,1,1,false
781,18:23:55.758,target,BB Gun,0s,1,1,1,1,1,1,false
782,18:23:56.149,target,BB Gun,0s,1,1,1,1,1,1,false
783,18:23:56.572,target,BB Gun,0s,1,1,1,1,1,1,false
784,18:23:57.102,target,BB Gun,0.001s,1,1,1,1,1,1,false
785,18:23:57.420,target,BB Gun,0s,1,1,1,1,1,1,false
786,18:23:58.041,target,BB Gun,0s,1,1,1,1,1,1,false
787,18:23:58.333,target,BB Gun,0s,1,1,1,1,1,1,false
788,18:23:58.877,target,BB Gun,0s,1,1,1,1,1,1,false
789,18:23:59.247,target,BB Gun,0s,1,1,1,1,1,1,false
790,18:23:59.838,target,BB Gun,0s,1,1,1,1,1,1,false
791,18:24:00.355,target,BB Gun,0s,1,1,1,1,1,1,false
792,18:24:00.793,target,BB Gun,0s,1,1,1,1,1,1,false
793,18:24:01.263,target,BB Gun,0s,1,1,1,1,1,1,false
794,18:24:01.812,target,BB Gun,0s,1,1,1,1,1,1,false
795,18:24:02.366,target,BB Gun,0s,1,1,1,1,1,1,false
796,18:24:02.925,target,BB Gun,0.001s,1,1,1,1,1,1,false
797,18:24:03.336,target,BB Gun,0s,1,1,1,1,1,1,false
798,18:24:04.294,target,BB Gun,0.382s,2,1,0.5,1,2,0.5,false
799,18:24:04.765,target,BB Gun,0s,1,1,1,1,1,1,false
800,18:24:05.071,target,BB Gun,0s,1,1,1,1,1,1,false
801,18:24:05.546,target,BB Gun,0s,1,1,1,1,1,1,false
802,18:24:05.965,target,BB Gun,0s,1,1,1,1,1,1,false
803,18:24:06.438,target,BB Gun,0s,1,1,1,1,1,1,false
804,18:24:06.803,target,BB Gun,0.001s,1,1,1,1,1,1,false
805,18:24:07.276,target,BB Gun,0.001s,1,1,1,1,1,1,false
806,18:24:07.608,target,BB Gun,0s,1,1,1,1,1,1,false
807,18:24:08.078,target,BB Gun,0s,1,1,1,1,1,1,false
808,18:24:08.578,target,BB Gun,0s,1,1,1,1,1,1,false
809,18:24:09.095,target,BB Gun,0s,1,1,1,1,1,1,false
810,18:24:09.578,target,BB Gun,0s,1,1,1,1,1,1,false
811,18:24:10.563,target,BB Gun,0.4s,2,1,0.5,1,2,0.5,false
812,18:24:11.031,target,BB Gun,0s,1,1,1,1,1,1,false
813,18:24:11.531,target,BB Gun,0s,1,1,1,1,1,1,false
814,18:24:11.755,target,BB Gun,0s,1,1,1,1,1,1,false
815,18:24:12.072,target,BB Gun,0s,1,1,1,1,1,1,false
816,18:24:12.628,target,BB Gun,0s,1,1,1,1,1,1,false
817,18:24:13.095,target,BB Gun,0s,1,1,1,1,1,1,false
818,18:24:13.532,target,BB Gun,0s,1,1,1,1,1,1,false
819,18:24:13.875,target,BB Gun,0s,1,1,1,1,1,1,false
820,18:24:14.212,target,BB Gun,0s,1,1,1,1,1,1,false
821,18:24:14.769,target,BB Gun,0s,1,1,1,1,1,1,false
822,18:24:15.231,target,BB Gun,0s,1,1,1,1,1,1,false
823,18:24:15.506,target,BB Gun,0s,1,1,1,1,1,1,false
824,18:24:16.060,target,BB Gun,0s,1,1,1,1,1,1,false
825,18:24:16.336,target,BB Gun,0s,1,1,1,1,1,1,false
826,18:24:16.709,target,BB Gun,0s,1,1,1,1,1,1,false
827,18:24:17.064,target,BB Gun,0s,1,1,1,1,1,1,false
828,18:24:17.635,target,BB Gun,0s,1,1,1,1,1,1,false
829,18:24:18.110,target,BB Gun,0s,1,1,1,1,1,1,false
830,18:24:18.488,target,BB Gun,0s,1,1,1,1,1,1,false
831,18:24:18.926,target,BB Gun,0s,1,1,1,1,1,1,false
832,18:24:19.540,target,BB Gun,0s,1,1,1,1,1,1,false
833,18:24:20.204,target,BB Gun,0.278s,2,1,0.5,1,2,0.5,false
834,18:24:20.508,target,BB Gun,0s,1,1,1,1,1,1,false
835,18:24:20.917,target,BB Gun,0s,1,1,1,1,1,1,false
836,18:24:21.147,target,BB Gun,0s,1,1,1,1,1,1,false
837,18:24:21.479,target,BB Gun,0s,1,1,1,1,1,1,false
838,18:24:21.936,target,BB Gun,0s,1,1,1,1,1,1,false
839,18:24:22.759,target,BB Gun,0.491s,2,1,0.5,1,2,0.5,false
840,18:24:23.086,target,BB Gun,0s,1,1,1,1,1,1,false
841,18:24:23.416,target,BB Gun,0s,1,1,1,1,1,1,false
842,18:24:23.766,target,BB Gun,0s,1,1,1,1,1,1,false
843,18:24:24.060,target,BB Gun,0s,1,1,1,1,1,1,false
844,18:24:24.327,target,BB Gun,0.001s,1,1,1,1,1,1,false
845,18:24:24.728,target,BB Gun,0s,1,1,1,1,1,1,false
846,18:24:25.092,target,BB Gun,0s,1,1,1,1,1,1,false
847,18:24:25.524,target,BB Gun,0s,1,1,1,1,1,1,false
848,18:24:25.845,target,BB Gun,0s,1,1,1,1,1,1,false
849,18:24:26.410,target,BB Gun,0s,1,1,1,1,1,1,false
850,18:24:26.922,target,BB Gun,0s,1,1,1,1,1,1,false
851,18:24:27.302,target,BB Gun,0s,1,1,1,1,1,1,false
852,18:24:27.871,target,BB Gun,0.266s,2,1,0.5,1,2,0.5,false
853,18:24:28.163,target,BB Gun,0s,1,1,1,1,1,1,false
854,18:24:28.448,target,BB Gun,0.001s,1,1,1,1,1,1,false
855,18:24:29.012,target,BB Gun,0.198s,2,1,0.5,1,2,0.5,false
856,18:24:29.441,target,BB Gun,0.001s,1,1,1,1,1,1,false
857,18:24:29.784,target,BB Gun,0.001s,1,1,1,1,1,1,false
858,18:24:30.078,target,BB Gun,0s,1,1,1,1,1,1,false
859,18:24:30.611,target,BB Gun,0.001s,1,1,1,1,1,1,false
860,18:24:31.078,target,BB Gun,0.001s,1,1,1,1,1,1,false
861,18:24:31.590,target,BB Gun,0s,1,1,1,1,1,1,false
862,18:24:31.931,target,BB Gun,0s,1,1,1,1,1,1,false
863,18:24:32.171,target,BB Gun,0s,1,1,1,1,1,1,false
864,18:24:32.495,target,BB Gun,0s,1,1,1,1,1,1,false
865,18:24:33.079,target,BB Gun,0.001s,1,1,1,1,1,1,false
866,18:24:33.462,target,BB Gun,0s,1,1,1,1,1,1,false
867,18:24:33.841,target,BB Gun,0s,1,1,1,1,1,1,false
868,18:24:34.172,target,BB Gun,0s,1,1,1,1,1,1,false
869,18:24:34.579,target,BB Gun,0s,1,1,1,1,1,1,false
870,18:24:35.745,target,BB Gun,0s,1,1,1,1,1,1,false
871,18:24:36.397,target,BB Gun,0.375s,2,1,0.5,1,2,0.5,false
872,18:24:37.366,target,BB Gun,0.662s,3,1,0.333,1,3,0.333,false
873,18:24:37.643,target,BB Gun,0s,1,1,1,1,1,1,false
874,18:24:37.953,target,BB Gun,0s,1,1,1,1,1,1,false
875,18:24:38.422,target,BB Gun,0s,1,1,1,1,1,1,false
876,18:24:38.812,target,BB Gun,0s,1,1,1,1,1,1,false
877,18:24:39.416,target,BB Gun,0s,1,1,1,1,1,1,false
878,18:24:40.031,target,BB Gun,0.194s,2,1,0.5,1,2,0.5,false
879,18:24:40.512,target,BB Gun,0s,1,1,1,1,1,1,false
880,18:24:41.156,target,BB Gun,0.235s,2,1,0.5,1,2,0.5,false
881,18:24:41.673,target,BB Gun,0.24s,2,1,0.5,1,2,0.5,false
882,18:24:42.163,target,BB Gun,0s,1,1,1,1,1,1,false
883,18:24:42.719,target,BB Gun,0s,1,1,1,1,1,1,false
884,18:24:43.164,target,BB Gun,0s,1,1,1,1,1,1,false
885,18:24:43.974,target,BB Gun,0.352s,2,1,0.5,1,2,0.5,false
886,18:24:44.348,target,BB Gun,0s,1,1,1,1,1,1,false
887,18:24:44.701,target,BB Gun,0s,1,1,1,1,1,1,false
888,18:24:45.245,target,BB Gun,0s,1,1,1,1,1,1,false
889,18:24:45.580,target,BB Gun,0s,1,1,1,1,1,1,false
890,18:24:46.195,target,BB Gun,0.238s,2,1,0.5,1,2,0.5,false
891,18:24:46.786,target,BB Gun,0s,1,1,1,1,1,1,false
892,18:24:47.193,target,BB Gun,0s,1,1,1,1,1,1,false
893,18:24:47.648,target,BB Gun,0s,1,1,1,1,1,1,false
894,18:24:48.231,target,BB Gun,0s,1,1,1,1,1,1,false
895,18:24:48.547,target,BB Gun,0s,1,1,1,1,1,1,false
896,18:24:48.840,target,BB Gun,0s,1,1,1,1,1,1,false
897,18:24:49.148,target,BB Gun,0s,1,1,1,1,1,1,false
898,18:24:49.632,target,BB Gun,0s,1,1,1,1,1,1,false
899,18:24:50.156,target,BB Gun,0s,1,1,1,1,1,1,false
900,18:24:50.565,target,BB Gun,0s,1,1,1,1,1,1,false
901,18:24:51.033,target,BB Gun,0s,1,1,1,1,1,1,false
902,18:24:51.377,target,BB Gun,0s,1,1,1,1,1,1,false
903,18:24:51.967,target,BB Gun,0s,1,1,1,1,1,1,false
904,18:24:52.215,target,BB Gun,0s,1,1,1,1,1,1,false
905,18:24:52.657,target,BB Gun,0s,1,1,1,1,1,1,false
906,18:24:53.002,target,BB Gun,0s,1,1,1,1,1,1,false
907,18:24:53.411,target,BB Gun,0s,1,1,1,1,1,1,false
908,18:24:54.920,target,BB Gun,0.983s,3,1,0.333,1,3,0.333,false
909,18:24:55.363,target,BB Gun,0s,1,1,1,1,1,1,false
910,18:24:56.104,target,BB Gun,0.289s,2,1,0.5,1,2,0.5,false
911,18:24:56.364,target,BB Gun,0s,1,1,1,1,1,1,false
912,18:24:56.813,target,BB Gun,0s,1,1,1,1,1,1,false
913,18:24:57.111,target,BB Gun,0s,1,1,1,1,1,1,false
914,18:24:57.552,target,BB Gun,0.33s,2,1,0.5,1,2,0.5,false
915,18:24:58.605,target,BB Gun,0.693s,3,1,0.333,1,3,0.333,false
916,18:24:59.034,target,BB Gun,0s,1,1,1,1,1,1,false
917,18:24:59.411,target,BB Gun,0s,1,1,1,1,1,1,false
918,18:24:59.857,target,BB Gun,0s,1,1,1,1,1,1,false
919,18:25:00.279,target,BB Gun,0s,1,1,1,1,1,1,false
920,18:25:01.159,target,BB Gun,0.291s,2,1,0.5,1,2,0.5,false
921,18:25:01.657,target,BB Gun,0.001s,1,1,1,1,1,1,false
922,18:25:02.157,target,BB Gun,0s,1,1,1,1,1,1,false
923,18:25:02.667,target,BB Gun,0s,1,1,1,1,1,1,false
924,18:25:03.150,target,BB Gun,0s,1,1,1,1,1,1,false
925,18:25:03.610,target,BB Gun,0s,1,1,1,1,1,1,false
926,18:25:03.913,target,BB Gun,0s,1,1,1,1,1,1,false
927,18:25:04.269,target,BB Gun,0.001s,1,1,1,1,1,1,false
928,18:25:04.601,target,BB Gun,0s,1,1,1,1,1,1,false
929,18:25:04.909,target,BB Gun,0s,1,1,1,1,1,1,false
930,18:25:05.365,target,BB Gun,0s,1,1,1,1,1,1,false
931,18:25:05.902,target,BB Gun,0s,1,1,1,1,1,1,false
932,18:25:06.158,target,BB Gun,0s,1,1,1,1,1,1,false
933,18:25:06.416,target,BB Gun,0s,1,1,1,1,1,1,false
934,18:25:06.793,target,BB Gun,0s,1,1,1,1,1,1,false
935,18:25:07.251,target,BB Gun,0s,1,1,1,1,1,1,false
936,18:25:07.747,target,BB Gun,0s,1,1,1,1,1,1,false
937,18:25:08.057,target,BB Gun,0s,1,1,1,1,1,1,false
938,18:25:08.424,target,BB Gun,0s,1,1,1,1,1,1,false
939,18:25:09.175,target,BB Gun,0.426s,2,1,0.5,1,2,0.5,false
940,18:25:09.506,target,BB Gun,0s,1,1,1,1,1,1,false
941,18:25:09.894,target,BB Gun,0s,1,1,1,1,1,1,false
942,18:25:10.242,target,BB Gun,0s,1,1,1,1,1,1,false
943,18:25:10.782,target,BB Gun,0s,1,1,1,1,1,1,false
944,18:25:11.174,target,BB Gun,0s,1,1,1,1,1,1,false
945,18:25:11.577,target,BB Gun,0s,1,1,1,1,1,1,false
946,18:25:12.019,target,BB Gun,0s,1,1,1,1,1,1,false
947,18:25:12.579,target,BB Gun,0s,1,1,1,1,1,1,false
948,18:25:13.016,target,BB Gun,0s,1,1,1,1,1,1,false
949,18:25:13.324,target,BB Gun,0s,1,1,1,1,1,1,false
950,18:25:13.794,target,BB Gun,0s,1,1,1,1,1,1,false
951,18:25:14.166,target,BB Gun,0s,1,1,1,1,1,1,false
952,18:25:14.509,target,BB Gun,0s,1,1,1,1,1,1,false
953,18:25:15.075,target,BB Gun,0s,1,1,1,1,1,1,false
954,18:25:15.483,target,BB Gun,0s,1,1,1,1,1,1,false
955,18:25:15.887,target,BB Gun,0s,1,1,1,1,1,1,false
956,18:25:16.314,target,BB Gun,0.001s,1,1,1,1,1,1,false
957,18:25:16.840,target,BB Gun,0s,1,1,1,1,1,1,false
958,18:25:17.161,target,BB Gun,0.001s,1,1,1,1,1,1,false
959,18:25:17.762,target,BB Gun,0.232s,2,1,0.5,1,2,0.5,false
960,18:25:18.090,target,BB Gun,0s,1,1,1,1,1,1,false
961,18:25:18.683,target,BB Gun,0s,1,1,1,1,1,1,false
962,18:25:19.607,target,BB Gun,0.7s,2,1,0.5,1,2,0.5,false
963,18:25:20.108,target,BB Gun,0s,1,1,1,1,1,1,false
964,18:25:20.453,target,BB Gun,0s,1,1,1,1,1,1,false
965,18:25:20.824,target,BB Gun,0s,1,1,1,1,1,1,false
966,18:25:21.191,target,BB Gun,0s,1,1,1,1,1,1,false
967,18:25:21.558,target,BB Gun,0s,1,1,1,1,1,1,false
968,18:25:22.383,target,BB Gun,0.403s,2,1,0.5,1,2,0.5,false
969,18:25:22.610,target,BB Gun,0s,1,1,1,1,1,1,false
970,18:25:23.118,target,BB Gun,0s,1,1,1,1,1,1,false
971,18:25:23.706,target,BB Gun,0s,1,1,1,1,1,1,false
972,18:25:24.059,target,BB Gun,0s,1,1,1,1,1,1,false
973,18:25:24.530,target,BB Gun,0s,1,1,1,1,1,1,false
974,18:25:25.010,target,BB Gun,0s,1,1,1,1,1,1,false
975,18:25:25.855,target,BB Gun,0s,1,1,1,1,1,1,false
976,18:25:26.369,target,BB Gun,0.001s,1,1,1,1,1,1,false
977,18:25:26.890,target,BB Gun,0s,1,1,1,1,1,1,false
978,18:25:27.209,target,BB Gun,0s,1,1,1,1,1,1,false
979,18:25:27.731,target,BB Gun,0s,1,1,1,1,1,1,false
980,18:25:28.126,target,BB Gun,0s,1,1,1,1,1,1,false
981,18:25:28.549,target,BB Gun,0s,1,1,1,1,1,1,false
982,18:25:28.917,target,BB Gun,0s,1,1,1,1,1,1,false
983,18:25:29.536,target,BB Gun,0s,1,1,1,1,1,1,false
984,18:25:30.141,target,BB Gun,0.288s,2,1,0.5,1,2,0.5,false
985,18:25:30.485,target,BB Gun,0s,1,1,1,1,1,1,false
986,18:25:30.780,target,BB Gun,0s,1,1,1,1,1,1,false
987,18:25:31.089,target,BB Gun,0s,1,1,1,1,1,1,false
988,18:25:31.663,target,BB Gun,0s,1,1,1,1,1,1,false
989,18:25:31.891,target,BB Gun,0s,1,1,1,1,1,1,false
990,18:25:32.556,target,BB Gun,0s,1,1,1,1,1,1,false
991,18:25:32.960,target,BB Gun,0s,1,1,1,1,1,1,false
992,18:25:33.577,target,BB Gun,0s,1,1,1,1,1,1,false
993,18:25:34.282,target,BB Gun,0.295s,2,1,0.5,1,2,0.5,false
994,18:25:34.557,target,BB Gun,0.001s,1,1,1,1,1,1,false
995,18:25:35.066,target,BB Gun,0s,1,1,1,1,1,1,false
996,18:25:35.638,target,BB Gun,0s,1,1,1,1,1,1,false
997,18:25:36.112,target,BB Gun,0s,1,1,1,1,1,1,false
998,18:25:36.451,target,BB Gun,0.001s,1,1,1,1,1,1,false
999,18:25:36.837,target,BB Gun,0.001s,1,1,1,1,1,1,false
1000,18:25:37.322,target,BB Gun,0s,1,1,1,1,1,1,false
1001,18:25:38.058,target,BB Gun,0.358s,2,1,0.5,1,2,0.5,false
1002,18:25:38.385,target,BB Gun,0s,1,1,1,1,1,1,false
1003,18:25:39.003,target,BB Gun,0s,1,1,1,1,1,1,false
1004,18:25:39.218,target,BB Gun,0s,1,1,1,1,1,1,false
1005,18:25:39.870,target,BB Gun,0s,1,1,1,1,1,1,false
1006,18:25:40.471,target,BB Gun,0s,1,1,1,1,1,1,false
1007,18:25:40.921,target,BB Gun,0s,1,1,1,1,1,1,false
1008,18:25:41.282,target,BB Gun,0s,1,1,1,1,1,1,false
1009,18:25:41.781,target,BB Gun,0s,1,1,1,1,1,1,false
1010,18:25:42.360,target,BB Gun,0s,1,1,1,1,1,1,false
1011,18:25:42.793,target,BB Gun,0s,1,1,1,1,1,1,false
1012,18:25:43.148,target,BB Gun,0s,1,1,1,1,1,1,false
1013,18:25:43.686,target,BB Gun,0s,1,1,1,1,1,1,false
1014,18:25:43.912,target,BB Gun,0s,1,1,1,1,1,1,false
1015,18:25:44.241,target,BB Gun,0s,1,1,1,1,1,1,false
1016,18:25:44.645,target,BB Gun,0s,1,1,1,1,1,1,false
1017,18:25:45.094,target,BB Gun,0s,1,1,1,1,1,1,false
1018,18:25:45.682,target,BB Gun,0.247s,2,1,0.5,1,2,0.5,false
1019,18:25:46.304,target,BB Gun,0.001s,1,1,1,1,1,1,false
1020,18:25:46.655,target,BB Gun,0s,1,1,1,1,1,1,false
1021,18:25:47.220,target,BB Gun,0s,1,1,1,1,1,1,false
1022,18:25:47.508,target,BB Gun,0s,1,1,1,1,1,1,false
1023,18:25:48.220,target,BB Gun,0s,1,1,1,1,1,1,false
1024,18:25:48.746,target,BB Gun,0s,1,1,1,1,1,1,false
1025,18:25:49.736,target,BB Gun,0.355s,2,1,0.5,1,2,0.5,false
1026,18:25:50.099,target,BB Gun,0s,1,1,1,1,1,1,false
1027,18:25:50.551,target,BB Gun,0s,1,1,1,1,1,1,false
1028,18:25:51.006,target,BB Gun,0s,1,1,1,1,1,1,false
1029,18:25:51.297,target,BB Gun,0s,1,1,1,1,1,1,false
1030,18:25:52.078,target,BB Gun,0.294s,2,1,0.5,1,2,0.5,false
1031,18:25:52.666,target,BB Gun,0.001s,1,1,1,1,1,1,false
1032,18:25:53.201,target,BB Gun,0s,1,1,1,1,1,1,false
1033,18:25:53.736,target,BB Gun,0s,1,1,1,1,1,1,false
1034,18:25:54.205,target,BB Gun,0.001s,1,1,1,1,1,1,false
1035,18:25:54.667,target,BB Gun,0s,1,1,1,1,1,1,false
1036,18:25:55.625,target,BB Gun,0.375s,2,1,0.5,1,2,0.5,false
1037,18:25:55.813,target,BB Gun,0s,1,1,1,1,1,1,false
1038,18:25:56.153,target,BB Gun,0s,1,1,1,1,1,1,false
1039,18:25:56.673,target,BB Gun,0s,1,1,1,1,1,1,false
1040,18:25:57.393,target,BB Gun,0.307s,2,1,0.5,1,2,0.5,false
1041,18:25:57.975,target,BB Gun,0s,1,1,1,1,1,1,false
1042,18:25:58.922,target,BB Gun,0.247s,2,1,0.5,1,2,0.5,false
1043,18:25:59.647,target,BB Gun,0.174s,2,1,0.5,1,2,0.5,false
1044,18:26:00.135,target,BB Gun,0s,1,1,1,1,1,1,false
1045,18:26:00.838,target,BB Gun,0.342s,2,1,0.5,1,2,0.5,false
1046,18:26:01.089,target,BB Gun,0s,1,1,1,1,1,1,false
1047,18:26:01.323,target,BB Gun,0s,1,1,1,1,1,1,false
1048,18:26:01.629,target,BB Gun,0s,1,1,1,1,1,1,false
1049,18:26:02.149,target,BB Gun,0s,1,1,1,1,1,1,false
1050,18:26:02.516,target,BB Gun,0s,1,1,1,1,1,1,false
1051,18:26:02.857,target,BB Gun,0s,1,1,1,1,1,1,false
1052,18:26:03.436,target,BB Gun,0s,1,1,1,1,1,1,false
1053,18:26:03.796,target,BB Gun,0s,1,1,1,1,1,1,false
1054,18:26:04.709,target,BB Gun,0.461s,2,1,0.5,1,2,0.5,false
1055,18:26:05.956,target,BB Gun,1.008s,4,1,0.25,1,4,0.25,false
1056,18:26:06.291,target,BB Gun,0s,1,1,1,1,1,1,false
1057,18:26:06.689,target,BB Gun,0s,1,1,1,1,1,1,false
1058,18:26:07.026,target,BB Gun,0s,1,1,1,1,1,1,false
1059,18:26:07.343,target,BB Gun,0s,1,1,1,1,1,1,false
1060,18:26:07.803,target,BB Gun,0s,1,1,1,1,1,1,false
1061,18:26:08.237,target,BB Gun,0s,1,1,1,1,1,1,false
1062,18:26:08.417,target,BB Gun,0s,1,1,1,1,1,1,false
1063,18:26:08.783,target,BB Gun,0.001s,1,1,1,1,1,1,false
1064,18:26:09.218,target,BB Gun,0s,1,1,1,1,1,1,false
1065,18:26:10.110,target,BB Gun,0.58s,2,1,0.5,1,2,0.5,false
1066,18:26:10.443,target,BB Gun,0s,1,1,1,1,1,1,false
1067,18:26:11.037,target,BB Gun,0s,1,1,1,1,1,1,false
1068,18:26:11.519,target,BB Gun,0.001s,1,1,1,1,1,1,false
1069,18:26:12.014,target,BB Gun,0s,1,1,1,1,1,1,false
1070,18:26:12.296,target,BB Gun,0s,1,1,1,1,1,1,false
1071,18:26:12.853,target,BB Gun,0s,1,1,1,1,1,1,false
1072,18:26:13.297,target,BB Gun,0s,1,1,1,1,1,1,false
1073,18:26:13.803,target,BB Gun,0s,1,1,1,1,1,1,false
1074,18:26:14.321,target,BB Gun,0s,1,1,1,1,1,1,false
1075,18:26:14.767,target,BB Gun,0s,1,1,1,1,1,1,false
1076,18:26:15.614,target,BB Gun,0.263s,2,1,0.5,1,2,0.5,false
1077,18:26:16.222,target,BB Gun,0s,1,1,1,1,1,1,false
1078,18:26:16.773,target,BB Gun,0.001s,1,1,1,1,1,1,false
1079,18:26:17.314,target,BB Gun,0s,1,1,1,1,1,1,false
1080,18:26:17.585,target,BB Gun,0.001s,1,1,1,1,1,1,false
1081,18:26:17.863,target,BB Gun,0s,1,1,1,1,1,1,false
1082,18:26:18.325,target,BB Gun,0s,1,1,1,1,1,1,false
1083,18:26:18.908,target,BB Gun,0.155s,2,1,0.5,1,2,0.5,false
1084,18:26:19.449,target,BB Gun,0s,1,1,1,1,1,1,false
1085,18:26:19.667,target,BB Gun,0s,1,1,1,1,1,1,false
1086,18:26:20.105,target,BB Gun,0s,1,1,1,1,1,1,false
1087,18:26:20.653,target,BB Gun,0.001s,1,1,1,1,1,1,false
1088,18:26:21.437,target,BB Gun,0.424s,2,1,0.5,1,2,0.5,false
1089,18:26:21.776,target,BB Gun,0s,1,1,1,1,1,1,false
1090,18:26:22.267,target,BB Gun,0s,1,1,1,1,1,1,false
1091,18:26:22.888,target,BB Gun,0.24s,2,1,0.5,1,2,0.5,false
1092,18:26:23.374,target,BB Gun,0s,1,1,1,1,1,1,false
1093,18:26:23.709,target,BB Gun,0s,1,1,1,1,1,1,false
1094,18:26:23.981,target,BB Gun,0s,1,1,1,1,1,1,false
1095,18:26:24.421,target,BB Gun,0s,1,1,1,1,1,1,false
1096,18:26:25.076,target,BB Gun,0.18s,2,1,0.5,1,2,0.5,false
1097,18:26:25.578,target,BB Gun,0s,1,1,1,1,1,1,false
1098,18:26:25.921,target,BB Gun,0s,1,1,1,1,1,1,false
1099,18:26:26.453,target,BB Gun,0s,1,1,1,1,1,1,false
1100,18:26:27.066,target,BB Gun,0s,1,1,1,1,1,1,false
1101,18:26:27.340,target,BB Gun,0s,1,1,1,1,1,1,false
1102,18:26:27.729,target,BB Gun,0s,1,1,1,1,1,1,false
1103,18:26:28.188,target,BB Gun,0.001s,1,1,1,1,1,1,false
1104,18:26:28.530,target,BB Gun,0s,1,1,1,1,1,1,false
1105,18:26:29.191,target,BB Gun,0.001s,1,1,1,1,1,1,false
1106,18:26:29.779,target,BB Gun,0s,1,1,1,1,1,1,false
1107,18:26:30.596,target,BB Gun,0.331s,2,1,0.5,1,2,0.5,false
1108,18:26:31.005,target,BB Gun,0s,1,1,1,1,1,1,false
1109,18:26:31.543,target,BB Gun,0s,1,1,1,1,1,1,false
1110,18:26:31.870,target,BB Gun,0s,1,1,1,1,1,1,false
1111,18:26:32.488,target,BB Gun,0s,1,1,1,1,1,1,false
1112,18:26:33.149,target,BB Gun,0.241s,2,1,0.5,1,2,0.5,false
1113,18:26:33.814,target,BB Gun,0.309s,2,1,0.5,1,2,0.5,false
1114,18:26:34.057,target,BB Gun,0s,1,1,1,1,1,1,false
1115,18:26:34.622,target,BB Gun,0s,1,1,1,1,1,1,false
1116,18:26:34.877,target,BB Gun,0s,1,1,1,1,1,1,false
1117,18:26:35.226,target,BB Gun,0s,1,1,1,1,1,1,false
1118,18:26:35.538,target,BB Gun,0s,1,1,1,1,1,1,false
1119,18:26:35.857,target,BB Gun,0s,1,1,1,1,1,1,false
1120,18:26:36.246,target,BB Gun,0s,1,1,1,1,1,1,false
1121,18:26:36.750,target,BB Gun,0s,1,1,1,1,1,1,false
1122,18:26:37.293,target,BB Gun,0s,1,1,1,1,1,1,false
1123,18:26:37.787,target,BB Gun,0s,1,1,1,1,1,1,false
1124,18:26:38.077,target,BB Gun,0s,1,1,1,1,1,1,false
1125,18:26:38.585,target,BB Gun,0.001s,1,1,1,1,1,1,false
1126,18:26:39.171,target,BB Gun,0.297s,2,1,0.5,1,2,0.5,false
1127,18:26:39.786,target,BB Gun,0.31s,2,1,0.5,1,2,0.5,false
1128,18:26:40.141,target,BB Gun,0s,1,1,1,1,1,1,false
1129,18:26:40.751,target,BB Gun,0.244s,2,1,0.5,1,2,0.5,false
1130,18:26:41.188,target,BB Gun,0.001s,1,1,1,1,1,1,false
1131,18:26:41.467,target,BB Gun,0s,1,1,1,1,1,1,false
1132,18:26:41.823,target,BB Gun,0s,1,1,1,1,1,1,false
1133,18:26:42.143,target,BB Gun,0s,1,1,1,1,1,1,false
1134,18:26:42.393,target,BB Gun,0s,1,1,1,1,1,1,false
1135,18:26:42.964,target,BB Gun,0s,1,1,1,1,1,1,false
1136,18:26:43.214,target,BB Gun,0s,1,1,1,1,1,1,false
1137,18:26:44.630,target,BB Gun,0.798s,3,1,0.333,1,3,0.333,false
1138,18:26:44.983,target,BB Gun,0s,1,1,1,1,1,1,false
1139,18:26:45.431,target,BB Gun,0.001s,1,1,1,1,1,1,false
1140,18:26:45.734,target,BB Gun,0s,1,1,1,1,1,1,false
1141,18:26:46.280,target,BB Gun,0.271s,2,1,0.5,1,2,0.5,false
1142,18:26:46.500,target,BB Gun,0.001s,1,1,1,1,1,1,false
1143,18:26:46.973,target,BB Gun,0s,1,1,1,1,1,1,false
1144,18:26:47.849,target,BB Gun,0.561s,3,1,0.333,1,3,0.333,false
1145,18:26:48.305,target,BB Gun,0s,1,1,1,1,1,1,false
1146,18:26:48.577,target,BB Gun,0s,1,1,1,1,1,1,false
1147,18:26:49.128,target,BB Gun,0.257s,2,1,0.5,1,2,0.5,false
1148,18:26:49.633,target,BB Gun,0.239s,2,1,0.5,1,2,0.5,false
1149,18:26:50.134,target,BB Gun,0s,1,1,1,1,1,1,false
1150,18:26:50.537,target,BB Gun,0s,1,1,1,1,1,1,false
1151,18:26:50.806,target,BB Gun,0.001s,1,1,1,1,1,1,false
1152,18:26:51.196,target,BB Gun,0s,1,1,1,1,1,1,false
1153,18:26:51.420,target,BB Gun,0s,1,1,1,1,1,1,false
1154,18:26:51.783,target,BB Gun,0s,1,1,1,1,1,1,false
1155,18:26:52.214,target,BB Gun,0s,1,1,1,1,1,1,false
1156,18:26:52.923,target,BB Gun,0.404s,2,1,0.5,1,2,0.5,false
1157,18:26:53.274,target,BB Gun,0s,1,1,1,1,1,1,false
1158,18:26:53.645,target,BB Gun,0s,1,1,1,1,1,1,false
1159,18:26:54.932,target,BB Gun,0.698s,3,1,0.333,1,3,0.333,false
1160,18:26:55.536,target,BB Gun,0.001s,1,1,1,1,1,1,false
1161,18:26:56.193,target,BB Gun,0s,1,1,1,1,1,1,false
1162,18:26:56.714,target,BB Gun,0s,1,1,1,1,1,1,false
1163,18:26:57.037,target,BB Gun,0s,1,1,1,1,1,1,false
1164,18:26:57.678,target,BB Gun,0s,1,1,1,1,1,1,false
1165,18:26:58.429,target,BB Gun,0.518s,2,1,0.5,1,2,0.5,false
1166,18:26:58.837,target,BB Gun,0s,1,1,1,1,1,1,false
1167,18:26:59.345,target,BB Gun,0s,1,1,1,1,1,1,false
1168,18:26:59.818,target,BB Gun,0s,1,1,1,1,1,1,false
1169,18:27:00.271,target,BB Gun,0s,1,1,1,1,1,1,false
1170,18:27:00.727,target,BB Gun,0s,1,1,1,1,1,1,false
1171,18:27:01.246,target,BB Gun,0s,1,1,1,1,1,1,false
1172,18:27:01.910,target,BB Gun,0.001s,1,1,1,1,1,1,false
1173,18:27:02.169,target,BB Gun,0s,1,1,1,1,1,1,false
1174,18:27:02.598,target,BB Gun,0s,1,1,1,1,1,1,false
1175,18:27:03.280,target,BB Gun,0.373s,2,1,0.5,1,2,0.5,false
1176,18:27:03.722,target,BB Gun,0s,1,1,1,1,1,1,false
1177,18:27:04.004,target,BB Gun,0s,1,1,1,1,1,1,false
1178,18:27:04.497,target,BB Gun,0.001s,1,1,1,1,1,1,false
1179,18:27:04.870,target,BB Gun,0.001s,1,1,1,1,1,1,false
1180,18:27:05.482,target,BB Gun,0.001s,1,1,1,1,1,1,false
1181,18:27:05.937,target,BB Gun,0s,1,1,1,1,1,1,false
1182,18:27:06.372,target,BB Gun,0.001s,1,1,1,1,1,1,false
1183,18:27:07.306,target,BB Gun,0.318s,2,1,0.5,1,2,0.5,false
1184,18:27:07.783,target,BB Gun,0s,1,1,1,1,1,1,false
1185,18:27:08.201,target,BB Gun,0s,1,1,1,1,1,1,false
1186,18:27:08.941,target,BB Gun,0.348s,2,1,0.5,1,2,0.5,false
1187,18:27:09.333,target,BB Gun,0s,1,1,1,1,1,1,false
1188,18:27:10.036,target,BB Gun,0s,1,1,1,1,1,1,false
1189,18:27:10.359,target,BB Gun,0s,1,1,1,1,1,1,false
1190,18:27:11.313,target,BB Gun,0.669s,3,1,0.333,1,3,0.333,false
1191,18:27:11.681,target,BB Gun,0s,1,1,1,1,1,1,false
1192,18:27:12.192,target,BB Gun,0s,1,1,1,1,1,1,false
1193,18:27:12.575,target,BB Gun,0s,1,1,1,1,1,1,false
1194,18:27:13.245,target,BB Gun,0.155s,2,1,0.5,1,2,0.5,false
1195,18:27:13.635,target,BB Gun,0.001s,1,1,1,1,1,1,false
1196,18:27:13.996,target,BB Gun,0s,1,1,1,1,1,1,false
1197,18:27:14.373,target,BB Gun,0s,1,1,1,1,1,1,false
1198,18:27:14.838,target,BB Gun,0s,1,1,1,1,1,1,false
1199,18:27:15.167,target,BB Gun,0s,1,1,1,1,1,1,false
1200,18:27:15.948,target,BB Gun,0.416s,2,1,0.5,1,2,0.5,false
1201,18:27:16.345,target,BB Gun,0s,1,1,1,1,1,1,false
1202,18:27:17.092,target,BB Gun,0s,1,1,1,1,1,1,false
1203,18:27:17.398,target,BB Gun,0s,1,1,1,1,1,1,false
1204,18:27:17.636,target,BB Gun,0s,1,1,1,1,1,1,false
1205,18:27:17.972,target,BB Gun,0s,1,1,1,1,1,1,false
1206,18:27:18.337,target,BB Gun,0s,1,1,1,1,1,1,false
1207,18:27:18.681,target,BB Gun,0s,1,1,1,1,1,1,false
1208,18:27:19.187,target,BB Gun,0s,1,1,1,1,1,1,false
1209,18:27:19.547,target,BB Gun,0s,1,1,1,1,1,1,false
1210,18:27:20.288,target,BB Gun,0.408s,2,1,0.5,1,2,0.5,false
1211,18:27:21.246,target,BB Gun,0.567s,3,1,0.333,1,3,0.333,false
1212,18:27:21.507,target,BB Gun,0s,1,1,1,1,1,1,false
1213,18:27:21.894,target,BB Gun,0s,1,1,1,1,1,1,false
1214,18:27:22.378,target,BB Gun,0.164s,2,1,0.5,1,2,0.5,false
1215,18:27:22.653,target,BB Gun,0.001s,1,1,1,1,1,1,false
1216,18:27:23.001,target,BB Gun,0s,1,1,1,1,1,1,false
1217,18:27:23.330,target,BB Gun,0.001s,1,1,1,1,1,1,false
1218,18:27:23.638,target,BB Gun,0s,1,1,1,1,1,1,false
1219,18:27:24.205,target,BB Gun,0s,1,1,1,1,1,1,false
1220,18:27:25.313,target,BB Gun,0.893s,3,1,0.333,1,3,0.333,false
1221,18:27:25.867,target,BB Gun,0s,1,1,1,1,1,1,false
1222,18:27:26.106,target,BB Gun,0s,1,1,1,1,1,1,false
1223,18:27:26.573,target,BB Gun,0s,1,1,1,1,1,1,false
1224,18:27:27.105,target,BB Gun,0.291s,2,1,0.5,1,2,0.5,false
1225,18:27:27.514,target,BB Gun,0s,1,1,1,1,1,1,false
1226,18:27:27.792,target,BB Gun,0s,1,1,1,1,1,1,false
1227,18:27:28.327,target,BB Gun,0.211s,2,1,0.5,1,2,0.5,false

Weapon,Shots,Hits,Damage Done,Damage Possible,,Sens Scale,Horiz Sens,Vert Sens,FOV,Hide Gun,Crosshair,Crosshair Scale,Crosshair Color,ADS Sens,ADS Zoom Scale
BB Gun,1453,1227,1227.0,1453.0,

Kills:,1227
Deaths:,0
Fight Time:,75.155998
Avg TTK:,0
Damage Done:,1227.0
Damage Taken:,0.0
Midairs:,0
Midaired:,0
Directs:,0
Directed:,0
Reloads:,0
Distance Traveled:,0.0
Score:,1036.1521
Scenario:,1wall6targets TE 10 Min
Hash:,2add0b56d22c4b804f22e2ddcdd1e560
Game Version:,2.0.5.3
Challenge Start:,18:17:28.464
Pause Count:,2
Pause Duration:,355

Input Lag:,0
Max FPS (config):,999.0
Sens Scale:,Call of Duty
Horiz Sens:,7.5
Vert Sens:,7.5
FOV:,100.0
Hide Gun:,false
Crosshair:,plus.png
Crosshair Scale:,1.0
Crosshair Color:,FFFF00
Resolution,1920x1080
Avg FPS,301.775543
Resolution Scale,100.0
