Kill #,Timestamp,Bot,Weapon,TTK,Shots,Hits,Accuracy,Damage Done,Damage Possible,Efficiency,Cheated
1,23:14:10.668,target,pistol,0s,1,1,1,25,50,0.5,false
2,23:14:11.243,target,pistol,0.001s,1,1,1,25,50,0.5,false
3,23:14:11.952,target,pistol,0s,1,1,1,25,50,0.5,false
4,23:14:12.532,target,pistol,0s,1,1,1,25,50,0.5,false
5,23:14:13.112,target,pistol,0s,1,1,1,25,50,0.5,false
6,23:14:13.736,target,pistol,0s,1,1,1,25,50,0.5,false
7,23:14:15.346,target,pistol,1.097s,3,1,0.333,25,150,0.167,false
8,23:14:16.951,target,pistol,0.997s,2,1,0.5,25,100,0.25,false
9,23:14:17.481,target,pistol,0.001s,1,1,1,25,50,0.5,false
10,23:14:18.254,target,pistol,0s,1,1,1,25,50,0.5,false
11,23:14:18.985,target,pistol,0s,1,1,1,25,50,0.5,false
12,23:14:19.641,target,pistol,0s,1,1,1,25,50,0.5,false
13,23:14:20.332,target,pistol,0s,1,1,1,25,50,0.5,false
14,23:14:21.216,target,pistol,0s,1,1,1,25,50,0.5,false
15,23:14:21.904,target,pistol,0s,1,1,1,25,50,0.5,false
16,23:14:22.420,target,pistol,0s,1,1,1,25,50,0.5,false
17,23:14:23.424,target,pistol,0s,1,1,1,25,50,0.5,false
18,23:14:24.170,target,pistol,0.001s,1,1,1,25,50,0.5,false
19,23:14:24.711,target,pistol,0s,1,1,1,25,50,0.5,false
20,23:14:25.207,target,pistol,0s,1,1,1,25,50,0.5,false
21,23:14:25.812,target,pistol,0s,1,1,1,25,50,0.5,false
22,23:14:26.482,target,pistol,0s,1,1,1,25,50,0.5,false
23,23:14:27.229,target,pistol,0s,1,1,1,25,50,0.5,false
24,23:14:27.889,target,pistol,0s,1,1,1,25,50,0.5,false
25,23:14:28.577,target,pistol,0s,1,1,1,25,50,0.5,false
26,23:14:29.267,target,pistol,0s,1,1,1,25,50,0.5,false
27,23:14:30.055,target,pistol,0.001s,1,1,1,25,50,0.5,false
28,23:14:30.558,target,pistol,0s,1,1,1,25,50,0.5,false
29,23:14:31.590,target,pistol,0s,1,1,1,25,50,0.5,false
30,23:14:32.191,target,pistol,0s,1,1,1,25,50,0.5,false
31,23:14:33.014,target,pistol,0s,1,1,1,25,50,0.5,false
32,23:14:33.761,target,pistol,0s,1,1,1,25,50,0.5,false
33,23:14:34.467,target,pistol,0s,1,1,1,25,50,0.5,false
34,23:14:35.210,target,pistol,0s,1,1,1,25,50,0.5,false
35,23:14:35.916,target,pistol,0s,1,1,1,25,50,0.5,false
36,23:14:36.642,target,pistol,0s,1,1,1,25,50,0.5,false
37,23:14:37.576,target,pistol,0.298s,2,1,0.5,25,100,0.25,false
38,23:14:38.537,target,pistol,0s,1,1,1,25,50,0.5,false
39,23:14:39.385,target,pistol,0s,1,1,1,25,50,0.5,false
40,23:14:40.015,target,pistol,0s,1,1,1,25,50,0.5,false
41,23:14:40.644,target,pistol,0s,1,1,1,25,50,0.5,false
42,23:14:41.410,target,pistol,0s,1,1,1,25,50,0.5,false
43,23:14:42.267,target,pistol,0.304s,2,1,0.5,25,100,0.25,false
44,23:14:43.252,target,pistol,0.328s,2,1,0.5,25,100,0.25,false
45,23:14:43.947,target,pistol,0s,1,1,1,25,50,0.5,false
46,23:14:44.731,target,pistol,0.001s,1,1,1,25,50,0.5,false
47,23:14:45.509,target,pistol,0s,1,1,1,25,50,0.5,false
48,23:14:46.492,target,pistol,0s,1,1,1,25,50,0.5,false
49,23:14:47.416,target,pistol,0s,1,1,1,25,50,0.5,false
50,23:14:48.063,target,pistol,0s,1,1,1,25,50,0.5,false
51,23:14:48.742,target,pistol,0s,1,1,1,25,50,0.5,false
52,23:14:49.642,target,pistol,0s,1,1,1,25,50,0.5,false
53,23:14:50.286,target,pistol,0s,1,1,1,25,50,0.5,false
54,23:14:50.961,target,pistol,0s,1,1,1,25,50,0.5,false
55,23:14:51.736,target,pistol,0s,1,1,1,25,50,0.5,false
56,23:14:52.451,target,pistol,0s,1,1,1,25,50,0.5,false
57,23:14:53.351,target,pistol,0s,1,1,1,25,50,0.5,false
58,23:14:54.179,target,pistol,0.001s,1,1,1,25,50,0.5,false
59,23:14:55.000,target,pistol,0s,1,1,1,25,50,0.5,false
60,23:14:55.681,target,pistol,0s,1,1,1,25,50,0.5,false
61,23:14:56.382,target,pistol,0s,1,1,1,25,50,0.5,false
62,23:14:57.082,target,pistol,0.001s,1,1,1,25,50,0.5,false
63,23:14:57.798,target,pistol,0s,1,1,1,25,50,0.5,false
64,23:14:58.471,target,pistol,0.001s,1,1,1,25,50,0.5,false
65,23:14:59.146,target,pistol,0s,1,1,1,25,50,0.5,false
66,23:14:59.839,target,pistol,0s,1,1,1,25,50,0.5,false
67,23:15:00.432,target,pistol,0s,1,1,1,25,50,0.5,false
68,23:15:02.273,target,pistol,0.992s,3,1,0.333,25,150,0.167,false
69,23:15:02.763,target,pistol,0s,1,1,1,25,50,0.5,false
70,23:15:03.421,target,pistol,0s,1,1,1,25,50,0.5,false
71,23:15:04.181,target,pistol,0s,1,1,1,25,50,0.5,false
72,23:15:04.945,target,pistol,0s,1,1,1,25,50,0.5,false
73,23:15:05.563,target,pistol,0s,1,1,1,25,50,0.5,false
74,23:15:06.482,target,pistol,0.257s,2,1,0.5,25,100,0.25,false
75,23:15:07.180,target,pistol,0s,1,1,1,25,50,0.5,false
76,23:15:07.935,target,pistol,0s,1,1,1,25,50,0.5,false
77,23:15:08.677,target,pistol,0s,1,1,1,25,50,0.5,false
78,23:15:09.423,target,pistol,0s,1,1,1,25,50,0.5,false
79,23:15:10.195,target,pistol,0s,1,1,1,25,50,0.5,false
80,23:15:11.136,target,pistol,0s,1,1,1,25,50,0.5,false
81,23:15:11.780,target,pistol,0s,1,1,1,25,50,0.5,false
82,23:15:12.658,target,pistol,0s,1,1,1,25,50,0.5,false
83,23:15:13.398,target,pistol,0s,1,1,1,25,50,0.5,false
84,23:15:14.041,target,pistol,0s,1,1,1,25,50,0.5,false
85,23:15:14.669,target,pistol,0s,1,1,1,25,50,0.5,false
86,23:15:15.341,target,pistol,0s,1,1,1,25,50,0.5,false
87,23:15:15.889,target,pistol,0s,1,1,1,25,50,0.5,false
88,23:15:16.666,target,pistol,0s,1,1,1,25,50,0.5,false
89,23:15:17.427,target,pistol,0s,1,1,1,25,50,0.5,false
90,23:15:18.194,target,pistol,0.001s,1,1,1,25,50,0.5,false
91,23:15:18.900,target,pistol,0s,1,1,1,25,50,0.5,false
92,23:15:19.723,target,pistol,0s,1,1,1,25,50,0.5,false
93,23:15:20.393,target,pistol,0s,1,1,1,25,50,0.5,false
94,23:15:21.357,target,pistol,0s,1,1,1,25,50,0.5,false
95,23:15:22.247,target,pistol,0s,1,1,1,25,50,0.5,false
96,23:15:23.046,target,pistol,0s,1,1,1,25,50,0.5,false
97,23:15:23.708,target,pistol,0s,1,1,1,25,50,0.5,false
98,23:15:24.387,target,pistol,0s,1,1,1,25,50,0.5,false
99,23:15:25.082,target,pistol,0s,1,1,1,25,50,0.5,false
100,23:15:25.540,target,pistol,0s,1,1,1,25,50,0.5,false
101,23:15:27.226,target,pistol,0.418s,2,1,0.5,25,100,0.25,false
102,23:15:27.972,target,pistol,0s,1,1,1,25,50,0.5,false
103,23:15:28.635,target,pistol,0s,1,1,1,25,50,0.5,false
104,23:15:29.137,target,pistol,0s,1,1,1,25,50,0.5,false
105,23:15:29.747,target,pistol,0s,1,1,1,25,50,0.5,false
106,23:15:30.460,target,pistol,0s,1,1,1,25,50,0.5,false
107,23:15:31.138,target,pistol,0s,1,1,1,25,50,0.5,false
108,23:15:31.922,target,pistol,0s,1,1,1,25,50,0.5,false
109,23:15:32.707,target,pistol,0s,1,1,1,25,50,0.5,false
110,23:15:33.424,target,pistol,0s,1,1,1,25,50,0.5,false
111,23:15:33.937,target,pistol,0s,1,1,1,25,50,0.5,false
112,23:15:34.643,target,pistol,0s,1,1,1,25,50,0.5,false
113,23:15:35.217,target,pistol,0s,1,1,1,25,50,0.5,false
114,23:15:35.821,target,pistol,0s,1,1,1,25,50,0.5,false
115,23:15:36.416,target,pistol,0s,1,1,1,25,50,0.5,false
116,23:15:37.286,target,pistol,0s,1,1,1,25,50,0.5,false
117,23:15:37.774,target,pistol,0.001s,1,1,1,25,50,0.5,false
118,23:15:38.322,target,pistol,0.001s,1,1,1,25,50,0.5,false
119,23:15:39.727,target,pistol,0.594s,2,1,0.5,25,100,0.25,false
120,23:15:40.570,target,pistol,0s,1,1,1,25,50,0.5,false
121,23:15:41.504,target,pistol,0s,1,1,1,25,50,0.5,false
122,23:15:42.326,target,pistol,0s,1,1,1,25,50,0.5,false
123,23:15:42.914,target,pistol,0s,1,1,1,25,50,0.5,false
124,23:15:43.522,target,pistol,0.001s,1,1,1,25,50,0.5,false
125,23:15:44.498,target,pistol,0s,1,1,1,25,50,0.5,false
126,23:15:44.975,target,pistol,0.001s,1,1,1,25,50,0.5,false
127,23:15:45.820,target,pistol,0s,1,1,1,25,50,0.5,false
128,23:15:46.805,target,pistol,0s,1,1,1,25,50,0.5,false
129,23:15:47.359,target,pistol,0s,1,1,1,25,50,0.5,false
130,23:15:48.072,target,pistol,0s,1,1,1,25,50,0.5,false
131,23:15:48.656,target,pistol,0s,1,1,1,25,50,0.5,false
132,23:15:49.259,target,pistol,0s,1,1,1,25,50,0.5,false
133,23:15:50.091,target,pistol,0s,1,1,1,25,50,0.5,false
134,23:15:51.000,target,pistol,0.276s,2,1,0.5,25,100,0.25,false
135,23:15:51.610,target,pistol,0s,1,1,1,25,50,0.5,false
136,23:15:52.688,target,pistol,0.274s,2,1,0.5,25,100,0.25,false
137,23:15:53.347,target,pistol,0s,1,1,1,25,50,0.5,false
138,23:15:54.005,target,pistol,0s,1,1,1,25,50,0.5,false
139,23:15:54.839,target,pistol,0s,1,1,1,25,50,0.5,false
140,23:15:55.768,target,pistol,0s,1,1,1,25,50,0.5,false
141,23:15:56.893,target,pistol,0.001s,1,1,1,25,50,0.5,false
142,23:15:57.695,target,pistol,0s,1,1,1,25,50,0.5,false
143,23:15:58.108,target,pistol,0s,1,1,1,25,50,0.5,false
144,23:15:58.677,target,pistol,0s,1,1,1,25,50,0.5,false
145,23:15:59.162,target,pistol,0s,1,1,1,25,50,0.5,false
146,23:15:59.744,target,pistol,0s,1,1,1,25,50,0.5,false
147,23:16:00.417,target,pistol,0s,1,1,1,25,50,0.5,false
148,23:16:01.063,target,pistol,0s,1,1,1,25,50,0.5,false
149,23:16:01.700,target,pistol,0s,1,1,1,25,50,0.5,false
150,23:16:02.637,target,pistol,0s,1,1,1,25,50,0.5,false
151,23:16:03.173,target,pistol,0s,1,1,1,25,50,0.5,false
152,23:16:04.555,target,pistol,0.419s,2,1,0.5,25,100,0.25,false
153,23:16:05.438,target,pistol,0s,1,1,1,25,50,0.5,false
154,23:16:06.404,target,pistol,0s,1,1,1,25,50,0.5,false
155,23:16:07.248,target,pistol,0s,1,1,1,25,50,0.5,false
156,23:16:08.021,target,pistol,0s,1,1,1,25,50,0.5,false
157,23:16:08.789,target,pistol,0s,1,1,1,25,50,0.5,false
158,23:16:09.598,target,pistol,0s,1,1,1,25,50,0.5,false
159,23:16:10.323,target,pistol,0s,1,1,1,25,50,0.5,false
160,23:16:11.043,target,pistol,0s,1,1,1,25,50,0.5,false
161,23:16:11.602,target,pistol,0s,1,1,1,25,50,0.5,false
162,23:16:12.335,target,pistol,0s,1,1,1,25,50,0.5,false
163,23:16:13.147,target,pistol,0s,1,1,1,25,50,0.5,false
164,23:16:13.780,target,pistol,0s,1,1,1,25,50,0.5,false
165,23:16:14.383,target,pistol,0s,1,1,1,25,50,0.5,false
166,23:16:14.896,target,pistol,0s,1,1,1,25,50,0.5,false
167,23:16:16.491,target,pistol,0.326s,2,1,0.5,25,100,0.25,false
168,23:16:17.644,target,pistol,0.6s,3,1,0.333,25,150,0.167,false
169,23:16:18.186,target,pistol,0s,1,1,1,25,50,0.5,false
170,23:16:18.889,target,pistol,0s,1,1,1,25,50,0.5,false
171,23:16:19.642,target,pistol,0s,1,1,1,25,50,0.5,false
172,23:16:20.333,target,pistol,0.001s,1,1,1,25,50,0.5,false
173,23:16:21.187,target,pistol,0s,1,1,1,25,50,0.5,false
174,23:16:22.215,target,pistol,0.225s,2,1,0.5,25,100,0.25,false
175,23:16:23.059,target,pistol,0s,1,1,1,25,50,0.5,false
176,23:16:24.020,target,pistol,0s,1,1,1,25,50,0.5,false
177,23:16:24.778,target,pistol,0.001s,1,1,1,25,50,0.5,false
178,23:16:25.619,target,pistol,0s,1,1,1,25,50,0.5,false
179,23:16:26.549,target,pistol,0.387s,2,1,0.5,25,100,0.25,false
180,23:16:27.202,target,pistol,0s,1,1,1,25,50,0.5,false
181,23:16:27.688,target,pistol,0s,1,1,1,25,50,0.5,false
182,23:16:28.773,target,pistol,0.195s,2,1,0.5,25,100,0.25,false
183,23:16:29.427,target,pistol,0s,1,1,1,25,50,0.5,false
184,23:16:30.322,target,pistol,0s,1,1,1,25,50,0.5,false
185,23:16:30.976,target,pistol,0s,1,1,1,25,50,0.5,false
186,23:16:31.538,target,pistol,0s,1,1,1,25,50,0.5,false
187,23:16:32.241,target,pistol,0s,1,1,1,25,50,0.5,false
188,23:16:32.814,target,pistol,0s,1,1,1,25,50,0.5,false
189,23:16:33.204,target,pistol,0s,1,1,1,25,50,0.5,false
190,23:16:34.046,target,pistol,0s,1,1,1,25,50,0.5,false
191,23:16:34.558,target,pistol,0s,1,1,1,25,50,0.5,false
192,23:16:35.424,target,pistol,0s,1,1,1,25,50,0.5,false
193,23:16:36.011,target,pistol,0s,1,1,1,25,50,0.5,false
194,23:16:36.885,target,pistol,0s,1,1,1,25,50,0.5,false
195,23:16:37.498,target,pistol,0s,1,1,1,25,50,0.5,false
196,23:16:38.163,target,pistol,0s,1,1,1,25,50,0.5,false
197,23:16:38.708,target,pistol,0s,1,1,1,25,50,0.5,false
198,23:16:39.629,target,pistol,0s,1,1,1,25,50,0.5,false
199,23:16:40.449,target,pistol,0s,1,1,1,25,50,0.5,false
200,23:16:41.217,target,pistol,0s,1,1,1,25,50,0.5,false
201,23:16:42.037,target,pistol,0s,1,1,1,25,50,0.5,false
202,23:16:42.614,target,pistol,0s,1,1,1,25,50,0.5,false
203,23:16:43.233,target,pistol,0s,1,1,1,25,50,0.5,false
204,23:16:43.808,target,pistol,0s,1,1,1,25,50,0.5,false
205,23:16:44.647,target,pistol,0s,1,1,1,25,50,0.5,false
206,23:16:45.522,target,pistol,0.448s,2,1,0.5,25,100,0.25,false
207,23:16:46.067,target,pistol,0s,1,1,1,25,50,0.5,false
208,23:16:46.680,target,pistol,0s,1,1,1,25,50,0.5,false
209,23:16:47.276,target,pistol,0s,1,1,1,25,50,0.5,false
210,23:16:48.046,target,pistol,0s,1,1,1,25,50,0.5,false
211,23:16:48.794,target,pistol,0s,1,1,1,25,50,0.5,false
212,23:16:49.600,target,pistol,0s,1,1,1,25,50,0.5,false
213,23:16:50.264,target,pistol,0s,1,1,1,25,50,0.5,false
214,23:16:51.006,target,pistol,0s,1,1,1,25,50,0.5,false
215,23:16:51.590,target,pistol,0.001s,1,1,1,25,50,0.5,false
216,23:16:52.311,target,pistol,0s,1,1,1,25,50,0.5,false
217,23:16:52.886,target,pistol,0.001s,1,1,1,25,50,0.5,false
218,23:16:53.743,target,pistol,0s,1,1,1,25,50,0.5,false
219,23:16:54.536,target,pistol,0s,1,1,1,25,50,0.5,false
220,23:16:55.449,target,pistol,0s,1,1,1,25,50,0.5,false
221,23:16:56.167,target,pistol,0.001s,1,1,1,25,50,0.5,false
222,23:16:57.128,target,pistol,0s,1,1,1,25,50,0.5,false
223,23:16:57.885,target,pistol,0s,1,1,1,25,50,0.5,false
224,23:16:58.477,target,pistol,0s,1,1,1,25,50,0.5,false
225,23:16:59.060,target,pistol,0s,1,1,1,25,50,0.5,false
226,23:16:59.688,target,pistol,0s,1,1,1,25,50,0.5,false
227,23:17:00.152,target,pistol,0.001s,1,1,1,25,50,0.5,false
228,23:17:00.923,target,pistol,0s,1,1,1,25,50,0.5,false
229,23:17:01.522,target,pistol,0s,1,1,1,25,50,0.5,false
230,23:17:01.987,target,pistol,0s,1,1,1,25,50,0.5,false
231,23:17:02.530,target,pistol,0s,1,1,1,25,50,0.5,false
232,23:17:03.040,target,pistol,0s,1,1,1,25,50,0.5,false
233,23:17:03.633,target,pistol,0s,1,1,1,25,50,0.5,false
234,23:17:04.292,target,pistol,0s,1,1,1,25,50,0.5,false
235,23:17:04.782,target,pistol,0s,1,1,1,25,50,0.5,false
236,23:17:05.438,target,pistol,0s,1,1,1,25,50,0.5,false
237,23:17:06.326,target,pistol,0s,1,1,1,25,50,0.5,false
238,23:17:06.933,target,pistol,0s,1,1,1,25,50,0.5,false
239,23:17:07.787,target,pistol,0s,1,1,1,25,50,0.5,false
240,23:17:08.548,target,pistol,0s,1,1,1,25,50,0.5,false
241,23:17:09.317,target,pistol,0s,1,1,1,25,50,0.5,false
242,23:17:10.137,target,pistol,0s,1,1,1,25,50,0.5,false
243,23:17:10.922,target,pistol,0s,1,1,1,25,50,0.5,false
244,23:17:11.463,target,pistol,0s,1,1,1,25,50,0.5,false
245,23:17:12.392,target,pistol,0s,1,1,1,25,50,0.5,false
246,23:17:13.184,target,pistol,0s,1,1,1,25,50,0.5,false
247,23:17:13.911,target,pistol,0.001s,1,1,1,25,50,0.5,false
248,23:17:14.682,target,pistol,0.001s,1,1,1,25,50,0.5,false
249,23:17:15.447,target,pistol,0s,1,1,1,25,50,0.5,false
250,23:17:16.020,target,pistol,0s,1,1,1,25,50,0.5,false
251,23:17:16.678,target,pistol,0s,1,1,1,25,50,0.5,false
252,23:17:17.392,target,pistol,0s,1,1,1,25,50,0.5,false
253,23:17:18.101,target,pistol,0s,1,1,1,25,50,0.5,false
254,23:17:18.771,target,pistol,0s,1,1,1,25,50,0.5,false
255,23:17:19.371,target,pistol,0.001s,1,1,1,25,50,0.5,false
256,23:17:20.157,target,pistol,0s,1,1,1,25,50,0.5,false
257,23:17:21.274,target,pistol,0.399s,2,1,0.5,25,100,0.25,false
258,23:17:21.706,target,pistol,0s,1,1,1,25,50,0.5,false
259,23:17:22.454,target,pistol,0s,1,1,1,25,50,0.5,false
260,23:17:23.420,target,pistol,0s,1,1,1,25,50,0.5,false
261,23:17:24.000,target,pistol,0.001s,1,1,1,25,50,0.5,false
262,23:17:24.703,target,pistol,0.226s,2,1,0.5,25,100,0.25,false
263,23:17:25.261,target,pistol,0s,1,1,1,25,50,0.5,false
264,23:17:26.132,target,pistol,0s,1,1,1,25,50,0.5,false
265,23:17:26.877,target,pistol,0s,1,1,1,25,50,0.5,false
266,23:17:27.639,target,pistol,0s,1,1,1,25,50,0.5,false
267,23:17:28.484,target,pistol,0s,1,1,1,25,50,0.5,false
268,23:17:29.096,target,pistol,0s,1,1,1,25,50,0.5,false
269,23:17:29.663,target,pistol,0s,1,1,1,25,50,0.5,false
270,23:17:30.421,target,pistol,0s,1,1,1,25,50,0.5,false
271,23:17:31.252,target,pistol,0s,1,1,1,25,50,0.5,false
272,23:17:31.988,target,pistol,0s,1,1,1,25,50,0.5,false
273,23:17:32.709,target,pistol,0s,1,1,1,25,50,0.5,false
274,23:17:33.470,target,pistol,0s,1,1,1,25,50,0.5,false
275,23:17:34.020,target,pistol,0s,1,1,1,25,50,0.5,false
276,23:17:34.615,target,pistol,0s,1,1,1,25,50,0.5,false
277,23:17:35.358,target,pistol,0s,1,1,1,25,50,0.5,false
278,23:17:36.161,target,pistol,0s,1,1,1,25,50,0.5,false
279,23:17:36.809,target,pistol,0s,1,1,1,25,50,0.5,false
280,23:17:38.543,target,pistol,0.75s,2,1,0.5,25,100,0.25,false
281,23:17:39.052,target,pistol,0s,1,1,1,25,50,0.5,false
282,23:17:40.079,target,pistol,0.245s,2,1,0.5,25,100,0.25,false
283,23:17:40.710,target,pistol,0s,1,1,1,25,50,0.5,false
284,23:17:41.594,target,pistol,0s,1,1,1,25,50,0.5,false
285,23:17:42.388,target,pistol,0s,1,1,1,25,50,0.5,false
286,23:17:43.020,target,pistol,0s,1,1,1,25,50,0.5,false
287,23:17:43.874,target,pistol,0s,1,1,1,25,50,0.5,false
288,23:17:44.706,target,pistol,0s,1,1,1,25,50,0.5,false
289,23:17:45.476,target,pistol,0s,1,1,1,25,50,0.5,false
290,23:17:46.123,target,pistol,0s,1,1,1,25,50,0.5,false
291,23:17:46.867,target,pistol,0s,1,1,1,25,50,0.5,false
292,23:17:48.518,target,pistol,0.83s,2,1,0.5,25,100,0.25,false
293,23:17:49.275,target,pistol,0.001s,1,1,1,25,50,0.5,false
294,23:17:50.007,target,pistol,0s,1,1,1,25,50,0.5,false
295,23:17:50.504,target,pistol,0s,1,1,1,25,50,0.5,false
296,23:17:51.329,target,pistol,0s,1,1,1,25,50,0.5,false
297,23:17:52.199,target,pistol,0s,1,1,1,25,50,0.5,false
298,23:17:53.054,target,pistol,0.001s,1,1,1,25,50,0.5,false
299,23:17:53.889,target,pistol,0s,1,1,1,25,50,0.5,false
300,23:17:54.737,target,pistol,0s,1,1,1,25,50,0.5,false
301,23:17:55.341,target,pistol,0s,1,1,1,25,50,0.5,false
302,23:17:56.178,target,pistol,0s,1,1,1,25,50,0.5,false
303,23:17:56.706,target,pistol,0s,1,1,1,25,50,0.5,false
304,23:17:57.286,target,pistol,0s,1,1,1,25,50,0.5,false
305,23:17:58.060,target,pistol,0s,1,1,1,25,50,0.5,false
306,23:17:58.614,target,pistol,0s,1,1,1,25,50,0.5,false
307,23:17:59.097,target,pistol,0s,1,1,1,25,50,0.5,false
308,23:17:59.747,target,pistol,0s,1,1,1,25,50,0.5,false
309,23:18:00.393,target,pistol,0s,1,1,1,25,50,0.5,false
310,23:18:01.005,target,pistol,0s,1,1,1,25,50,0.5,false
311,23:18:01.703,target,pistol,0s,1,1,1,25,50,0.5,false
312,23:18:02.529,target,pistol,0s,1,1,1,25,50,0.5,false
313,23:18:03.126,target,pistol,0.001s,1,1,1,25,50,0.5,false
314,23:18:03.591,target,pistol,0s,1,1,1,25,50,0.5,false
315,23:18:04.406,target,pistol,0.001s,1,1,1,25,50,0.5,false
316,23:18:05.133,target,pistol,0s,1,1,1,25,50,0.5,false
317,23:18:05.977,target,pistol,0.284s,2,1,0.5,25,100,0.25,false
318,23:18:06.612,target,pistol,0s,1,1,1,25,50,0.5,false
319,23:18:07.158,target,pistol,0s,1,1,1,25,50,0.5,false
320,23:18:07.752,target,pistol,0s,1,1,1,25,50,0.5,false
321,23:18:08.565,target,pistol,0s,1,1,1,25,50,0.5,false
322,23:18:09.297,target,pistol,0s,1,1,1,25,50,0.5,false
323,23:18:09.934,target,pistol,0s,1,1,1,25,50,0.5,false
324,23:18:10.610,target,pistol,0.001s,1,1,1,25,50,0.5,false
325,23:18:11.469,target,pistol,0s,1,1,1,25,50,0.5,false
326,23:18:12.492,target,pistol,0.001s,1,1,1,25,50,0.5,false
327,23:18:13.320,target,pistol,0s,1,1,1,25,50,0.5,false
328,23:18:13.893,target,pistol,0s,1,1,1,25,50,0.5,false
329,23:18:14.625,target,pistol,0.001s,1,1,1,25,50,0.5,false
330,23:18:15.527,target,pistol,0s,1,1,1,25,50,0.5,false
331,23:18:16.030,target,pistol,0s,1,1,1,25,50,0.5,false
332,23:18:17.260,target,pistol,0s,1,1,1,25,50,0.5,false
333,23:18:18.917,target,pistol,0.877s,2,1,0.5,25,100,0.25,false
334,23:18:19.861,target,pistol,0s,1,1,1,25,50,0.5,false
335,23:18:20.605,target,pistol,0s,1,1,1,25,50,0.5,false
336,23:18:21.382,target,pistol,0s,1,1,1,25,50,0.5,false
337,23:18:22.531,target,pistol,0.222s,2,1,0.5,25,100,0.25,false
338,23:18:23.076,target,pistol,0s,1,1,1,25,50,0.5,false
339,23:18:23.727,target,pistol,0s,1,1,1,25,50,0.5,false
340,23:18:24.491,target,pistol,0.001s,1,1,1,25,50,0.5,false
341,23:18:25.424,target,pistol,0s,1,1,1,25,50,0.5,false
342,23:18:26.108,target,pistol,0s,1,1,1,25,50,0.5,false
343,23:18:26.925,target,pistol,0s,1,1,1,25,50,0.5,false
344,23:18:27.692,target,pistol,0s,1,1,1,25,50,0.5,false
345,23:18:28.473,target,pistol,0s,1,1,1,25,50,0.5,false
346,23:18:29.330,target,pistol,0s,1,1,1,25,50,0.5,false
347,23:18:29.902,target,pistol,0s,1,1,1,25,50,0.5,false
348,23:18:30.475,target,pistol,0s,1,1,1,25,50,0.5,false
349,23:18:31.150,target,pistol,0s,1,1,1,25,50,0.5,false
350,23:18:31.701,target,pistol,0s,1,1,1,25,50,0.5,false
351,23:18:32.343,target,pistol,0s,1,1,1,25,50,0.5,false
352,23:18:33.214,target,pistol,0s,1,1,1,25,50,0.5,false
353,23:18:34.028,target,pistol,0s,1,1,1,25,50,0.5,false
354,23:18:34.739,target,pistol,0s,1,1,1,25,50,0.5,false
355,23:18:35.414,target,pistol,0s,1,1,1,25,50,0.5,false
356,23:18:36.017,target,pistol,0s,1,1,1,25,50,0.5,false
357,23:18:36.737,target,pistol,0s,1,1,1,25,50,0.5,false
358,23:18:37.467,target,pistol,0s,1,1,1,25,50,0.5,false
359,23:18:38.324,target,pistol,0s,1,1,1,25,50,0.5,false
360,23:18:39.071,target,pistol,0s,1,1,1,25,50,0.5,false
361,23:18:39.880,target,pistol,0s,1,1,1,25,50,0.5,false
362,23:18:40.337,target,pistol,0s,1,1,1,25,50,0.5,false
363,23:18:41.029,target,pistol,0s,1,1,1,25,50,0.5,false
364,23:18:41.899,target,pistol,0s,1,1,1,25,50,0.5,false
365,23:18:42.653,target,pistol,0s,1,1,1,25,50,0.5,false
366,23:18:43.124,target,pistol,0s,1,1,1,25,50,0.5,false
367,23:18:43.768,target,pistol,0s,1,1,1,25,50,0.5,false
368,23:18:45.346,target,pistol,0.918s,2,1,0.5,25,100,0.25,false
369,23:18:46.159,target,pistol,0.001s,1,1,1,25,50,0.5,false
370,23:18:47.052,target,pistol,0s,1,1,1,25,50,0.5,false
371,23:18:47.850,target,pistol,0s,1,1,1,25,50,0.5,false
372,23:18:48.817,target,pistol,0s,1,1,1,25,50,0.5,false
373,23:18:49.688,target,pistol,0s,1,1,1,25,50,0.5,false
374,23:18:50.214,target,pistol,0s,1,1,1,25,50,0.5,false
375,23:18:51.026,target,pistol,0.001s,1,1,1,25,50,0.5,false
376,23:18:51.734,target,pistol,0s,1,1,1,25,50,0.5,false
377,23:18:52.592,target,pistol,0s,1,1,1,25,50,0.5,false
378,23:18:53.158,target,pistol,0s,1,1,1,25,50,0.5,false
379,23:18:53.920,target,pistol,0s,1,1,1,25,50,0.5,false
380,23:18:54.604,target,pistol,0s,1,1,1,25,50,0.5,false
381,23:18:55.411,target,pistol,0s,1,1,1,25,50,0.5,false
382,23:18:56.287,target,pistol,0.001s,1,1,1,25,50,0.5,false
383,23:18:57.044,target,pistol,0s,1,1,1,25,50,0.5,false
384,23:18:57.701,target,pistol,0s,1,1,1,25,50,0.5,false
385,23:18:58.121,target,pistol,0s,1,1,1,25,50,0.5,false
386,23:18:58.973,target,pistol,0s,1,1,1,25,50,0.5,false
387,23:18:59.706,target,pistol,0.311s,2,1,0.5,25,100,0.25,false
388,23:19:00.465,target,pistol,0s,1,1,1,25,50,0.5,false
389,23:19:01.066,target,pistol,0s,1,1,1,25,50,0.5,false
390,23:19:01.775,target,pistol,0s,1,1,1,25,50,0.5,false
391,23:19:02.425,target,pistol,0s,1,1,1,25,50,0.5,false
392,23:19:02.958,target,pistol,0s,1,1,1,25,50,0.5,false
393,23:19:04.402,target,pistol,0.665s,2,1,0.5,25,100,0.25,false
394,23:19:05.146,target,pistol,0s,1,1,1,25,50,0.5,false
395,23:19:05.686,target,pistol,0s,1,1,1,25,50,0.5,false
396,23:19:06.380,target,pistol,0s,1,1,1,25,50,0.5,false
397,23:19:07.054,target,pistol,0s,1,1,1,25,50,0.5,false
398,23:19:07.581,target,pistol,0.001s,1,1,1,25,50,0.5,false
399,23:19:08.386,target,pistol,0s,1,1,1,25,50,0.5,false
400,23:19:08.956,target,pistol,0s,1,1,1,25,50,0.5,false
401,23:19:09.679,target,pistol,0s,1,1,1,25,50,0.5,false
402,23:19:10.255,target,pistol,0s,1,1,1,25,50,0.5,false
403,23:19:11.280,target,pistol,0s,1,1,1,25,50,0.5,false
404,23:19:11.895,target,pistol,0s,1,1,1,25,50,0.5,false
405,23:19:12.467,target,pistol,0s,1,1,1,25,50,0.5,false
406,23:19:13.022,target,pistol,0s,1,1,1,25,50,0.5,false
407,23:19:13.663,target,pistol,0s,1,1,1,25,50,0.5,false
408,23:19:14.197,target,pistol,0s,1,1,1,25,50,0.5,false
409,23:19:14.990,target,pistol,0s,1,1,1,25,50,0.5,false
410,23:19:15.441,target,pistol,0s,1,1,1,25,50,0.5,false
411,23:19:16.243,target,pistol,0s,1,1,1,25,50,0.5,false
412,23:19:16.892,target,pistol,0s,1,1,1,25,50,0.5,false
413,23:19:17.637,target,pistol,0s,1,1,1,25,50,0.5,false
414,23:19:18.363,target,pistol,0s,1,1,1,25,50,0.5,false
415,23:19:19.306,target,pistol,0s,1,1,1,25,50,0.5,false
416,23:19:20.086,target,pistol,0s,1,1,1,25,50,0.5,false
417,23:19:20.890,target,pistol,0s,1,1,1,25,50,0.5,false
418,23:19:21.358,target,pistol,0s,1,1,1,25,50,0.5,false
419,23:19:22.076,target,pistol,0s,1,1,1,25,50,0.5,false
420,23:19:22.788,target,pistol,0s,1,1,1,25,50,0.5,false
421,23:19:23.231,target,pistol,0s,1,1,1,25,50,0.5,false
422,23:19:23.869,target,pistol,0s,1,1,1,25,50,0.5,false
423,23:19:24.279,target,pistol,0s,1,1,1,25,50,0.5,false
424,23:19:25.005,target,pistol,0s,1,1,1,25,50,0.5,false
425,23:19:25.874,target,pistol,0.001s,1,1,1,25,50,0.5,false
426,23:19:26.928,target,pistol,0.504s,2,1,0.5,25,100,0.25,false
427,23:19:27.697,target,pistol,0s,1,1,1,25,50,0.5,false
428,23:19:28.445,target,pistol,0s,1,1,1,25,50,0.5,false
429,23:19:29.111,target,pistol,0s,1,1,1,25,50,0.5,false
430,23:19:29.738,target,pistol,0s,1,1,1,25,50,0.5,false
431,23:19:30.474,target,pistol,0.001s,1,1,1,25,50,0.5,false
432,23:19:31.175,target,pistol,0s,1,1,1,25,50,0.5,false
433,23:19:32.602,target,pistol,0.562s,2,1,0.5,25,100,0.25,false
434,23:19:33.294,target,pistol,0.001s,1,1,1,25,50,0.5,false
435,23:19:33.912,target,pistol,0s,1,1,1,25,50,0.5,false
436,23:19:35.190,target,pistol,0.724s,2,1,0.5,25,100,0.25,false
437,23:19:36.026,target,pistol,0s,1,1,1,25,50,0.5,false
438,23:19:37.241,target,pistol,0.612s,2,1,0.5,25,100,0.25,false
439,23:19:37.821,target,pistol,0s,1,1,1,25,50,0.5,false
440,23:19:38.519,target,pistol,0s,1,1,1,25,50,0.5,false
441,23:19:39.151,target,pistol,0.001s,1,1,1,25,50,0.5,false
442,23:19:40.191,target,pistol,0s,1,1,1,25,50,0.5,false
443,23:19:40.772,target,pistol,0s,1,1,1,25,50,0.5,false
444,23:19:41.313,target,pistol,0s,1,1,1,25,50,0.5,false
445,23:19:41.825,target,pistol,0s,1,1,1,25,50,0.5,false
446,23:19:42.562,target,pistol,0s,1,1,1,25,50,0.5,false
447,23:19:43.162,target,pistol,0s,1,1,1,25,50,0.5,false
448,23:19:43.824,target,pistol,0s,1,1,1,25,50,0.5,false
449,23:19:44.367,target,pistol,0s,1,1,1,25,50,0.5,false
450,23:19:44.872,target,pistol,0s,1,1,1,25,50,0.5,false
451,23:19:45.373,target,pistol,0s,1,1,1,25,50,0.5,false
452,23:19:45.899,target,pistol,0.001s,1,1,1,25,50,0.5,false
453,23:19:46.545,target,pistol,0s,1,1,1,25,50,0.5,false
454,23:19:47.263,target,pistol,0s,1,1,1,25,50,0.5,false
455,23:19:47.817,target,pistol,0s,1,1,1,25,50,0.5,false
456,23:19:48.526,target,pistol,0s,1,1,1,25,50,0.5,false
457,23:19:49.440,target,pistol,0s,1,1,1,25,50,0.5,false
458,23:19:50.066,target,pistol,0s,1,1,1,25,50,0.5,false
459,23:19:50.792,target,pistol,0s,1,1,1,25,50,0.5,false
460,23:19:51.637,target,pistol,0s,1,1,1,25,50,0.5,false
461,23:19:52.331,target,pistol,0s,1,1,1,25,50,0.5,false
462,23:19:53.123,target,pistol,0s,1,1,1,25,50,0.5,false
463,23:19:53.830,target,pistol,0s,1,1,1,25,50,0.5,false
464,23:19:54.720,target,pistol,0s,1,1,1,25,50,0.5,false
465,23:19:55.566,target,pistol,0s,1,1,1,25,50,0.5,false
466,23:19:56.102,target,pistol,0.001s,1,1,1,25,50,0.5,false
467,23:19:57.022,target,pistol,0.245s,2,1,0.5,25,100,0.25,false
468,23:19:58.090,target,pistol,0s,1,1,1,25,50,0.5,false
469,23:19:59.208,target,pistol,0s,1,1,1,25,50,0.5,false
470,23:20:00.013,target,pistol,0s,1,1,1,25,50,0.5,false
471,23:20:00.596,target,pistol,0s,1,1,1,25,50,0.5,false
472,23:20:01.417,target,pistol,0s,1,1,1,25,50,0.5,false
473,23:20:02.194,target,pistol,0s,1,1,1,25,50,0.5,false
474,23:20:02.714,target,pistol,0s,1,1,1,25,50,0.5,false
475,23:20:03.707,target,pistol,0s,1,1,1,25,50,0.5,false
476,23:20:04.266,target,pistol,0.001s,1,1,1,25,50,0.5,false
477,23:20:05.017,target,pistol,0s,1,1,1,25,50,0.5,false
478,23:20:06.475,target,pistol,0.207s,2,1,0.5,25,100,0.25,false
479,23:20:07.250,target,pistol,0.001s,1,1,1,25,50,0.5,false
480,23:20:08.008,target,pistol,0.282s,2,1,0.5,25,100,0.25,false
481,23:20:08.655,target,pistol,0s,1,1,1,25,50,0.5,false
482,23:20:09.385,target,pistol,0.001s,1,1,1,25,50,0.5,false
483,23:20:09.971,target,pistol,0s,1,1,1,25,50,0.5,false
484,23:20:10.586,target,pistol,0s,1,1,1,25,50,0.5,false
485,23:20:11.218,target,pistol,0s,1,1,1,25,50,0.5,false
486,23:20:12.053,target,pistol,0.242s,2,1,0.5,25,100,0.25,false
487,23:20:12.949,target,pistol,0s,1,1,1,25,50,0.5,false
488,23:20:13.620,target,pistol,0s,1,1,1,25,50,0.5,false
489,23:20:15.024,target,pistol,0.718s,2,1,0.5,25,100,0.25,false
490,23:20:15.617,target,pistol,0s,1,1,1,25,50,0.5,false
491,23:20:16.454,target,pistol,0s,1,1,1,25,50,0.5,false
492,23:20:17.617,target,pistol,0.001s,1,1,1,25,50,0.5,false
493,23:20:18.437,target,pistol,0s,1,1,1,25,50,0.5,false
494,23:20:19.151,target,pistol,0s,1,1,1,25,50,0.5,false
495,23:20:19.831,target,pistol,0s,1,1,1,25,50,0.5,false
496,23:20:20.386,target,pistol,0s,1,1,1,25,50,0.5,false
497,23:20:21.267,target,pistol,0s,1,1,1,25,50,0.5,false
498,23:20:22.004,target,pistol,0s,1,1,1,25,50,0.5,false
499,23:20:22.796,target,pistol,0s,1,1,1,25,50,0.5,false
500,23:20:23.440,target,pistol,0s,1,1,1,25,50,0.5,false
501,23:20:24.054,target,pistol,0s,1,1,1,25,50,0.5,false
502,23:20:24.839,target,pistol,0s,1,1,1,25,50,0.5,false
503,23:20:25.352,target,pistol,0.001s,1,1,1,25,50,0.5,false
504,23:20:26.210,target,pistol,0s,1,1,1,25,50,0.5,false
505,23:20:27.085,target,pistol,0s,1,1,1,25,50,0.5,false
506,23:20:27.788,target,pistol,0s,1,1,1,25,50,0.5,false
507,23:20:28.462,target,pistol,0s,1,1,1,25,50,0.5,false
508,23:20:29.161,target,pistol,0s,1,1,1,25,50,0.5,false
509,23:20:29.717,target,pistol,0s,1,1,1,25,50,0.5,false
510,23:20:30.332,target,pistol,0s,1,1,1,25,50,0.5,false
511,23:20:30.864,target,pistol,0.001s,1,1,1,25,50,0.5,false
512,23:20:32.009,target,pistol,0s,1,1,1,25,50,0.5,false
513,23:20:32.811,target,pistol,0s,1,1,1,25,50,0.5,false
514,23:20:34.386,target,pistol,0.663s,2,1,0.5,25,100,0.25,false
515,23:20:34.934,target,pistol,0s,1,1,1,25,50,0.5,false
516,23:20:35.446,target,pistol,0s,1,1,1,25,50,0.5,false
517,23:20:36.169,target,pistol,0s,1,1,1,25,50,0.5,false
518,23:20:36.633,target,pistol,0s,1,1,1,25,50,0.5,false
519,23:20:37.477,target,pistol,0s,1,1,1,25,50,0.5,false
520,23:20:38.244,target,pistol,0s,1,1,1,25,50,0.5,false
521,23:20:38.783,target,pistol,0s,1,1,1,25,50,0.5,false
522,23:20:39.389,target,pistol,0s,1,1,1,25,50,0.5,false
523,23:20:40.029,target,pistol,0s,1,1,1,25,50,0.5,false
524,23:20:40.796,target,pistol,0s,1,1,1,25,50,0.5,false
525,23:20:41.699,target,pistol,0s,1,1,1,25,50,0.5,false
526,23:20:42.382,target,pistol,0s,1,1,1,25,50,0.5,false
527,23:20:42.863,target,pistol,0.001s,1,1,1,25,50,0.5,false
528,23:20:43.721,target,pistol,0s,1,1,1,25,50,0.5,false
529,23:20:44.406,target,pistol,0s,1,1,1,25,50,0.5,false
530,23:20:45.337,target,pistol,0s,1,1,1,25,50,0.5,false
531,23:20:46.242,target,pistol,0s,1,1,1,25,50,0.5,false
532,23:20:46.954,target,pistol,0s,1,1,1,25,50,0.5,false
533,23:20:48.676,target,pistol,1.033s,2,1,0.5,25,100,0.25,false
534,23:20:49.397,target,pistol,0s,1,1,1,25,50,0.5,false
535,23:20:50.097,target,pistol,0s,1,1,1,25,50,0.5,false
536,23:20:50.599,target,pistol,0s,1,1,1,25,50,0.5,false
537,23:20:51.336,target,pistol,0.001s,1,1,1,25,50,0.5,false
538,23:20:52.209,target,pistol,0s,1,1,1,25,50,0.5,false
539,23:20:52.911,target,pistol,0s,1,1,1,25,50,0.5,false
540,23:20:53.421,target,pistol,0s,1,1,1,25,50,0.5,false
541,23:20:54.091,target,pistol,0s,1,1,1,25,50,0.5,false
542,23:20:54.953,target,pistol,0.219s,2,1,0.5,25,100,0.25,false
543,23:20:55.721,target,pistol,0s,1,1,1,25,50,0.5,false
544,23:20:56.478,target,pistol,0s,1,1,1,25,50,0.5,false
545,23:20:57.483,target,pistol,0s,1,1,1,25,50,0.5,false
546,23:20:58.229,target,pistol,0s,1,1,1,25,50,0.5,false
547,23:20:59.019,target,pistol,0s,1,1,1,25,50,0.5,false
548,23:20:59.884,target,pistol,0.285s,2,1,0.5,25,100,0.25,false
549,23:21:00.654,target,pistol,0s,1,1,1,25,50,0.5,false
550,23:21:01.468,target,pistol,0s,1,1,1,25,50,0.5,false
551,23:21:02.122,target,pistol,0s,1,1,1,25,50,0.5,false
552,23:21:02.689,target,pistol,0.001s,1,1,1,25,50,0.5,false
553,23:21:03.320,target,pistol,0s,1,1,1,25,50,0.5,false
554,23:21:04.084,target,pistol,0s,1,1,1,25,50,0.5,false
555,23:21:05.110,target,pistol,0s,1,1,1,25,50,0.5,false
556,23:21:06.038,target,pistol,0s,1,1,1,25,50,0.5,false
557,23:21:06.777,target,pistol,0s,1,1,1,25,50,0.5,false
558,23:21:07.599,target,pistol,0s,1,1,1,25,50,0.5,false
559,23:21:08.265,target,pistol,0s,1,1,1,25,50,0.5,false
560,23:21:08.949,target,pistol,0s,1,1,1,25,50,0.5,false
561,23:21:09.503,target,pistol,0s,1,1,1,25,50,0.5,false
562,23:21:10.128,target,pistol,0s,1,1,1,25,50,0.5,false
563,23:21:10.926,target,pistol,0s,1,1,1,25,50,0.5,false
564,23:21:11.554,target,pistol,0s,1,1,1,25,50,0.5,false
565,23:21:12.209,target,pistol,0s,1,1,1,25,50,0.5,false
566,23:21:12.794,target,pistol,0s,1,1,1,25,50,0.5,false
567,23:21:13.529,target,pistol,0s,1,1,1,25,50,0.5,false
568,23:21:14.278,target,pistol,0s,1,1,1,25,50,0.5,false
569,23:21:15.108,target,pistol,0s,1,1,1,25,50,0.5,false
570,23:21:15.859,target,pistol,0s,1,1,1,25,50,0.5,false
571,23:21:16.457,target,pistol,0s,1,1,1,25,50,0.5,false
572,23:21:17.176,target,pistol,0s,1,1,1,25,50,0.5,false
573,23:21:17.837,target,pistol,0s,1,1,1,25,50,0.5,false
574,23:21:18.616,target,pistol,0s,1,1,1,25,50,0.5,false
575,23:21:19.123,target,pistol,0s,1,1,1,25,50,0.5,false
576,23:21:19.722,target,pistol,0s,1,1,1,25,50,0.5,false
577,23:21:20.389,target,pistol,0s,1,1,1,25,50,0.5,false
578,23:21:21.077,target,pistol,0s,1,1,1,25,50,0.5,false
579,23:21:21.593,target,pistol,0s,1,1,1,25,50,0.5,false
580,23:21:22.364,target,pistol,0.001s,1,1,1,25,50,0.5,false
581,23:21:23.109,target,pistol,0.001s,1,1,1,25,50,0.5,false
582,23:21:23.834,target,pistol,0s,1,1,1,25,50,0.5,false
583,23:21:24.629,target,pistol,0s,1,1,1,25,50,0.5,false
584,23:21:25.339,target,pistol,0s,1,1,1,25,50,0.5,false
585,23:21:26.138,target,pistol,0s,1,1,1,25,50,0.5,false
586,23:21:26.890,target,pistol,0s,1,1,1,25,50,0.5,false
587,23:21:28.485,target,pistol,0.723s,2,1,0.5,25,100,0.25,false
588,23:21:29.030,target,pistol,0s,1,1,1,25,50,0.5,false
589,23:21:29.614,target,pistol,0s,1,1,1,25,50,0.5,false
590,23:21:30.209,target,pistol,0s,1,1,1,25,50,0.5,false
591,23:21:30.964,target,pistol,0s,1,1,1,25,50,0.5,false
592,23:21:31.448,target,pistol,0.35s,2,1,0.5,25,100,0.25,false
593,23:21:32.220,target,pistol,0s,1,1,1,25,50,0.5,false
594,23:21:32.812,target,pistol,0.001s,1,1,1,25,50,0.5,false
595,23:21:33.526,target,pistol,0s,1,1,1,25,50,0.5,false
596,23:21:34.142,target,pistol,0s,1,1,1,25,50,0.5,false
597,23:21:34.690,target,pistol,0s,1,1,1,25,50,0.5,false
598,23:21:35.229,target,pistol,0s,1,1,1,25,50,0.5,false
599,23:21:35.963,target,pistol,0s,1,1,1,25,50,0.5,false
600,23:21:36.796,target,pistol,0s,1,1,1,25,50,0.5,false
601,23:21:37.242,target,pistol,0s,1,1,1,25,50,0.5,false
602,23:21:38.067,target,pistol,0.001s,1,1,1,25,50,0.5,false
603,23:21:38.858,target,pistol,0.001s,1,1,1,25,50,0.5,false
604,23:21:40.812,target,pistol,1.255s,3,1,0.333,25,150,0.167,false
605,23:21:41.459,target,pistol,0.001s,1,1,1,25,50,0.5,false
606,23:21:42.205,target,pistol,0s,1,1,1,25,50,0.5,false
607,23:21:42.986,target,pistol,0.001s,1,1,1,25,50,0.5,false
608,23:21:43.916,target,pistol,0.425s,2,1,0.5,25,100,0.25,false
609,23:21:44.795,target,pistol,0s,1,1,1,25,50,0.5,false
610,23:21:45.453,target,pistol,0s,1,1,1,25,50,0.5,false
611,23:21:45.966,target,pistol,0s,1,1,1,25,50,0.5,false
612,23:21:46.682,target,pistol,0s,1,1,1,25,50,0.5,false
613,23:21:47.545,target,pistol,0s,1,1,1,25,50,0.5,false
614,23:21:48.201,target,pistol,0s,1,1,1,25,50,0.5,false
615,23:21:48.784,target,pistol,0.001s,1,1,1,25,50,0.5,false
616,23:21:49.687,target,pistol,0s,1,1,1,25,50,0.5,false
617,23:21:50.522,target,pistol,0.001s,1,1,1,25,50,0.5,false
618,23:21:51.122,target,pistol,0s,1,1,1,25,50,0.5,false
619,23:21:51.990,target,pistol,0s,1,1,1,25,50,0.5,false
620,23:21:52.848,target,pistol,0s,1,1,1,25,50,0.5,false
621,23:21:53.680,target,pistol,0.001s,1,1,1,25,50,0.5,false
622,23:21:54.131,target,pistol,0s,1,1,1,25,50,0.5,false
623,23:21:54.761,target,pistol,0s,1,1,1,25,50,0.5,false
624,23:21:55.676,target,pistol,0.294s,2,1,0.5,25,100,0.25,false
625,23:21:56.603,target,pistol,0.233s,2,1,0.5,25,100,0.25,false
626,23:21:57.319,target,pistol,0s,1,1,1,25,50,0.5,false
627,23:21:58.051,target,pistol,0s,1,1,1,25,50,0.5,false
628,23:21:58.845,target,pistol,0s,1,1,1,25,50,0.5,false
629,23:21:59.536,target,pistol,0s,1,1,1,25,50,0.5,false
630,23:22:00.208,target,pistol,0s,1,1,1,25,50,0.5,false
631,23:22:00.984,target,pistol,0s,1,1,1,25,50,0.5,false
632,23:22:01.490,target,pistol,0s,1,1,1,25,50,0.5,false
633,23:22:02.239,target,pistol,0s,1,1,1,25,50,0.5,false
634,23:22:03.060,target,pistol,0s,1,1,1,25,50,0.5,false
635,23:22:03.507,target,pistol,0s,1,1,1,25,50,0.5,false
636,23:22:04.361,target,pistol,0s,1,1,1,25,50,0.5,false
637,23:22:05.270,target,pistol,0.001s,1,1,1,25,50,0.5,false
638,23:22:05.926,target,pistol,0s,1,1,1,25,50,0.5,false
639,23:22:06.737,target,pistol,0s,1,1,1,25,50,0.5,false
640,23:22:07.759,target,pistol,0s,1,1,1,25,50,0.5,false
641,23:22:08.248,target,pistol,0s,1,1,1,25,50,0.5,false
642,23:22:09.012,target,pistol,0s,1,1,1,25,50,0.5,false
643,23:22:09.723,target,pistol,0s,1,1,1,25,50,0.5,false
644,23:22:10.641,target,pistol,0s,1,1,1,25,50,0.5,false
645,23:22:11.290,target,pistol,0.001s,1,1,1,25,50,0.5,false
646,23:22:12.159,target,pistol,0s,1,1,1,25,50,0.5,false
647,23:22:12.775,target,pistol,0s,1,1,1,25,50,0.5,false
648,23:22:13.590,target,pistol,0s,1,1,1,25,50,0.5,false
649,23:22:14.410,target,pistol,0.189s,2,1,0.5,25,100,0.25,false
650,23:22:15.097,target,pistol,0s,1,1,1,25,50,0.5,false
651,23:22:16.407,target,pistol,0.492s,2,1,0.5,25,100,0.25,false
652,23:22:17.367,target,pistol,0s,1,1,1,25,50,0.5,false
653,23:22:17.949,target,pistol,0s,1,1,1,25,50,0.5,false
654,23:22:18.474,target,pistol,0.001s,1,1,1,25,50,0.5,false
655,23:22:19.075,target,pistol,0s,1,1,1,25,50,0.5,false
656,23:22:19.705,target,pistol,0s,1,1,1,25,50,0.5,false
657,23:22:20.238,target,pistol,0s,1,1,1,25,50,0.5,false
658,23:22:20.751,target,pistol,0s,1,1,1,25,50,0.5,false
659,23:22:22.001,target,pistol,0s,1,1,1,25,50,0.5,false
660,23:22:22.915,target,pistol,0.287s,2,1,0.5,25,100,0.25,false
661,23:22:23.597,target,pistol,0s,1,1,1,25,50,0.5,false
662,23:22:24.473,target,pistol,0s,1,1,1,25,50,0.5,false
663,23:22:25.376,target,pistol,0s,1,1,1,25,50,0.5,false
664,23:22:26.021,target,pistol,0s,1,1,1,25,50,0.5,false
665,23:22:26.692,target,pistol,0s,1,1,1,25,50,0.5,false
666,23:22:27.487,target,pistol,0s,1,1,1,25,50,0.5,false
667,23:22:28.352,target,pistol,0s,1,1,1,25,50,0.5,false
668,23:22:29.116,target,pistol,0s,1,1,1,25,50,0.5,false
669,23:22:29.909,target,pistol,0s,1,1,1,25,50,0.5,false
670,23:22:30.404,target,pistol,0s,1,1,1,25,50,0.5,false
671,23:22:30.987,target,pistol,0s,1,1,1,25,50,0.5,false
672,23:22:31.832,target,pistol,0s,1,1,1,25,50,0.5,false
673,23:22:32.610,target,pistol,0s,1,1,1,25,50,0.5,false
674,23:22:33.427,target,pistol,0s,1,1,1,25,50,0.5,false
675,23:22:34.079,target,pistol,0.001s,1,1,1,25,50,0.5,false
676,23:22:34.718,target,pistol,0s,1,1,1,25,50,0.5,false
677,23:22:35.307,target,pistol,0s,1,1,1,25,50,0.5,false
678,23:22:36.119,target,pistol,0s,1,1,1,25,50,0.5,false
679,23:22:36.789,target,pistol,0s,1,1,1,25,50,0.5,false
680,23:22:37.470,target,pistol,0s,1,1,1,25,50,0.5,false
681,23:22:38.198,target,pistol,0s,1,1,1,25,50,0.5,false
682,23:22:38.904,target,pistol,0s,1,1,1,25,50,0.5,false
683,23:22:39.510,target,pistol,0s,1,1,1,25,50,0.5,false
684,23:22:40.130,target,pistol,0s,1,1,1,25,50,0.5,false
685,23:22:41.598,target,pistol,0.691s,2,1,0.5,25,100,0.25,false
686,23:22:42.421,target,pistol,0.001s,1,1,1,25,50,0.5,false
687,23:22:43.108,target,pistol,0s,1,1,1,25,50,0.5,false
688,23:22:43.779,target,pistol,0s,1,1,1,25,50,0.5,false
689,23:22:44.325,target,pistol,0.001s,1,1,1,25,50,0.5,false
690,23:22:44.993,target,pistol,0.001s,1,1,1,25,50,0.5,false
691,23:22:45.970,target,pistol,0s,1,1,1,25,50,0.5,false
692,23:22:46.389,target,pistol,0s,1,1,1,25,50,0.5,false
693,23:22:47.012,target,pistol,0s,1,1,1,25,50,0.5,false
694,23:22:47.573,target,pistol,0s,1,1,1,25,50,0.5,false
695,23:22:48.270,target,pistol,0.313s,2,1,0.5,25,100,0.25,false
696,23:22:48.994,target,pistol,0s,1,1,1,25,50,0.5,false
697,23:22:49.403,target,pistol,0s,1,1,1,25,50,0.5,false
698,23:22:50.038,target,pistol,0s,1,1,1,25,50,0.5,false
699,23:22:50.786,target,pistol,0s,1,1,1,25,50,0.5,false
700,23:22:51.341,target,pistol,0s,1,1,1,25,50,0.5,false
701,23:22:52.011,target,pistol,0.001s,1,1,1,25,50,0.5,false
702,23:22:52.785,target,pistol,0s,1,1,1,25,50,0.5,false
703,23:22:53.457,target,pistol,0s,1,1,1,25,50,0.5,false
704,23:22:54.965,target,pistol,0.592s,2,1,0.5,25,100,0.25,false
705,23:22:55.639,target,pistol,0s,1,1,1,25,50,0.5,false
706,23:22:57.181,target,pistol,0.733s,2,1,0.5,25,100,0.25,false
707,23:22:58.368,target,pistol,0.344s,2,1,0.5,25,100,0.25,false
708,23:22:58.857,target,pistol,0s,1,1,1,25,50,0.5,false
709,23:22:59.594,target,pistol,0s,1,1,1,25,50,0.5,false
710,23:23:01.386,target,pistol,0.757s,2,1,0.5,25,100,0.25,false
711,23:23:02.145,target,pistol,0s,1,1,1,25,50,0.5,false
712,23:23:02.872,target,pistol,0s,1,1,1,25,50,0.5,false
713,23:23:04.515,target,pistol,0.919s,3,1,0.333,25,150,0.167,false
714,23:23:05.089,target,pistol,0s,1,1,1,25,50,0.5,false
715,23:23:06.078,target,pistol,0s,1,1,1,25,50,0.5,false
716,23:23:06.882,target,pistol,0s,1,1,1,25,50,0.5,false
717,23:23:07.490,target,pistol,0.001s,1,1,1,25,50,0.5,false
718,23:23:08.019,target,pistol,0s,1,1,1,25,50,0.5,false
719,23:23:08.732,target,pistol,0s,1,1,1,25,50,0.5,false
720,23:23:09.811,target,pistol,0s,1,1,1,25,50,0.5,false
721,23:23:10.562,target,pistol,0s,1,1,1,25,50,0.5,false
722,23:23:11.593,target,pistol,0s,1,1,1,25,50,0.5,false
723,23:23:12.368,target,pistol,0s,1,1,1,25,50,0.5,false
724,23:23:13.022,target,pistol,0s,1,1,1,25,50,0.5,false
725,23:23:13.530,target,pistol,0s,1,1,1,25,50,0.5,false
726,23:23:14.235,target,pistol,0s,1,1,1,25,50,0.5,false
727,23:23:14.893,target,pistol,0s,1,1,1,25,50,0.5,false
728,23:23:16.296,target,pistol,0.657s,2,1,0.5,25,100,0.25,false
729,23:23:17.239,target,pistol,0.001s,1,1,1,25,50,0.5,false
730,23:23:17.793,target,pistol,0s,1,1,1,25,50,0.5,false
731,23:23:18.535,target,pistol,0s,1,1,1,25,50,0.5,false
732,23:23:19.261,target,pistol,0s,1,1,1,25,50,0.5,false
733,23:23:20.627,target,pistol,0.749s,2,1,0.5,25,100,0.25,false
734,23:23:21.267,target,pistol,0s,1,1,1,25,50,0.5,false
735,23:23:22.461,target,pistol,0.231s,2,1,0.5,25,100,0.25,false
736,23:23:23.236,target,pistol,0.001s,1,1,1,25,50,0.5,false
737,23:23:23.873,target,pistol,0s,1,1,1,25,50,0.5,false
738,23:23:24.469,target,pistol,0s,1,1,1,25,50,0.5,false
739,23:23:25.067,target,pistol,0s,1,1,1,25,50,0.5,false
740,23:23:25.889,target,pistol,0s,1,1,1,25,50,0.5,false
741,23:23:26.771,target,pistol,0.001s,1,1,1,25,50,0.5,false
742,23:23:27.390,target,pistol,0s,1,1,1,25,50,0.5,false
743,23:23:28.143,target,pistol,0s,1,1,1,25,50,0.5,false
744,23:23:28.858,target,pistol,0s,1,1,1,25,50,0.5,false
745,23:23:29.496,target,pistol,0s,1,1,1,25,50,0.5,false
746,23:23:30.078,target,pistol,0s,1,1,1,25,50,0.5,false
747,23:23:30.798,target,pistol,0s,1,1,1,25,50,0.5,false
748,23:23:31.724,target,pistol,0s,1,1,1,25,50,0.5,false
749,23:23:32.424,target,pistol,0s,1,1,1,25,50,0.5,false
750,23:23:32.927,target,pistol,0.001s,1,1,1,25,50,0.5,false
751,23:23:33.677,target,pistol,0s,1,1,1,25,50,0.5,false
752,23:23:34.918,target,pistol,0s,1,1,1,25,50,0.5,false
753,23:23:35.621,target,pistol,0s,1,1,1,25,50,0.5,false
754,23:23:36.461,target,pistol,0s,1,1,1,25,50,0.5,false
755,23:23:37.094,target,pistol,0s,1,1,1,25,50,0.5,false
756,23:23:37.881,target,pistol,0s,1,1,1,25,50,0.5,false
757,23:23:38.581,target,pistol,0.001s,1,1,1,25,50,0.5,false
758,23:23:39.436,target,pistol,0s,1,1,1,25,50,0.5,false
759,23:23:40.056,target,pistol,0s,1,1,1,25,50,0.5,false
760,23:23:41.644,target,pistol,1.04s,3,1,0.333,25,150,0.167,false
761,23:23:42.072,target,pistol,0s,1,1,1,25,50,0.5,false
762,23:23:43.255,target,pistol,0.283s,2,1,0.5,25,100,0.25,false
763,23:23:44.013,target,pistol,0s,1,1,1,25,50,0.5,false
764,23:23:44.836,target,pistol,0s,1,1,1,25,50,0.5,false
765,23:23:45.377,target,pistol,0s,1,1,1,25,50,0.5,false
766,23:23:46.146,target,pistol,0s,1,1,1,25,50,0.5,false
767,23:23:47.076,target,pistol,0s,1,1,1,25,50,0.5,false
768,23:23:48.032,target,pistol,0.619s,2,1,0.5,25,100,0.25,false
769,23:23:48.967,target,pistol,0s,1,1,1,25,50,0.5,false
770,23:23:49.784,target,pistol,0s,1,1,1,25,50,0.5,false
771,23:23:50.399,target,pistol,0s,1,1,1,25,50,0.5,false
772,23:23:51.000,target,pistol,0.001s,1,1,1,25,50,0.5,false
773,23:23:51.811,target,pistol,0s,1,1,1,25,50,0.5,false
774,23:23:52.314,target,pistol,0s,1,1,1,25,50,0.5,false
775,23:23:53.113,target,pistol,0s,1,1,1,25,50,0.5,false
776,23:23:53.715,target,pistol,0.001s,1,1,1,25,50,0.5,false
777,23:23:54.492,target,pistol,0s,1,1,1,25,50,0.5,false
778,23:23:55.143,target,pistol,0s,1,1,1,25,50,0.5,false
779,23:23:55.932,target,pistol,0s,1,1,1,25,50,0.5,false
780,23:23:56.568,target,pistol,0s,1,1,1,25,50,0.5,false
781,23:23:57.398,target,pistol,0s,1,1,1,25,50,0.5,false
782,23:23:58.286,target,pistol,0s,1,1,1,25,50,0.5,false
783,23:23:59.379,target,pistol,0s,1,1,1,25,50,0.5,false
784,23:23:59.802,target,pistol,0s,1,1,1,25,50,0.5,false
785,23:24:00.665,target,pistol,0s,1,1,1,25,50,0.5,false
786,23:24:01.349,target,pistol,0s,1,1,1,25,50,0.5,false
787,23:24:02.185,target,pistol,0s,1,1,1,25,50,0.5,false
788,23:24:02.963,target,pistol,0s,1,1,1,25,50,0.5,false
789,23:24:03.975,target,pistol,0.284s,2,1,0.5,25,100,0.25,false
790,23:24:04.847,target,pistol,0s,1,1,1,25,50,0.5,false
791,23:24:05.711,target,pistol,0s,1,1,1,25,50,0.5,false
792,23:24:06.249,target,pistol,0.001s,1,1,1,25,50,0.5,false
793,23:24:06.812,target,pistol,0s,1,1,1,25,50,0.5,false
794,23:24:07.301,target,pistol,0s,1,1,1,25,50,0.5,false
795,23:24:08.026,target,pistol,0s,1,1,1,25,50,0.5,false
796,23:24:08.627,target,pistol,0s,1,1,1,25,50,0.5,false
797,23:24:09.208,target,pistol,0s,1,1,1,25,50,0.5,false

Weapon,Shots,Hits,Damage Done,Damage Possible,,Sens Scale,Horiz Sens,Vert Sens,FOV,Hide Gun,Crosshair,Crosshair Scale,Crosshair Color,ADS Sens,ADS Zoom Scale
pistol,868,797,19925.0,43400.0,,,,,,false,plus.png,1.0,FFFF00,,,

Kills:,797
Deaths:,0
Fight Time:,32.995998
Avg TTK:,0
Damage Done:,19925.0
Damage Taken:,0.0
Midairs:,0
Midaired:,0
Directs:,0
Directed:,0
Reloads:,0
Distance Traveled:,0.0
Score:,7318.076172
Scenario:,1wall 6targets small - 10 Minutes
Hash:,5539d832a59081329735eea68cfb4274
Game Version:,2.0.5.3
Challenge Start:,23:14:09.818
Pause Count:,2
Pause Duration:,1099

Input Lag:,0
Max FPS (config):,999.0
Sens Scale:,Call of Duty
Horiz Sens:,7.5
Vert Sens:,7.5
FOV:,100.0
Hide Gun:,false
Crosshair:,plus.png
Crosshair Scale:,1.0
Crosshair Color:,FFFF00
Resolution,1920x1080
Avg FPS,325.322723
Resolution Scale,100.0
