Kill #,Timestamp,Bot,Weapon,TTK,Shots,Hits,Accuracy,Damage Done,Damage Possible,Efficiency,Cheated
1,20:08:02.645,target,pistol,0s,1,1,1,25,50,0.5,false
2,20:08:03.406,target,pistol,0.001s,1,1,1,25,50,0.5,false
3,20:08:04.134,target,pistol,0s,1,1,1,25,50,0.5,false
4,20:08:04.828,target,pistol,0s,1,1,1,25,50,0.5,false
5,20:08:05.490,target,pistol,0s,1,1,1,25,50,0.5,false
6,20:08:06.286,target,pistol,0s,1,1,1,25,50,0.5,false
7,20:08:07.049,target,pistol,0s,1,1,1,25,50,0.5,false
8,20:08:07.736,target,pistol,0s,1,1,1,25,50,0.5,false
9,20:08:08.410,target,pistol,0.001s,1,1,1,25,50,0.5,false
10,20:08:09.193,target,pistol,0s,1,1,1,25,50,0.5,false
11,20:08:09.856,target,pistol,0s,1,1,1,25,50,0.5,false
12,20:08:10.890,target,pistol,0.255s,2,1,0.5,25,100,0.25,false
13,20:08:11.686,target,pistol,0s,1,1,1,25,50,0.5,false
14,20:08:12.384,target,pistol,0s,1,1,1,25,50,0.5,false
15,20:08:12.998,target,pistol,0s,1,1,1,25,50,0.5,false
16,20:08:13.661,target,pistol,0s,1,1,1,25,50,0.5,false
17,20:08:14.307,target,pistol,0s,1,1,1,25,50,0.5,false
18,20:08:15.262,target,pistol,0s,1,1,1,25,50,0.5,false
19,20:08:16.600,target,pistol,0.689s,2,1,0.5,25,100,0.25,false
20,20:08:18.177,target,pistol,0.929s,2,1,0.5,25,100,0.25,false
21,20:08:18.927,target,pistol,0s,1,1,1,25,50,0.5,false
22,20:08:19.709,target,pistol,0s,1,1,1,25,50,0.5,false
23,20:08:20.736,target,pistol,0s,1,1,1,25,50,0.5,false
24,20:08:21.658,target,pistol,0s,1,1,1,25,50,0.5,false
25,20:08:22.347,target,pistol,0s,1,1,1,25,50,0.5,false
26,20:08:23.686,target,pistol,0.431s,2,1,0.5,25,100,0.25,false
27,20:08:24.344,target,pistol,0s,1,1,1,25,50,0.5,false
28,20:08:25.160,target,pistol,0s,1,1,1,25,50,0.5,false
29,20:08:25.826,target,pistol,0s,1,1,1,25,50,0.5,false
30,20:08:26.889,target,pistol,0s,1,1,1,25,50,0.5,false
31,20:08:27.567,target,pistol,0s,1,1,1,25,50,0.5,false
32,20:08:28.187,target,pistol,0s,1,1,1,25,50,0.5,false
33,20:08:28.752,target,pistol,0s,1,1,1,25,50,0.5,false
34,20:08:29.484,target,pistol,0s,1,1,1,25,50,0.5,false
35,20:08:30.626,target,pistol,0s,1,1,1,25,50,0.5,false
36,20:08:31.317,target,pistol,0s,1,1,1,25,50,0.5,false
37,20:08:31.922,target,pistol,0s,1,1,1,25,50,0.5,false
38,20:08:32.559,target,pistol,0s,1,1,1,25,50,0.5,false
39,20:08:33.322,target,pistol,0s,1,1,1,25,50,0.5,false
40,20:08:33.974,target,pistol,0s,1,1,1,25,50,0.5,false
41,20:08:34.544,target,pistol,0s,1,1,1,25,50,0.5,false
42,20:08:35.881,target,pistol,0.728s,3,1,0.333,25,150,0.167,false
43,20:08:36.388,target,pistol,0s,1,1,1,25,50,0.5,false
44,20:08:37.006,target,pistol,0s,1,1,1,25,50,0.5,false
45,20:08:37.672,target,pistol,0s,1,1,1,25,50,0.5,false
46,20:08:38.326,target,pistol,0s,1,1,1,25,50,0.5,false
47,20:08:39.580,target,pistol,0.633s,2,1,0.5,25,100,0.25,false
48,20:08:40.143,target,pistol,0s,1,1,1,25,50,0.5,false
49,20:08:41.004,target,pistol,0.001s,1,1,1,25,50,0.5,false
50,20:08:42.647,target,pistol,0.927s,2,1,0.5,25,100,0.25,false
51,20:08:43.383,target,pistol,0s,1,1,1,25,50,0.5,false
52,20:08:43.940,target,pistol,0s,1,1,1,25,50,0.5,false
53,20:08:45.139,target,pistol,0.405s,2,1,0.5,25,100,0.25,false
54,20:08:45.730,target,pistol,0s,1,1,1,25,50,0.5,false
55,20:08:46.417,target,pistol,0s,1,1,1,25,50,0.5,false
56,20:08:47.226,target,pistol,0s,1,1,1,25,50,0.5,false
57,20:08:48.076,target,pistol,0.001s,1,1,1,25,50,0.5,false
58,20:08:48.881,target,pistol,0s,1,1,1,25,50,0.5,false
59,20:08:49.820,target,pistol,0s,1,1,1,25,50,0.5,false
60,20:08:50.637,target,pistol,0s,1,1,1,25,50,0.5,false
61,20:08:51.408,target,pistol,0s,1,1,1,25,50,0.5,false
62,20:08:52.075,target,pistol,0s,1,1,1,25,50,0.5,false
63,20:08:52.895,target,pistol,0s,1,1,1,25,50,0.5,false
64,20:08:53.813,target,pistol,0s,1,1,1,25,50,0.5,false
65,20:08:54.614,target,pistol,0s,1,1,1,25,50,0.5,false
66,20:08:55.123,target,pistol,0s,1,1,1,25,50,0.5,false
67,20:08:55.877,target,pistol,0s,1,1,1,25,50,0.5,false
68,20:08:56.540,target,pistol,0s,1,1,1,25,50,0.5,false
69,20:08:57.112,target,pistol,0s,1,1,1,25,50,0.5,false
70,20:08:57.857,target,pistol,0s,1,1,1,25,50,0.5,false
71,20:08:58.584,target,pistol,0s,1,1,1,25,50,0.5,false
72,20:08:59.370,target,pistol,0s,1,1,1,25,50,0.5,false
73,20:08:59.988,target,pistol,0s,1,1,1,25,50,0.5,false
74,20:09:00.626,target,pistol,0s,1,1,1,25,50,0.5,false
75,20:09:01.654,target,pistol,0s,1,1,1,25,50,0.5,false
76,20:09:02.402,target,pistol,0s,1,1,1,25,50,0.5,false
77,20:09:02.985,target,pistol,0s,1,1,1,25,50,0.5,false
78,20:09:03.586,target,pistol,0s,1,1,1,25,50,0.5,false
79,20:09:04.399,target,pistol,0s,1,1,1,25,50,0.5,false
80,20:09:04.948,target,pistol,0s,1,1,1,25,50,0.5,false
81,20:09:05.889,target,pistol,0s,1,1,1,25,50,0.5,false
82,20:09:06.869,target,pistol,0s,1,1,1,25,50,0.5,false
83,20:09:07.769,target,pistol,0s,1,1,1,25,50,0.5,false
84,20:09:08.522,target,pistol,0.001s,1,1,1,25,50,0.5,false
85,20:09:09.048,target,pistol,0s,1,1,1,25,50,0.5,false
86,20:09:09.817,target,pistol,0s,1,1,1,25,50,0.5,false
87,20:09:10.591,target,pistol,0s,1,1,1,25,50,0.5,false
88,20:09:11.429,target,pistol,0.344s,2,1,0.5,25,100,0.25,false
89,20:09:12.276,target,pistol,0s,1,1,1,25,50,0.5,false
90,20:09:12.758,target,pistol,0s,1,1,1,25,50,0.5,false
91,20:09:13.540,target,pistol,0s,1,1,1,25,50,0.5,false
92,20:09:14.307,target,pistol,0s,1,1,1,25,50,0.5,false
93,20:09:15.075,target,pistol,0s,1,1,1,25,50,0.5,false
94,20:09:15.669,target,pistol,0s,1,1,1,25,50,0.5,false
95,20:09:16.476,target,pistol,0s,1,1,1,25,50,0.5,false
96,20:09:17.752,target,pistol,0.316s,2,1,0.5,25,100,0.25,false
97,20:09:18.428,target,pistol,0s,1,1,1,25,50,0.5,false
98,20:09:19.074,target,pistol,0s,1,1,1,25,50,0.5,false
99,20:09:19.827,target,pistol,0s,1,1,1,25,50,0.5,false
100,20:09:20.517,target,pistol,0s,1,1,1,25,50,0.5,false
101,20:09:21.085,target,pistol,0s,1,1,1,25,50,0.5,false
102,20:09:21.792,target,pistol,0s,1,1,1,25,50,0.5,false
103,20:09:22.341,target,pistol,0s,1,1,1,25,50,0.5,false
104,20:09:22.979,target,pistol,0.001s,1,1,1,25,50,0.5,false
105,20:09:23.907,target,pistol,0s,1,1,1,25,50,0.5,false
106,20:09:24.566,target,pistol,0s,1,1,1,25,50,0.5,false
107,20:09:25.551,target,pistol,0s,1,1,1,25,50,0.5,false
108,20:09:26.131,target,pistol,0s,1,1,1,25,50,0.5,false
109,20:09:27.073,target,pistol,0s,1,1,1,25,50,0.5,false
110,20:09:27.915,target,pistol,0s,1,1,1,25,50,0.5,false
111,20:09:28.678,target,pistol,0s,1,1,1,25,50,0.5,false
112,20:09:29.650,target,pistol,0s,1,1,1,25,50,0.5,false
113,20:09:30.531,target,pistol,0s,1,1,1,25,50,0.5,false
114,20:09:31.449,target,pistol,0s,1,1,1,25,50,0.5,false
115,20:09:32.249,target,pistol,0s,1,1,1,25,50,0.5,false
116,20:09:32.981,target,pistol,0.001s,1,1,1,25,50,0.5,false
117,20:09:33.556,target,pistol,0.001s,1,1,1,25,50,0.5,false
118,20:09:34.445,target,pistol,0s,1,1,1,25,50,0.5,false
119,20:09:35.221,target,pistol,0s,1,1,1,25,50,0.5,false
120,20:09:36.155,target,pistol,0s,1,1,1,25,50,0.5,false
121,20:09:37.214,target,pistol,0.276s,2,1,0.5,25,100,0.25,false
122,20:09:38.055,target,pistol,0s,1,1,1,25,50,0.5,false
123,20:09:39.532,target,pistol,0.286s,2,1,0.5,25,100,0.25,false
124,20:09:40.115,target,pistol,0s,1,1,1,25,50,0.5,false
125,20:09:40.855,target,pistol,0s,1,1,1,25,50,0.5,false
126,20:09:41.730,target,pistol,0s,1,1,1,25,50,0.5,false
127,20:09:42.177,target,pistol,0s,1,1,1,25,50,0.5,false
128,20:09:42.974,target,pistol,0s,1,1,1,25,50,0.5,false
129,20:09:43.519,target,pistol,0s,1,1,1,25,50,0.5,false
130,20:09:44.412,target,pistol,0s,1,1,1,25,50,0.5,false
131,20:09:45.311,target,pistol,0s,1,1,1,25,50,0.5,false
132,20:09:46.090,target,pistol,0s,1,1,1,25,50,0.5,false
133,20:09:46.713,target,pistol,0s,1,1,1,25,50,0.5,false
134,20:09:47.579,target,pistol,0s,1,1,1,25,50,0.5,false
135,20:09:48.366,target,pistol,0s,1,1,1,25,50,0.5,false
136,20:09:48.996,target,pistol,0s,1,1,1,25,50,0.5,false
137,20:09:49.697,target,pistol,0s,1,1,1,25,50,0.5,false
138,20:09:50.681,target,pistol,0.246s,2,1,0.5,25,100,0.25,false
139,20:09:51.202,target,pistol,0.001s,1,1,1,25,50,0.5,false
140,20:09:51.814,target,pistol,0s,1,1,1,25,50,0.5,false
141,20:09:52.769,target,pistol,0.33s,2,1,0.5,25,100,0.25,false
142,20:09:53.416,target,pistol,0s,1,1,1,25,50,0.5,false
143,20:09:53.982,target,pistol,0s,1,1,1,25,50,0.5,false
144,20:09:54.590,target,pistol,0s,1,1,1,25,50,0.5,false
145,20:09:55.376,target,pistol,0.001s,1,1,1,25,50,0.5,false
146,20:09:55.965,target,pistol,0s,1,1,1,25,50,0.5,false
147,20:09:56.902,target,pistol,0.28s,2,1,0.5,25,100,0.25,false
148,20:09:57.605,target,pistol,0.001s,1,1,1,25,50,0.5,false
149,20:09:58.422,target,pistol,0s,1,1,1,25,50,0.5,false
150,20:09:59.271,target,pistol,0s,1,1,1,25,50,0.5,false
151,20:09:59.981,target,pistol,0s,1,1,1,25,50,0.5,false
152,20:10:00.859,target,pistol,0s,1,1,1,25,50,0.5,false
153,20:10:01.728,target,pistol,0s,1,1,1,25,50,0.5,false
154,20:10:02.355,target,pistol,0s,1,1,1,25,50,0.5,false
155,20:10:03.084,target,pistol,0s,1,1,1,25,50,0.5,false
156,20:10:03.762,target,pistol,0s,1,1,1,25,50,0.5,false
157,20:10:04.509,target,pistol,0s,1,1,1,25,50,0.5,false
158,20:10:05.003,target,pistol,0s,1,1,1,25,50,0.5,false
159,20:10:05.704,target,pistol,0s,1,1,1,25,50,0.5,false
160,20:10:06.502,target,pistol,0.249s,2,1,0.5,25,100,0.25,false
161,20:10:07.168,target,pistol,0s,1,1,1,25,50,0.5,false
162,20:10:08.206,target,pistol,0s,1,1,1,25,50,0.5,false
163,20:10:09.223,target,pistol,0s,1,1,1,25,50,0.5,false
164,20:10:10.126,target,pistol,0s,1,1,1,25,50,0.5,false
165,20:10:10.752,target,pistol,0s,1,1,1,25,50,0.5,false
166,20:10:11.485,target,pistol,0s,1,1,1,25,50,0.5,false
167,20:10:12.253,target,pistol,0s,1,1,1,25,50,0.5,false
168,20:10:13.035,target,pistol,0s,1,1,1,25,50,0.5,false
169,20:10:13.760,target,pistol,0s,1,1,1,25,50,0.5,false
170,20:10:14.511,target,pistol,0s,1,1,1,25,50,0.5,false
171,20:10:15.419,target,pistol,0s,1,1,1,25,50,0.5,false
172,20:10:16.865,target,pistol,0s,1,1,1,25,50,0.5,false
173,20:10:17.843,target,pistol,0s,1,1,1,25,50,0.5,false
174,20:10:18.655,target,pistol,0s,1,1,1,25,50,0.5,false
175,20:10:19.528,target,pistol,0.001s,1,1,1,25,50,0.5,false
176,20:10:20.140,target,pistol,0.001s,1,1,1,25,50,0.5,false
177,20:10:20.901,target,pistol,0s,1,1,1,25,50,0.5,false
178,20:10:21.464,target,pistol,0s,1,1,1,25,50,0.5,false
179,20:10:22.573,target,pistol,0s,1,1,1,25,50,0.5,false
180,20:10:23.340,target,pistol,0s,1,1,1,25,50,0.5,false
181,20:10:24.034,target,pistol,0s,1,1,1,25,50,0.5,false
182,20:10:24.666,target,pistol,0s,1,1,1,25,50,0.5,false
183,20:10:25.490,target,pistol,0.23s,2,1,0.5,25,100,0.25,false
184,20:10:26.378,target,pistol,0s,1,1,1,25,50,0.5,false
185,20:10:27.189,target,pistol,0s,1,1,1,25,50,0.5,false
186,20:10:28.458,target,pistol,0.456s,2,1,0.5,25,100,0.25,false
187,20:10:29.103,target,pistol,0s,1,1,1,25,50,0.5,false
188,20:10:29.902,target,pistol,0.001s,1,1,1,25,50,0.5,false
189,20:10:30.730,target,pistol,0s,1,1,1,25,50,0.5,false
190,20:10:31.637,target,pistol,0s,1,1,1,25,50,0.5,false
191,20:10:32.294,target,pistol,0s,1,1,1,25,50,0.5,false
192,20:10:33.126,target,pistol,0s,1,1,1,25,50,0.5,false
193,20:10:33.871,target,pistol,0s,1,1,1,25,50,0.5,false
194,20:10:34.485,target,pistol,0s,1,1,1,25,50,0.5,false
195,20:10:35.217,target,pistol,0.001s,1,1,1,25,50,0.5,false
196,20:10:35.892,target,pistol,0s,1,1,1,25,50,0.5,false
197,20:10:36.674,target,pistol,0s,1,1,1,25,50,0.5,false
198,20:10:37.405,target,pistol,0s,1,1,1,25,50,0.5,false
199,20:10:38.971,target,pistol,0.728s,2,1,0.5,25,100,0.25,false
200,20:10:39.473,target,pistol,0s,1,1,1,25,50,0.5,false
201,20:10:40.783,target,pistol,0s,1,1,1,25,50,0.5,false
202,20:10:41.508,target,pistol,0s,1,1,1,25,50,0.5,false
203,20:10:42.526,target,pistol,0.241s,2,1,0.5,25,100,0.25,false
204,20:10:43.155,target,pistol,0.001s,1,1,1,25,50,0.5,false
205,20:10:43.837,target,pistol,0s,1,1,1,25,50,0.5,false
206,20:10:44.645,target,pistol,0s,1,1,1,25,50,0.5,false
207,20:10:45.416,target,pistol,0s,1,1,1,25,50,0.5,false
208,20:10:46.109,target,pistol,0s,1,1,1,25,50,0.5,false
209,20:10:46.795,target,pistol,0s,1,1,1,25,50,0.5,false
210,20:10:47.637,target,pistol,0s,1,1,1,25,50,0.5,false
211,20:10:48.412,target,pistol,0s,1,1,1,25,50,0.5,false
212,20:10:49.172,target,pistol,0s,1,1,1,25,50,0.5,false
213,20:10:50.249,target,pistol,0.474s,2,1,0.5,25,100,0.25,false
214,20:10:51.053,target,pistol,0s,1,1,1,25,50,0.5,false
215,20:10:51.792,target,pistol,0s,1,1,1,25,50,0.5,false
216,20:10:53.129,target,pistol,0.33s,2,1,0.5,25,100,0.25,false
217,20:10:53.863,target,pistol,0s,1,1,1,25,50,0.5,false
218,20:10:54.549,target,pistol,0s,1,1,1,25,50,0.5,false
219,20:10:56.063,target,pistol,1.004s,3,1,0.333,25,150,0.167,false
220,20:10:56.835,target,pistol,0s,1,1,1,25,50,0.5,false
221,20:10:57.611,target,pistol,0s,1,1,1,25,50,0.5,false
222,20:10:58.450,target,pistol,0s,1,1,1,25,50,0.5,false
223,20:10:59.214,target,pistol,0s,1,1,1,25,50,0.5,false
224,20:11:00.165,target,pistol,0s,1,1,1,25,50,0.5,false
225,20:11:00.833,target,pistol,0s,1,1,1,25,50,0.5,false
226,20:11:01.626,target,pistol,0s,1,1,1,25,50,0.5,false
227,20:11:02.174,target,pistol,0s,1,1,1,25,50,0.5,false
228,20:11:03.020,target,pistol,0s,1,1,1,25,50,0.5,false
229,20:11:03.613,target,pistol,0s,1,1,1,25,50,0.5,false
230,20:11:04.337,target,pistol,0s,1,1,1,25,50,0.5,false
231,20:11:05.041,target,pistol,0s,1,1,1,25,50,0.5,false
232,20:11:06.116,target,pistol,0s,1,1,1,25,50,0.5,false
233,20:11:07.123,target,pistol,0s,1,1,1,25,50,0.5,false
234,20:11:07.816,target,pistol,0s,1,1,1,25,50,0.5,false
235,20:11:08.543,target,pistol,0s,1,1,1,25,50,0.5,false
236,20:11:09.134,target,pistol,0s,1,1,1,25,50,0.5,false
237,20:11:10.008,target,pistol,0s,1,1,1,25,50,0.5,false
238,20:11:11.324,target,pistol,0.516s,2,1,0.5,25,100,0.25,false
239,20:11:12.121,target,pistol,0s,1,1,1,25,50,0.5,false
240,20:11:12.752,target,pistol,0s,1,1,1,25,50,0.5,false
241,20:11:13.722,target,pistol,0s,1,1,1,25,50,0.5,false
242,20:11:14.641,target,pistol,0.457s,2,1,0.5,25,100,0.25,false
243,20:11:15.362,target,pistol,0s,1,1,1,25,50,0.5,false
244,20:11:16.183,target,pistol,0.001s,1,1,1,25,50,0.5,false
245,20:11:17.005,target,pistol,0s,1,1,1,25,50,0.5,false
246,20:11:17.692,target,pistol,0s,1,1,1,25,50,0.5,false
247,20:11:18.414,target,pistol,0s,1,1,1,25,50,0.5,false
248,20:11:19.068,target,pistol,0s,1,1,1,25,50,0.5,false
249,20:11:19.870,target,pistol,0s,1,1,1,25,50,0.5,false
250,20:11:20.465,target,pistol,0s,1,1,1,25,50,0.5,false
251,20:11:21.495,target,pistol,0s,1,1,1,25,50,0.5,false
252,20:11:22.276,target,pistol,0s,1,1,1,25,50,0.5,false
253,20:11:22.689,target,pistol,0s,1,1,1,25,50,0.5,false
254,20:11:23.981,target,pistol,0s,1,1,1,25,50,0.5,false
255,20:11:24.840,target,pistol,0.001s,1,1,1,25,50,0.5,false
256,20:11:25.529,target,pistol,0s,1,1,1,25,50,0.5,false
257,20:11:26.065,target,pistol,0s,1,1,1,25,50,0.5,false
258,20:11:26.732,target,pistol,0s,1,1,1,25,50,0.5,false
259,20:11:27.419,target,pistol,0s,1,1,1,25,50,0.5,false
260,20:11:29.395,target,pistol,1.206s,3,1,0.333,25,150,0.167,false
261,20:11:30.134,target,pistol,0s,1,1,1,25,50,0.5,false
262,20:11:31.002,target,pistol,0s,1,1,1,25,50,0.5,false
263,20:11:31.891,target,pistol,0.296s,2,1,0.5,25,100,0.25,false
264,20:11:32.437,target,pistol,0s,1,1,1,25,50,0.5,false
265,20:11:33.155,target,pistol,0s,1,1,1,25,50,0.5,false
266,20:11:33.832,target,pistol,0s,1,1,1,25,50,0.5,false
267,20:11:34.484,target,pistol,0s,1,1,1,25,50,0.5,false
268,20:11:35.138,target,pistol,0s,1,1,1,25,50,0.5,false
269,20:11:35.754,target,pistol,0.001s,1,1,1,25,50,0.5,false
270,20:11:37.256,target,pistol,0.889s,2,1,0.5,25,100,0.25,false
271,20:11:37.952,target,pistol,0s,1,1,1,25,50,0.5,false
272,20:11:38.645,target,pistol,0.001s,1,1,1,25,50,0.5,false
273,20:11:39.272,target,pistol,0s,1,1,1,25,50,0.5,false
274,20:11:40.102,target,pistol,0s,1,1,1,25,50,0.5,false
275,20:11:40.940,target,pistol,0s,1,1,1,25,50,0.5,false
276,20:11:41.773,target,pistol,0.001s,1,1,1,25,50,0.5,false
277,20:11:43.497,target,pistol,0s,1,1,1,25,50,0.5,false
278,20:11:44.320,target,pistol,0s,1,1,1,25,50,0.5,false
279,20:11:45.142,target,pistol,0s,1,1,1,25,50,0.5,false
280,20:11:45.896,target,pistol,0.001s,1,1,1,25,50,0.5,false
281,20:11:46.865,target,pistol,0s,1,1,1,25,50,0.5,false
282,20:11:47.527,target,pistol,0s,1,1,1,25,50,0.5,false
283,20:11:48.078,target,pistol,0.001s,1,1,1,25,50,0.5,false
284,20:11:48.692,target,pistol,0s,1,1,1,25,50,0.5,false
285,20:11:49.625,target,pistol,0s,1,1,1,25,50,0.5,false
286,20:11:50.374,target,pistol,0.001s,1,1,1,25,50,0.5,false
287,20:11:51.270,target,pistol,0s,1,1,1,25,50,0.5,false
288,20:11:51.635,target,pistol,0s,1,1,1,25,50,0.5,false
289,20:11:52.441,target,pistol,0s,1,1,1,25,50,0.5,false
290,20:11:53.218,target,pistol,0.001s,1,1,1,25,50,0.5,false
291,20:11:54.076,target,pistol,0s,1,1,1,25,50,0.5,false
292,20:11:54.849,target,pistol,0s,1,1,1,25,50,0.5,false
293,20:11:55.782,target,pistol,0s,1,1,1,25,50,0.5,false
294,20:11:56.855,target,pistol,0s,1,1,1,25,50,0.5,false
295,20:11:57.685,target,pistol,0s,1,1,1,25,50,0.5,false
296,20:11:59.102,target,pistol,0.708s,4,1,0.25,25,200,0.125,false
297,20:11:59.915,target,pistol,0s,1,1,1,25,50,0.5,false
298,20:12:00.902,target,pistol,0.001s,1,1,1,25,50,0.5,false
299,20:12:01.649,target,pistol,0s,1,1,1,25,50,0.5,false
300,20:12:02.186,target,pistol,0s,1,1,1,25,50,0.5,false
301,20:12:03.272,target,pistol,0.548s,2,1,0.5,25,100,0.25,false
302,20:12:03.881,target,pistol,0s,1,1,1,25,50,0.5,false
303,20:12:05.819,target,pistol,1.126s,3,1,0.333,25,150,0.167,false
304,20:12:06.747,target,pistol,0s,1,1,1,25,50,0.5,false
305,20:12:07.433,target,pistol,0s,1,1,1,25,50,0.5,false
306,20:12:08.489,target,pistol,0.523s,2,1,0.5,25,100,0.25,false
307,20:12:09.116,target,pistol,0s,1,1,1,25,50,0.5,false
308,20:12:09.693,target,pistol,0s,1,1,1,25,50,0.5,false
309,20:12:10.519,target,pistol,0s,1,1,1,25,50,0.5,false
310,20:12:11.369,target,pistol,0.001s,1,1,1,25,50,0.5,false
311,20:12:12.170,target,pistol,0.001s,1,1,1,25,50,0.5,false
312,20:12:12.915,target,pistol,0.001s,1,1,1,25,50,0.5,false
313,20:12:13.865,target,pistol,0s,1,1,1,25,50,0.5,false
314,20:12:14.840,target,pistol,0s,1,1,1,25,50,0.5,false
315,20:12:22.461,target,pistol,0.001s,1,1,1,25,50,0.5,false
316,20:12:23.009,target,pistol,0s,1,1,1,25,50,0.5,false
317,20:12:23.859,target,pistol,0s,1,1,1,25,50,0.5,false
318,20:12:24.820,target,pistol,0s,1,1,1,25,50,0.5,false
319,20:12:25.607,target,pistol,0.001s,1,1,1,25,50,0.5,false
320,20:12:26.213,target,pistol,0s,1,1,1,25,50,0.5,false
321,20:12:26.781,target,pistol,0s,1,1,1,25,50,0.5,false
322,20:12:27.385,target,pistol,0s,1,1,1,25,50,0.5,false
323,20:12:28.155,target,pistol,0.001s,1,1,1,25,50,0.5,false
324,20:12:30.363,target,pistol,1.432s,2,1,0.5,25,100,0.25,false
325,20:12:31.265,target,pistol,0s,1,1,1,25,50,0.5,false
326,20:12:31.965,target,pistol,0s,1,1,1,25,50,0.5,false
327,20:12:32.577,target,pistol,0s,1,1,1,25,50,0.5,false
328,20:12:33.214,target,pistol,0s,1,1,1,25,50,0.5,false
329,20:12:33.886,target,pistol,0s,1,1,1,25,50,0.5,false
330,20:12:34.626,target,pistol,0s,1,1,1,25,50,0.5,false
331,20:12:35.230,target,pistol,0s,1,1,1,25,50,0.5,false
332,20:12:36.088,target,pistol,0s,1,1,1,25,50,0.5,false
333,20:12:36.657,target,pistol,0s,1,1,1,25,50,0.5,false
334,20:12:37.216,target,pistol,0s,1,1,1,25,50,0.5,false
335,20:12:37.943,target,pistol,0s,1,1,1,25,50,0.5,false
336,20:12:38.772,target,pistol,0s,1,1,1,25,50,0.5,false
337,20:12:39.362,target,pistol,0s,1,1,1,25,50,0.5,false
338,20:12:40.824,target,pistol,0.753s,2,1,0.5,25,100,0.25,false
339,20:12:41.358,target,pistol,0s,1,1,1,25,50,0.5,false
340,20:12:42.577,target,pistol,0.339s,2,1,0.5,25,100,0.25,false
341,20:12:43.316,target,pistol,0s,1,1,1,25,50,0.5,false
342,20:12:43.972,target,pistol,0.001s,1,1,1,25,50,0.5,false
343,20:12:44.573,target,pistol,0s,1,1,1,25,50,0.5,false
344,20:12:45.320,target,pistol,0s,1,1,1,25,50,0.5,false
345,20:12:46.130,target,pistol,0.001s,1,1,1,25,50,0.5,false
346,20:12:46.671,target,pistol,0s,1,1,1,25,50,0.5,false
347,20:12:47.284,target,pistol,0s,1,1,1,25,50,0.5,false
348,20:12:48.131,target,pistol,0s,1,1,1,25,50,0.5,false
349,20:12:48.683,target,pistol,0s,1,1,1,25,50,0.5,false
350,20:12:49.895,target,pistol,0.575s,2,1,0.5,25,100,0.25,false
351,20:12:50.528,target,pistol,0s,1,1,1,25,50,0.5,false
352,20:12:51.386,target,pistol,0.191s,2,1,0.5,25,100,0.25,false
353,20:12:52.005,target,pistol,0s,1,1,1,25,50,0.5,false
354,20:12:52.593,target,pistol,0s,1,1,1,25,50,0.5,false
355,20:12:53.129,target,pistol,0.001s,1,1,1,25,50,0.5,false
356,20:12:53.808,target,pistol,0.001s,1,1,1,25,50,0.5,false
357,20:12:54.215,target,pistol,0s,1,1,1,25,50,0.5,false
358,20:12:55.219,target,pistol,0s,1,1,1,25,50,0.5,false
359,20:12:55.884,target,pistol,0.001s,1,1,1,25,50,0.5,false
360,20:12:57.254,target,pistol,0.432s,2,1,0.5,25,100,0.25,false
361,20:12:57.987,target,pistol,0s,1,1,1,25,50,0.5,false
362,20:12:58.567,target,pistol,0.001s,1,1,1,25,50,0.5,false
363,20:12:59.150,target,pistol,0s,1,1,1,25,50,0.5,false
364,20:13:00.483,target,pistol,0.511s,2,1,0.5,25,100,0.25,false
365,20:13:00.973,target,pistol,0s,1,1,1,25,50,0.5,false
366,20:13:01.725,target,pistol,0s,1,1,1,25,50,0.5,false
367,20:13:02.415,target,pistol,0s,1,1,1,25,50,0.5,false
368,20:13:03.116,target,pistol,0s,1,1,1,25,50,0.5,false
369,20:13:03.843,target,pistol,0s,1,1,1,25,50,0.5,false
370,20:13:06.033,target,pistol,1.458s,3,1,0.333,25,150,0.167,false
371,20:13:06.677,target,pistol,0s,1,1,1,25,50,0.5,false
372,20:13:07.277,target,pistol,0s,1,1,1,25,50,0.5,false
373,20:13:08.008,target,pistol,0s,1,1,1,25,50,0.5,false
374,20:13:08.953,target,pistol,0s,1,1,1,25,50,0.5,false
375,20:13:09.608,target,pistol,0.001s,1,1,1,25,50,0.5,false
376,20:13:10.502,target,pistol,0s,1,1,1,25,50,0.5,false
377,20:13:11.654,target,pistol,0.322s,2,1,0.5,25,100,0.25,false
378,20:13:12.529,target,pistol,0s,1,1,1,25,50,0.5,false
379,20:13:13.344,target,pistol,0s,1,1,1,25,50,0.5,false
380,20:13:14.099,target,pistol,0s,1,1,1,25,50,0.5,false
381,20:13:14.672,target,pistol,0s,1,1,1,25,50,0.5,false
382,20:13:15.314,target,pistol,0s,1,1,1,25,50,0.5,false
383,20:13:16.004,target,pistol,0s,1,1,1,25,50,0.5,false
384,20:13:16.794,target,pistol,0s,1,1,1,25,50,0.5,false
385,20:13:17.447,target,pistol,0s,1,1,1,25,50,0.5,false
386,20:13:18.649,target,pistol,0.276s,2,1,0.5,25,100,0.25,false
387,20:13:19.241,target,pistol,0s,1,1,1,25,50,0.5,false
388,20:13:20.631,target,pistol,0.884s,2,1,0.5,25,100,0.25,false
389,20:13:21.793,target,pistol,0.512s,2,1,0.5,25,100,0.25,false
390,20:13:22.312,target,pistol,0.001s,1,1,1,25,50,0.5,false
391,20:13:23.344,target,pistol,0s,1,1,1,25,50,0.5,false
392,20:13:24.284,target,pistol,0.226s,2,1,0.5,25,100,0.25,false
393,20:13:25.013,target,pistol,0s,1,1,1,25,50,0.5,false
394,20:13:25.883,target,pistol,0s,1,1,1,25,50,0.5,false
395,20:13:26.994,target,pistol,0s,1,1,1,25,50,0.5,false
396,20:13:27.797,target,pistol,0s,1,1,1,25,50,0.5,false
397,20:13:28.528,target,pistol,0s,1,1,1,25,50,0.5,false
398,20:13:29.536,target,pistol,0s,1,1,1,25,50,0.5,false
399,20:13:30.300,target,pistol,0s,1,1,1,25,50,0.5,false
400,20:13:30.867,target,pistol,0s,1,1,1,25,50,0.5,false
401,20:13:31.552,target,pistol,0s,1,1,1,25,50,0.5,false
402,20:13:32.346,target,pistol,0s,1,1,1,25,50,0.5,false
403,20:13:33.035,target,pistol,0s,1,1,1,25,50,0.5,false
404,20:13:33.860,target,pistol,0s,1,1,1,25,50,0.5,false
405,20:13:34.524,target,pistol,0s,1,1,1,25,50,0.5,false
406,20:13:35.148,target,pistol,0s,1,1,1,25,50,0.5,false
407,20:13:35.872,target,pistol,0.187s,2,1,0.5,25,100,0.25,false
408,20:13:36.574,target,pistol,0.001s,1,1,1,25,50,0.5,false
409,20:13:37.303,target,pistol,0s,1,1,1,25,50,0.5,false
410,20:13:38.205,target,pistol,0s,1,1,1,25,50,0.5,false
411,20:13:38.823,target,pistol,0s,1,1,1,25,50,0.5,false
412,20:13:39.461,target,pistol,0s,1,1,1,25,50,0.5,false
413,20:13:40.401,target,pistol,0s,1,1,1,25,50,0.5,false
414,20:13:41.173,target,pistol,0s,1,1,1,25,50,0.5,false
415,20:13:41.830,target,pistol,0s,1,1,1,25,50,0.5,false
416,20:13:42.460,target,pistol,0s,1,1,1,25,50,0.5,false
417,20:13:42.995,target,pistol,0s,1,1,1,25,50,0.5,false
418,20:13:43.584,target,pistol,0s,1,1,1,25,50,0.5,false
419,20:13:44.223,target,pistol,0s,1,1,1,25,50,0.5,false
420,20:13:44.681,target,pistol,0.001s,1,1,1,25,50,0.5,false
421,20:13:45.352,target,pistol,0s,1,1,1,25,50,0.5,false
422,20:13:46.159,target,pistol,0s,1,1,1,25,50,0.5,false
423,20:13:46.882,target,pistol,0s,1,1,1,25,50,0.5,false
424,20:13:47.855,target,pistol,0s,1,1,1,25,50,0.5,false
425,20:13:48.603,target,pistol,0s,1,1,1,25,50,0.5,false
426,20:13:49.488,target,pistol,0.001s,1,1,1,25,50,0.5,false
427,20:13:50.331,target,pistol,0s,1,1,1,25,50,0.5,false
428,20:13:51.178,target,pistol,0s,1,1,1,25,50,0.5,false
429,20:13:52.184,target,pistol,0s,1,1,1,25,50,0.5,false
430,20:13:52.714,target,pistol,0s,1,1,1,25,50,0.5,false
431,20:13:53.718,target,pistol,0s,1,1,1,25,50,0.5,false
432,20:13:54.286,target,pistol,0.001s,1,1,1,25,50,0.5,false
433,20:13:55.010,target,pistol,0s,1,1,1,25,50,0.5,false
434,20:13:55.674,target,pistol,0s,1,1,1,25,50,0.5,false
435,20:13:56.369,target,pistol,0s,1,1,1,25,50,0.5,false
436,20:13:57.080,target,pistol,0s,1,1,1,25,50,0.5,false
437,20:13:57.753,target,pistol,0s,1,1,1,25,50,0.5,false
438,20:13:58.822,target,pistol,0s,1,1,1,25,50,0.5,false
439,20:13:59.754,target,pistol,0.001s,1,1,1,25,50,0.5,false
440,20:14:00.194,target,pistol,0.001s,1,1,1,25,50,0.5,false
441,20:14:00.905,target,pistol,0s,1,1,1,25,50,0.5,false
442,20:14:01.347,target,pistol,0s,1,1,1,25,50,0.5,false
443,20:14:01.959,target,pistol,0s,1,1,1,25,50,0.5,false
444,20:14:02.735,target,pistol,0s,1,1,1,25,50,0.5,false
445,20:14:03.920,target,pistol,0s,1,1,1,25,50,0.5,false
446,20:14:04.760,target,pistol,0s,1,1,1,25,50,0.5,false
447,20:14:05.458,target,pistol,0s,1,1,1,25,50,0.5,false
448,20:14:06.036,target,pistol,0s,1,1,1,25,50,0.5,false
449,20:14:06.812,target,pistol,0s,1,1,1,25,50,0.5,false
450,20:14:07.366,target,pistol,0s,1,1,1,25,50,0.5,false
451,20:14:08.088,target,pistol,0s,1,1,1,25,50,0.5,false
452,20:14:09.350,target,pistol,0.516s,2,1,0.5,25,100,0.25,false
453,20:14:10.024,target,pistol,0s,1,1,1,25,50,0.5,false
454,20:14:10.806,target,pistol,0s,1,1,1,25,50,0.5,false
455,20:14:12.443,target,pistol,1.088s,2,1,0.5,25,100,0.25,false
456,20:14:13.348,target,pistol,0s,1,1,1,25,50,0.5,false
457,20:14:14.147,target,pistol,0s,1,1,1,25,50,0.5,false
458,20:14:14.950,target,pistol,0s,1,1,1,25,50,0.5,false
459,20:14:15.846,target,pistol,0s,1,1,1,25,50,0.5,false
460,20:14:17.000,target,pistol,0.335s,2,1,0.5,25,100,0.25,false
461,20:14:17.852,target,pistol,0s,1,1,1,25,50,0.5,false
462,20:14:18.381,target,pistol,0s,1,1,1,25,50,0.5,false
463,20:14:19.183,target,pistol,0.341s,2,1,0.5,25,100,0.25,false
464,20:14:20.050,target,pistol,0s,1,1,1,25,50,0.5,false
465,20:14:20.797,target,pistol,0s,1,1,1,25,50,0.5,false
466,20:14:21.257,target,pistol,0s,1,1,1,25,50,0.5,false
467,20:14:21.930,target,pistol,0s,1,1,1,25,50,0.5,false
468,20:14:22.753,target,pistol,0s,1,1,1,25,50,0.5,false
469,20:14:23.624,target,pistol,0.236s,2,1,0.5,25,100,0.25,false
470,20:14:24.289,target,pistol,0s,1,1,1,25,50,0.5,false
471,20:14:25.301,target,pistol,0.349s,2,1,0.5,25,100,0.25,false
472,20:14:26.113,target,pistol,0s,1,1,1,25,50,0.5,false
473,20:14:26.759,target,pistol,0s,1,1,1,25,50,0.5,false
474,20:14:27.586,target,pistol,0.295s,2,1,0.5,25,100,0.25,false
475,20:14:28.093,target,pistol,0s,1,1,1,25,50,0.5,false
476,20:14:29.090,target,pistol,0s,1,1,1,25,50,0.5,false
477,20:14:29.590,target,pistol,0.001s,1,1,1,25,50,0.5,false
478,20:14:30.287,target,pistol,0s,1,1,1,25,50,0.5,false
479,20:14:31.032,target,pistol,0s,1,1,1,25,50,0.5,false
480,20:14:31.660,target,pistol,0s,1,1,1,25,50,0.5,false
481,20:14:32.404,target,pistol,0.001s,1,1,1,25,50,0.5,false
482,20:14:33.290,target,pistol,0s,1,1,1,25,50,0.5,false
483,20:14:33.880,target,pistol,0.001s,1,1,1,25,50,0.5,false
484,20:14:34.576,target,pistol,0s,1,1,1,25,50,0.5,false
485,20:14:35.270,target,pistol,0s,1,1,1,25,50,0.5,false
486,20:14:35.950,target,pistol,0s,1,1,1,25,50,0.5,false
487,20:14:37.035,target,pistol,0.33s,2,1,0.5,25,100,0.25,false
488,20:14:37.518,target,pistol,0s,1,1,1,25,50,0.5,false
489,20:14:38.706,target,pistol,0.323s,2,1,0.5,25,100,0.25,false
490,20:14:39.436,target,pistol,0s,1,1,1,25,50,0.5,false
491,20:14:40.768,target,pistol,0.522s,2,1,0.5,25,100,0.25,false
492,20:14:41.263,target,pistol,0s,1,1,1,25,50,0.5,false
493,20:14:42.564,target,pistol,0.757s,3,1,0.333,25,150,0.167,false
494,20:14:43.307,target,pistol,0s,1,1,1,25,50,0.5,false
495,20:14:44.227,target,pistol,0s,1,1,1,25,50,0.5,false
496,20:14:44.930,target,pistol,0s,1,1,1,25,50,0.5,false
497,20:14:46.294,target,pistol,0.48s,2,1,0.5,25,100,0.25,false
498,20:14:47.088,target,pistol,0s,1,1,1,25,50,0.5,false
499,20:14:48.176,target,pistol,0s,1,1,1,25,50,0.5,false
500,20:14:48.827,target,pistol,0s,1,1,1,25,50,0.5,false
501,20:14:49.457,target,pistol,0.001s,1,1,1,25,50,0.5,false
502,20:14:50.339,target,pistol,0s,1,1,1,25,50,0.5,false
503,20:14:51.157,target,pistol,0s,1,1,1,25,50,0.5,false
504,20:14:51.934,target,pistol,0s,1,1,1,25,50,0.5,false
505,20:14:52.782,target,pistol,0s,1,1,1,25,50,0.5,false
506,20:14:53.674,target,pistol,0s,1,1,1,25,50,0.5,false
507,20:15:53.275,target,pistol,0s,1,1,1,25,50,0.5,false
508,20:15:53.928,target,pistol,0s,1,1,1,25,50,0.5,false
509,20:15:54.673,target,pistol,0s,1,1,1,25,50,0.5,false
510,20:15:55.442,target,pistol,0.001s,1,1,1,25,50,0.5,false
511,20:15:56.071,target,pistol,0s,1,1,1,25,50,0.5,false
512,20:16:03.083,target,pistol,0s,1,1,1,25,50,0.5,false
513,20:16:03.769,target,pistol,0s,1,1,1,25,50,0.5,false
514,20:16:39.465,target,pistol,0s,1,1,1,25,50,0.5,false
515,20:16:40.252,target,pistol,0s,1,1,1,25,50,0.5,false
516,20:16:41.048,target,pistol,0s,1,1,1,25,50,0.5,false
517,20:16:50.233,target,pistol,0s,1,1,1,25,50,0.5,false
518,20:16:51.045,target,pistol,0s,1,1,1,25,50,0.5,false
519,20:16:51.534,target,pistol,0s,1,1,1,25,50,0.5,false
520,20:16:52.343,target,pistol,0s,1,1,1,25,50,0.5,false
521,20:16:52.965,target,pistol,0s,1,1,1,25,50,0.5,false
522,20:16:53.547,target,pistol,0s,1,1,1,25,50,0.5,false
523,20:16:54.394,target,pistol,0s,1,1,1,25,50,0.5,false
524,20:16:55.123,target,pistol,0s,1,1,1,25,50,0.5,false
525,20:16:55.917,target,pistol,0.001s,1,1,1,25,50,0.5,false
526,20:16:56.645,target,pistol,0s,1,1,1,25,50,0.5,false
527,20:16:57.306,target,pistol,0s,1,1,1,25,50,0.5,false
528,20:16:58.106,target,pistol,0s,1,1,1,25,50,0.5,false
529,20:16:58.747,target,pistol,0s,1,1,1,25,50,0.5,false
530,20:16:59.453,target,pistol,0s,1,1,1,25,50,0.5,false
531,20:17:00.057,target,pistol,0s,1,1,1,25,50,0.5,false
532,20:17:00.653,target,pistol,0.001s,1,1,1,25,50,0.5,false
533,20:17:02.089,target,pistol,0.882s,2,1,0.5,25,100,0.25,false
534,20:17:02.544,target,pistol,0s,1,1,1,25,50,0.5,false
535,20:17:03.147,target,pistol,0s,1,1,1,25,50,0.5,false
536,20:17:03.860,target,pistol,0.001s,1,1,1,25,50,0.5,false
537,20:17:04.658,target,pistol,0s,1,1,1,25,50,0.5,false
538,20:17:05.398,target,pistol,0s,1,1,1,25,50,0.5,false
539,20:17:06.017,target,pistol,0.001s,1,1,1,25,50,0.5,false
540,20:17:06.619,target,pistol,0s,1,1,1,25,50,0.5,false
541,20:17:07.294,target,pistol,0s,1,1,1,25,50,0.5,false
542,20:17:08.859,target,pistol,0.818s,2,1,0.5,25,100,0.25,false
543,20:17:09.704,target,pistol,0s,1,1,1,25,50,0.5,false
544,20:17:10.496,target,pistol,0s,1,1,1,25,50,0.5,false
545,20:17:11.148,target,pistol,0s,1,1,1,25,50,0.5,false
546,20:17:11.773,target,pistol,0s,1,1,1,25,50,0.5,false
547,20:17:12.536,target,pistol,0s,1,1,1,25,50,0.5,false
548,20:17:13.041,target,pistol,0s,1,1,1,25,50,0.5,false
549,20:17:13.716,target,pistol,0s,1,1,1,25,50,0.5,false
550,20:17:14.684,target,pistol,0s,1,1,1,25,50,0.5,false
551,20:17:15.367,target,pistol,0s,1,1,1,25,50,0.5,false
552,20:17:15.992,target,pistol,0s,1,1,1,25,50,0.5,false
553,20:17:16.745,target,pistol,0s,1,1,1,25,50,0.5,false
554,20:17:18.536,target,pistol,1.239s,3,1,0.333,25,150,0.167,false
555,20:17:19.265,target,pistol,0s,1,1,1,25,50,0.5,false
556,20:17:20.014,target,pistol,0s,1,1,1,25,50,0.5,false
557,20:17:20.765,target,pistol,0s,1,1,1,25,50,0.5,false
558,20:17:21.388,target,pistol,0s,1,1,1,25,50,0.5,false
559,20:17:22.079,target,pistol,0s,1,1,1,25,50,0.5,false
560,20:17:22.840,target,pistol,0s,1,1,1,25,50,0.5,false
561,20:17:23.207,target,pistol,0s,1,1,1,25,50,0.5,false
562,20:17:24.051,target,pistol,0s,1,1,1,25,50,0.5,false
563,20:17:24.611,target,pistol,0s,1,1,1,25,50,0.5,false
564,20:17:25.556,target,pistol,0s,1,1,1,25,50,0.5,false
565,20:17:26.180,target,pistol,0s,1,1,1,25,50,0.5,false
566,20:17:26.785,target,pistol,0s,1,1,1,25,50,0.5,false
567,20:17:27.537,target,pistol,0s,1,1,1,25,50,0.5,false
568,20:17:28.212,target,pistol,0s,1,1,1,25,50,0.5,false
569,20:17:29.156,target,pistol,0s,1,1,1,25,50,0.5,false
570,20:17:29.833,target,pistol,0s,1,1,1,25,50,0.5,false
571,20:17:30.393,target,pistol,0s,1,1,1,25,50,0.5,false
572,20:17:31.086,target,pistol,0s,1,1,1,25,50,0.5,false
573,20:17:31.772,target,pistol,0s,1,1,1,25,50,0.5,false
574,20:17:33.015,target,pistol,0.538s,2,1,0.5,25,100,0.25,false
575,20:17:33.693,target,pistol,0s,1,1,1,25,50,0.5,false
576,20:17:34.410,target,pistol,0.256s,2,1,0.5,25,100,0.25,false
577,20:17:35.479,target,pistol,0s,1,1,1,25,50,0.5,false
578,20:17:35.979,target,pistol,0s,1,1,1,25,50,0.5,false
579,20:17:36.532,target,pistol,0s,1,1,1,25,50,0.5,false
580,20:17:37.404,target,pistol,0s,1,1,1,25,50,0.5,false
581,20:17:38.179,target,pistol,0s,1,1,1,25,50,0.5,false
582,20:17:39.130,target,pistol,0s,1,1,1,25,50,0.5,false
583,20:17:39.873,target,pistol,0s,1,1,1,25,50,0.5,false
584,20:17:40.367,target,pistol,0.001s,1,1,1,25,50,0.5,false
585,20:17:41.392,target,pistol,0s,1,1,1,25,50,0.5,false
586,20:17:42.044,target,pistol,0s,1,1,1,25,50,0.5,false
587,20:17:42.589,target,pistol,0s,1,1,1,25,50,0.5,false
588,20:17:43.277,target,pistol,0.001s,1,1,1,25,50,0.5,false
589,20:17:43.875,target,pistol,0s,1,1,1,25,50,0.5,false
590,20:17:44.300,target,pistol,0s,1,1,1,25,50,0.5,false
591,20:17:44.799,target,pistol,0s,1,1,1,25,50,0.5,false
592,20:17:45.281,target,pistol,0s,1,1,1,25,50,0.5,false
593,20:17:46.026,target,pistol,0s,1,1,1,25,50,0.5,false
594,20:17:46.507,target,pistol,0s,1,1,1,25,50,0.5,false
595,20:17:47.653,target,pistol,0.598s,2,1,0.5,25,100,0.25,false
596,20:17:48.119,target,pistol,0s,1,1,1,25,50,0.5,false
597,20:17:48.750,target,pistol,0s,1,1,1,25,50,0.5,false
598,20:17:50.615,target,pistol,1.174s,3,1,0.333,25,150,0.167,false
599,20:17:51.301,target,pistol,0s,1,1,1,25,50,0.5,false
600,20:17:52.524,target,pistol,0s,1,1,1,25,50,0.5,false
601,20:17:53.243,target,pistol,0s,1,1,1,25,50,0.5,false
602,20:17:54.112,target,pistol,0s,1,1,1,25,50,0.5,false
603,20:17:54.869,target,pistol,0s,1,1,1,25,50,0.5,false
604,20:17:55.406,target,pistol,0s,1,1,1,25,50,0.5,false
605,20:17:56.107,target,pistol,0s,1,1,1,25,50,0.5,false
606,20:17:56.642,target,pistol,0s,1,1,1,25,50,0.5,false
607,20:17:57.413,target,pistol,0s,1,1,1,25,50,0.5,false
608,20:17:58.000,target,pistol,0s,1,1,1,25,50,0.5,false
609,20:17:58.788,target,pistol,0s,1,1,1,25,50,0.5,false
610,20:17:59.324,target,pistol,0s,1,1,1,25,50,0.5,false
611,20:18:00.455,target,pistol,0.64s,2,1,0.5,25,100,0.25,false
612,20:18:01.102,target,pistol,0s,1,1,1,25,50,0.5,false
613,20:18:01.971,target,pistol,0s,1,1,1,25,50,0.5,false
614,20:18:03.083,target,pistol,0s,1,1,1,25,50,0.5,false
615,20:18:03.915,target,pistol,0s,1,1,1,25,50,0.5,false
616,20:18:04.557,target,pistol,0s,1,1,1,25,50,0.5,false
617,20:18:05.042,target,pistol,0s,1,1,1,25,50,0.5,false
618,20:18:05.908,target,pistol,0.001s,1,1,1,25,50,0.5,false
619,20:18:06.340,target,pistol,0s,1,1,1,25,50,0.5,false
620,20:18:06.836,target,pistol,0s,1,1,1,25,50,0.5,false
621,20:18:08.260,target,pistol,0s,1,1,1,25,50,0.5,false
622,20:18:08.744,target,pistol,0s,1,1,1,25,50,0.5,false
623,20:18:10.545,target,pistol,1.063s,3,1,0.333,25,150,0.167,false
624,20:18:11.115,target,pistol,0s,1,1,1,25,50,0.5,false
625,20:18:11.891,target,pistol,0s,1,1,1,25,50,0.5,false
626,20:18:12.475,target,pistol,0s,1,1,1,25,50,0.5,false
627,20:18:13.207,target,pistol,0s,1,1,1,25,50,0.5,false
628,20:18:13.764,target,pistol,0s,1,1,1,25,50,0.5,false
629,20:18:14.767,target,pistol,0.267s,2,1,0.5,25,100,0.25,false
630,20:18:15.380,target,pistol,0s,1,1,1,25,50,0.5,false
631,20:18:16.127,target,pistol,0s,1,1,1,25,50,0.5,false
632,20:18:17.507,target,pistol,0.715s,2,1,0.5,25,100,0.25,false
633,20:18:18.269,target,pistol,0s,1,1,1,25,50,0.5,false
634,20:18:18.726,target,pistol,0.001s,1,1,1,25,50,0.5,false
635,20:18:19.278,target,pistol,0s,1,1,1,25,50,0.5,false
636,20:18:20.071,target,pistol,0s,1,1,1,25,50,0.5,false
637,20:18:20.909,target,pistol,0.001s,1,1,1,25,50,0.5,false
638,20:18:22.291,target,pistol,0s,1,1,1,25,50,0.5,false
639,20:18:22.909,target,pistol,0.001s,1,1,1,25,50,0.5,false
640,20:18:23.453,target,pistol,0s,1,1,1,25,50,0.5,false
641,20:18:24.241,target,pistol,0s,1,1,1,25,50,0.5,false
642,20:18:24.719,target,pistol,0s,1,1,1,25,50,0.5,false
643,20:18:25.524,target,pistol,0s,1,1,1,25,50,0.5,false
644,20:18:26.220,target,pistol,0s,1,1,1,25,50,0.5,false
645,20:18:26.860,target,pistol,0s,1,1,1,25,50,0.5,false
646,20:18:27.495,target,pistol,0s,1,1,1,25,50,0.5,false
647,20:18:28.176,target,pistol,0.001s,1,1,1,25,50,0.5,false
648,20:18:28.938,target,pistol,0s,1,1,1,25,50,0.5,false
649,20:18:29.494,target,pistol,0s,1,1,1,25,50,0.5,false
650,20:18:30.323,target,pistol,0s,1,1,1,25,50,0.5,false
651,20:18:30.684,target,pistol,0s,1,1,1,25,50,0.5,false
652,20:18:31.195,target,pistol,0s,1,1,1,25,50,0.5,false
653,20:18:31.575,target,pistol,0s,1,1,1,25,50,0.5,false
654,20:18:32.510,target,pistol,0s,1,1,1,25,50,0.5,false
655,20:18:33.272,target,pistol,0.001s,1,1,1,25,50,0.5,false
656,20:18:34.447,target,pistol,0.588s,2,1,0.5,25,100,0.25,false
657,20:18:35.181,target,pistol,0s,1,1,1,25,50,0.5,false
658,20:18:36.430,target,pistol,0.583s,2,1,0.5,25,100,0.25,false
659,20:18:37.373,target,pistol,0s,1,1,1,25,50,0.5,false
660,20:18:38.137,target,pistol,0s,1,1,1,25,50,0.5,false
661,20:18:38.889,target,pistol,0s,1,1,1,25,50,0.5,false
662,20:18:39.858,target,pistol,0s,1,1,1,25,50,0.5,false
663,20:18:40.636,target,pistol,0s,1,1,1,25,50,0.5,false
664,20:18:41.749,target,pistol,0.281s,2,1,0.5,25,100,0.25,false
665,20:18:42.558,target,pistol,0s,1,1,1,25,50,0.5,false
666,20:18:43.347,target,pistol,0s,1,1,1,25,50,0.5,false
667,20:18:44.021,target,pistol,0s,1,1,1,25,50,0.5,false
668,20:18:44.693,target,pistol,0s,1,1,1,25,50,0.5,false
669,20:18:45.357,target,pistol,0.206s,2,1,0.5,25,100,0.25,false
670,20:18:45.987,target,pistol,0s,1,1,1,25,50,0.5,false
671,20:18:46.974,target,pistol,0s,1,1,1,25,50,0.5,false
672,20:18:47.717,target,pistol,0s,1,1,1,25,50,0.5,false
673,20:18:48.262,target,pistol,0s,1,1,1,25,50,0.5,false
674,20:18:48.870,target,pistol,0.001s,1,1,1,25,50,0.5,false
675,20:18:49.597,target,pistol,0s,1,1,1,25,50,0.5,false
676,20:18:50.182,target,pistol,0.001s,1,1,1,25,50,0.5,false
677,20:18:50.775,target,pistol,0s,1,1,1,25,50,0.5,false
678,20:18:51.547,target,pistol,0.001s,1,1,1,25,50,0.5,false
679,20:18:52.275,target,pistol,0s,1,1,1,25,50,0.5,false
680,20:18:53.280,target,pistol,0.277s,2,1,0.5,25,100,0.25,false
681,20:18:53.898,target,pistol,0.001s,1,1,1,25,50,0.5,false
682,20:18:54.476,target,pistol,0s,1,1,1,25,50,0.5,false
683,20:18:55.200,target,pistol,0s,1,1,1,25,50,0.5,false
684,20:18:55.842,target,pistol,0s,1,1,1,25,50,0.5,false
685,20:18:56.685,target,pistol,0s,1,1,1,25,50,0.5,false
686,20:18:57.360,target,pistol,0s,1,1,1,25,50,0.5,false
687,20:18:58.359,target,pistol,0s,1,1,1,25,50,0.5,false
688,20:18:59.280,target,pistol,0s,1,1,1,25,50,0.5,false
689,20:19:00.112,target,pistol,0s,1,1,1,25,50,0.5,false
690,20:19:01.002,target,pistol,0s,1,1,1,25,50,0.5,false
691,20:19:01.835,target,pistol,0s,1,1,1,25,50,0.5,false
692,20:19:02.624,target,pistol,0s,1,1,1,25,50,0.5,false
693,20:19:03.253,target,pistol,0s,1,1,1,25,50,0.5,false
694,20:19:04.365,target,pistol,0s,1,1,1,25,50,0.5,false
695,20:19:04.949,target,pistol,0s,1,1,1,25,50,0.5,false
696,20:19:05.571,target,pistol,0s,1,1,1,25,50,0.5,false
697,20:19:06.420,target,pistol,0s,1,1,1,25,50,0.5,false
698,20:19:07.179,target,pistol,0.001s,1,1,1,25,50,0.5,false
699,20:19:07.811,target,pistol,0s,1,1,1,25,50,0.5,false
700,20:19:08.576,target,pistol,0s,1,1,1,25,50,0.5,false
701,20:19:09.293,target,pistol,0s,1,1,1,25,50,0.5,false
702,20:19:09.841,target,pistol,0s,1,1,1,25,50,0.5,false
703,20:19:10.699,target,pistol,0s,1,1,1,25,50,0.5,false
704,20:19:11.307,target,pistol,0s,1,1,1,25,50,0.5,false
705,20:19:11.932,target,pistol,0s,1,1,1,25,50,0.5,false
706,20:19:12.466,target,pistol,0s,1,1,1,25,50,0.5,false
707,20:19:13.008,target,pistol,0s,1,1,1,25,50,0.5,false
708,20:19:13.600,target,pistol,0s,1,1,1,25,50,0.5,false
709,20:19:14.261,target,pistol,0.001s,1,1,1,25,50,0.5,false
710,20:19:14.966,target,pistol,0s,1,1,1,25,50,0.5,false
711,20:19:16.862,target,pistol,1.232s,3,1,0.333,25,150,0.167,false
712,20:19:17.368,target,pistol,0s,1,1,1,25,50,0.5,false
713,20:19:17.959,target,pistol,0s,1,1,1,25,50,0.5,false
714,20:19:18.621,target,pistol,0s,1,1,1,25,50,0.5,false
715,20:19:19.420,target,pistol,0s,1,1,1,25,50,0.5,false
716,20:19:21.004,target,pistol,0.941s,2,1,0.5,25,100,0.25,false
717,20:19:21.682,target,pistol,0s,1,1,1,25,50,0.5,false
718,20:19:23.220,target,pistol,0s,1,1,1,25,50,0.5,false
719,20:19:24.102,target,pistol,0s,1,1,1,25,50,0.5,false
720,20:19:25.165,target,pistol,0s,1,1,1,25,50,0.5,false
721,20:19:26.011,target,pistol,0s,1,1,1,25,50,0.5,false
722,20:19:26.622,target,pistol,0s,1,1,1,25,50,0.5,false
723,20:19:27.645,target,pistol,0.319s,2,1,0.5,25,100,0.25,false
724,20:19:28.548,target,pistol,0.276s,2,1,0.5,25,100,0.25,false
725,20:19:29.366,target,pistol,0s,1,1,1,25,50,0.5,false
726,20:19:30.157,target,pistol,0.001s,1,1,1,25,50,0.5,false
727,20:19:30.870,target,pistol,0s,1,1,1,25,50,0.5,false
728,20:19:31.586,target,pistol,0.001s,1,1,1,25,50,0.5,false
729,20:19:32.384,target,pistol,0s,1,1,1,25,50,0.5,false
730,20:19:34.425,target,pistol,1.273s,3,1,0.333,25,150,0.167,false
731,20:19:34.968,target,pistol,0s,1,1,1,25,50,0.5,false
732,20:19:36.017,target,pistol,0s,1,1,1,25,50,0.5,false
733,20:19:36.694,target,pistol,0s,1,1,1,25,50,0.5,false
734,20:19:37.417,target,pistol,0s,1,1,1,25,50,0.5,false
735,20:19:38.425,target,pistol,0s,1,1,1,25,50,0.5,false
736,20:19:39.478,target,pistol,0s,1,1,1,25,50,0.5,false
737,20:19:40.555,target,pistol,0s,1,1,1,25,50,0.5,false
738,20:19:41.122,target,pistol,0s,1,1,1,25,50,0.5,false
739,20:19:42.207,target,pistol,0.583s,2,1,0.5,25,100,0.25,false
740,20:19:42.764,target,pistol,0s,1,1,1,25,50,0.5,false
741,20:19:43.449,target,pistol,0.001s,1,1,1,25,50,0.5,false
742,20:19:44.351,target,pistol,0s,1,1,1,25,50,0.5,false
743,20:19:44.930,target,pistol,0s,1,1,1,25,50,0.5,false
744,20:19:45.871,target,pistol,0.001s,1,1,1,25,50,0.5,false
745,20:19:46.498,target,pistol,0s,1,1,1,25,50,0.5,false
746,20:19:46.945,target,pistol,0.001s,1,1,1,25,50,0.5,false
747,20:19:48.326,target,pistol,0.773s,2,1,0.5,25,100,0.25,false
748,20:19:49.133,target,pistol,0s,1,1,1,25,50,0.5,false
749,20:19:50.142,target,pistol,0s,1,1,1,25,50,0.5,false
750,20:19:51.325,target,pistol,0.352s,2,1,0.5,25,100,0.25,false
751,20:19:52.014,target,pistol,0s,1,1,1,25,50,0.5,false

Weapon,Shots,Hits,Damage Done,Damage Possible,,Sens Scale,Horiz Sens,Vert Sens,FOV,Hide Gun,Crosshair,Crosshair Scale,Crosshair Color,ADS Sens,ADS Zoom Scale
pistol,846,751,18775.0,42300.0,,,,,,false,plus.png,1.0,FFFF00,,,

Kills:,751
Deaths:,0
Fight Time:,46.674999
Avg TTK:,0
Damage Done:,18775.0
Damage Taken:,0.0
Midairs:,0
Midaired:,0
Directs:,0
Directed:,0
Reloads:,0
Distance Traveled:,0.0
Score:,6666.678711
Scenario:,1wall 6targets small - 10 Minutes
Hash:,5539d832a59081329735eea68cfb4274
Game Version:,2.0.5.3
Challenge Start:,20:16:49.466
Pause Count:,12
Pause Duration:,253

Input Lag:,0
Max FPS (config):,999.0
Sens Scale:,Call of Duty
Horiz Sens:,7.5
Vert Sens:,7.5
FOV:,100.0
Hide Gun:,false
Crosshair:,plus.png
Crosshair Scale:,1.0
Crosshair Color:,FFFF00
Resolution,1920x1080
Avg FPS,323.257935
Resolution Scale,100.0
