Kill #,Timestamp,Bot,Weapon,TTK,Shots,Hits,Accuracy,Damage Done,Damage Possible,Efficiency,Cheated
1,16:49:15.430,target,pistol,0s,1,1,1,25,50,0.5,false
2,16:49:16.618,target,pistol,0.384s,2,1,0.5,25,100,0.25,false
3,16:49:17.104,target,pistol,0s,1,1,1,25,50,0.5,false
4,16:49:17.966,target,pistol,0.22s,2,1,0.5,25,100,0.25,false
5,16:49:18.510,target,pistol,0s,1,1,1,25,50,0.5,false
6,16:49:19.263,target,pistol,0s,1,1,1,25,50,0.5,false
7,16:49:19.840,target,pistol,0s,1,1,1,25,50,0.5,false
8,16:49:20.511,target,pistol,0s,1,1,1,25,50,0.5,false
9,16:49:21.251,target,pistol,0s,1,1,1,25,50,0.5,false
10,16:49:22.062,target,pistol,0s,1,1,1,25,50,0.5,false
11,16:49:23.170,target,pistol,0.217s,2,1,0.5,25,100,0.25,false
12,16:49:23.751,target,pistol,0s,1,1,1,25,50,0.5,false
13,16:49:24.257,target,pistol,0s,1,1,1,25,50,0.5,false
14,16:49:25.009,target,pistol,0s,1,1,1,25,50,0.5,false
15,16:49:25.841,target,pistol,0s,1,1,1,25,50,0.5,false
16,16:49:26.724,target,pistol,0s,1,1,1,25,50,0.5,false
17,16:49:27.986,target,pistol,0.591s,2,1,0.5,25,100,0.25,false
18,16:49:28.647,target,pistol,0.285s,2,1,0.5,25,100,0.25,false
19,16:49:29.288,target,pistol,0s,1,1,1,25,50,0.5,false
20,16:49:30.194,target,pistol,0s,1,1,1,25,50,0.5,false
21,16:49:30.740,target,pistol,0s,1,1,1,25,50,0.5,false
22,16:49:31.492,target,pistol,0s,1,1,1,25,50,0.5,false
23,16:49:32.312,target,pistol,0s,1,1,1,25,50,0.5,false
24,16:49:33.135,target,pistol,0s,1,1,1,25,50,0.5,false
25,16:49:33.907,target,pistol,0s,1,1,1,25,50,0.5,false
26,16:49:34.842,target,pistol,0.001s,1,1,1,25,50,0.5,false
27,16:49:35.466,target,pistol,0s,1,1,1,25,50,0.5,false
28,16:49:36.147,target,pistol,0s,1,1,1,25,50,0.5,false
29,16:49:36.779,target,pistol,0s,1,1,1,25,50,0.5,false
30,16:49:37.536,target,pistol,0s,1,1,1,25,50,0.5,false
31,16:49:38.111,target,pistol,0s,1,1,1,25,50,0.5,false
32,16:49:38.867,target,pistol,0s,1,1,1,25,50,0.5,false
33,16:49:39.559,target,pistol,0s,1,1,1,25,50,0.5,false
34,16:49:40.197,target,pistol,0s,1,1,1,25,50,0.5,false
35,16:49:41.168,target,pistol,0s,1,1,1,25,50,0.5,false
36,16:49:41.792,target,pistol,0s,1,1,1,25,50,0.5,false
37,16:49:42.663,target,pistol,0s,1,1,1,25,50,0.5,false
38,16:49:43.481,target,pistol,0s,1,1,1,25,50,0.5,false
39,16:49:44.344,target,pistol,0s,1,1,1,25,50,0.5,false
40,16:49:45.142,target,pistol,0s,1,1,1,25,50,0.5,false
41,16:49:45.830,target,pistol,0s,1,1,1,25,50,0.5,false
42,16:49:46.567,target,pistol,0s,1,1,1,25,50,0.5,false
43,16:49:47.025,target,pistol,0s,1,1,1,25,50,0.5,false
44,16:49:48.233,target,pistol,0.332s,2,1,0.5,25,100,0.25,false
45,16:49:49.209,target,pistol,0.001s,1,1,1,25,50,0.5,false
46,16:49:49.775,target,pistol,0s,1,1,1,25,50,0.5,false
47,16:49:50.360,target,pistol,0s,1,1,1,25,50,0.5,false
48,16:49:50.796,target,pistol,0s,1,1,1,25,50,0.5,false
49,16:49:51.308,target,pistol,0s,1,1,1,25,50,0.5,false
50,16:49:52.013,target,pistol,0s,1,1,1,25,50,0.5,false
51,16:49:53.280,target,pistol,0.636s,2,1,0.5,25,100,0.25,false
52,16:49:54.175,target,pistol,0.279s,2,1,0.5,25,100,0.25,false
53,16:49:55.049,target,pistol,0s,1,1,1,25,50,0.5,false
54,16:49:55.815,target,pistol,0s,1,1,1,25,50,0.5,false
55,16:49:56.829,target,pistol,0.25s,2,1,0.5,25,100,0.25,false
56,16:49:57.509,target,pistol,0s,1,1,1,25,50,0.5,false
57,16:49:58.434,target,pistol,0s,1,1,1,25,50,0.5,false
58,16:49:59.717,target,pistol,0s,1,1,1,25,50,0.5,false
59,16:50:00.695,target,pistol,0.254s,2,1,0.5,25,100,0.25,false
60,16:50:01.286,target,pistol,0s,1,1,1,25,50,0.5,false
61,16:50:01.973,target,pistol,0s,1,1,1,25,50,0.5,false
62,16:50:02.682,target,pistol,0s,1,1,1,25,50,0.5,false
63,16:50:03.644,target,pistol,0.287s,2,1,0.5,25,100,0.25,false
64,16:50:04.575,target,pistol,0s,1,1,1,25,50,0.5,false
65,16:50:06.358,target,pistol,1.036s,3,1,0.333,25,150,0.167,false
66,16:50:07.033,target,pistol,0s,1,1,1,25,50,0.5,false
67,16:50:07.714,target,pistol,0s,1,1,1,25,50,0.5,false
68,16:50:08.714,target,pistol,0s,1,1,1,25,50,0.5,false
69,16:50:09.407,target,pistol,0s,1,1,1,25,50,0.5,false
70,16:50:10.531,target,pistol,0s,1,1,1,25,50,0.5,false
71,16:50:11.402,target,pistol,0s,1,1,1,25,50,0.5,false
72,16:50:12.296,target,pistol,0s,1,1,1,25,50,0.5,false
73,16:50:13.347,target,pistol,0.001s,1,1,1,25,50,0.5,false
74,16:50:13.961,target,pistol,0s,1,1,1,25,50,0.5,false
75,16:50:14.783,target,pistol,0s,1,1,1,25,50,0.5,false
76,16:50:15.705,target,pistol,0s,1,1,1,25,50,0.5,false
77,16:50:16.640,target,pistol,0s,1,1,1,25,50,0.5,false
78,16:50:17.283,target,pistol,0s,1,1,1,25,50,0.5,false
79,16:50:18.161,target,pistol,0s,1,1,1,25,50,0.5,false
80,16:50:18.678,target,pistol,0s,1,1,1,25,50,0.5,false
81,16:50:19.264,target,pistol,0s,1,1,1,25,50,0.5,false
82,16:50:19.978,target,pistol,0s,1,1,1,25,50,0.5,false
83,16:50:20.600,target,pistol,0s,1,1,1,25,50,0.5,false
84,16:50:21.469,target,pistol,0s,1,1,1,25,50,0.5,false
85,16:50:22.205,target,pistol,0s,1,1,1,25,50,0.5,false
86,16:50:22.889,target,pistol,0s,1,1,1,25,50,0.5,false
87,16:50:23.589,target,pistol,0s,1,1,1,25,50,0.5,false
88,16:50:24.378,target,pistol,0s,1,1,1,25,50,0.5,false
89,16:50:25.820,target,pistol,0.651s,2,1,0.5,25,100,0.25,false
90,16:50:26.389,target,pistol,0s,1,1,1,25,50,0.5,false
91,16:50:27.164,target,pistol,0.001s,1,1,1,25,50,0.5,false
92,16:50:27.721,target,pistol,0s,1,1,1,25,50,0.5,false
93,16:50:28.549,target,pistol,0s,1,1,1,25,50,0.5,false
94,16:50:29.260,target,pistol,0.001s,1,1,1,25,50,0.5,false
95,16:50:30.332,target,pistol,0s,1,1,1,25,50,0.5,false
96,16:50:31.174,target,pistol,0s,1,1,1,25,50,0.5,false
97,16:50:32.073,target,pistol,0s,1,1,1,25,50,0.5,false
98,16:50:32.644,target,pistol,0s,1,1,1,25,50,0.5,false
99,16:50:33.633,target,pistol,0.392s,2,1,0.5,25,100,0.25,false
100,16:50:34.164,target,pistol,0s,1,1,1,25,50,0.5,false
101,16:50:34.778,target,pistol,0s,1,1,1,25,50,0.5,false
102,16:50:35.746,target,pistol,0s,1,1,1,25,50,0.5,false
103,16:50:36.798,target,pistol,0s,1,1,1,25,50,0.5,false
104,16:50:37.588,target,pistol,0s,1,1,1,25,50,0.5,false
105,16:50:38.144,target,pistol,0s,1,1,1,25,50,0.5,false
106,16:50:38.761,target,pistol,0s,1,1,1,25,50,0.5,false
107,16:50:39.504,target,pistol,0s,1,1,1,25,50,0.5,false
108,16:50:40.844,target,pistol,0.63s,2,1,0.5,25,100,0.25,false
109,16:50:41.322,target,pistol,0s,1,1,1,25,50,0.5,false
110,16:50:42.231,target,pistol,0.292s,2,1,0.5,25,100,0.25,false
111,16:50:43.170,target,pistol,0s,1,1,1,25,50,0.5,false
112,16:50:43.886,target,pistol,0.001s,1,1,1,25,50,0.5,false
113,16:50:44.396,target,pistol,0s,1,1,1,25,50,0.5,false
114,16:50:45.084,target,pistol,0s,1,1,1,25,50,0.5,false
115,16:50:45.611,target,pistol,0s,1,1,1,25,50,0.5,false
116,16:50:46.477,target,pistol,0s,1,1,1,25,50,0.5,false
117,16:50:47.651,target,pistol,0s,1,1,1,25,50,0.5,false
118,16:50:48.451,target,pistol,0s,1,1,1,25,50,0.5,false
119,16:50:49.332,target,pistol,0s,1,1,1,25,50,0.5,false
120,16:50:50.118,target,pistol,0s,1,1,1,25,50,0.5,false
121,16:50:51.507,target,pistol,0.001s,1,1,1,25,50,0.5,false
122,16:50:52.375,target,pistol,0s,1,1,1,25,50,0.5,false
123,16:50:52.941,target,pistol,0s,1,1,1,25,50,0.5,false
124,16:50:53.530,target,pistol,0s,1,1,1,25,50,0.5,false
125,16:50:54.172,target,pistol,0s,1,1,1,25,50,0.5,false
126,16:50:54.616,target,pistol,0s,1,1,1,25,50,0.5,false
127,16:50:55.499,target,pistol,0s,1,1,1,25,50,0.5,false
128,16:50:56.042,target,pistol,0s,1,1,1,25,50,0.5,false
129,16:50:57.138,target,pistol,0.001s,1,1,1,25,50,0.5,false
130,16:50:57.842,target,pistol,0s,1,1,1,25,50,0.5,false
131,16:50:58.436,target,pistol,0s,1,1,1,25,50,0.5,false
132,16:50:59.173,target,pistol,0s,1,1,1,25,50,0.5,false
133,16:50:59.898,target,pistol,0s,1,1,1,25,50,0.5,false
134,16:51:00.578,target,pistol,0s,1,1,1,25,50,0.5,false
135,16:51:01.250,target,pistol,0s,1,1,1,25,50,0.5,false
136,16:51:01.825,target,pistol,0s,1,1,1,25,50,0.5,false
137,16:51:02.671,target,pistol,0s,1,1,1,25,50,0.5,false
138,16:51:03.549,target,pistol,0s,1,1,1,25,50,0.5,false
139,16:51:04.358,target,pistol,0s,1,1,1,25,50,0.5,false
140,16:51:05.632,target,pistol,0.726s,2,1,0.5,25,100,0.25,false
141,16:51:06.695,target,pistol,0s,1,1,1,25,50,0.5,false
142,16:51:07.565,target,pistol,0s,1,1,1,25,50,0.5,false
143,16:51:08.155,target,pistol,0s,1,1,1,25,50,0.5,false
144,16:51:08.911,target,pistol,0s,1,1,1,25,50,0.5,false
145,16:51:09.560,target,pistol,0s,1,1,1,25,50,0.5,false
146,16:51:10.147,target,pistol,0.001s,1,1,1,25,50,0.5,false
147,16:51:11.051,target,pistol,0s,1,1,1,25,50,0.5,false
148,16:51:11.866,target,pistol,0.001s,1,1,1,25,50,0.5,false
149,16:51:12.523,target,pistol,0s,1,1,1,25,50,0.5,false
150,16:51:13.689,target,pistol,0.277s,2,1,0.5,25,100,0.25,false
151,16:51:14.567,target,pistol,0.194s,2,1,0.5,25,100,0.25,false
152,16:51:15.262,target,pistol,0s,1,1,1,25,50,0.5,false
153,16:51:15.830,target,pistol,0.001s,1,1,1,25,50,0.5,false
154,16:51:16.660,target,pistol,0s,1,1,1,25,50,0.5,false
155,16:51:17.355,target,pistol,0s,1,1,1,25,50,0.5,false
156,16:51:17.947,target,pistol,0s,1,1,1,25,50,0.5,false
157,16:51:18.565,target,pistol,0s,1,1,1,25,50,0.5,false
158,16:51:19.235,target,pistol,0s,1,1,1,25,50,0.5,false
159,16:51:20.075,target,pistol,0s,1,1,1,25,50,0.5,false
160,16:51:20.489,target,pistol,0s,1,1,1,25,50,0.5,false
161,16:51:21.399,target,pistol,0s,1,1,1,25,50,0.5,false
162,16:51:22.111,target,pistol,0s,1,1,1,25,50,0.5,false
163,16:51:22.782,target,pistol,0s,1,1,1,25,50,0.5,false
164,16:51:23.556,target,pistol,0s,1,1,1,25,50,0.5,false
165,16:51:24.360,target,pistol,0.001s,1,1,1,25,50,0.5,false
166,16:51:25.147,target,pistol,0s,1,1,1,25,50,0.5,false
167,16:51:25.864,target,pistol,0s,1,1,1,25,50,0.5,false
168,16:51:26.549,target,pistol,0s,1,1,1,25,50,0.5,false
169,16:51:27.141,target,pistol,0.001s,1,1,1,25,50,0.5,false
170,16:51:27.939,target,pistol,0s,1,1,1,25,50,0.5,false
171,16:51:28.521,target,pistol,0s,1,1,1,25,50,0.5,false
172,16:51:29.126,target,pistol,0s,1,1,1,25,50,0.5,false
173,16:51:29.782,target,pistol,0s,1,1,1,25,50,0.5,false
174,16:51:30.491,target,pistol,0s,1,1,1,25,50,0.5,false
175,16:51:31.018,target,pistol,0s,1,1,1,25,50,0.5,false
176,16:51:31.739,target,pistol,0s,1,1,1,25,50,0.5,false
177,16:51:32.506,target,pistol,0.001s,1,1,1,25,50,0.5,false
178,16:51:33.656,target,pistol,0.252s,2,1,0.5,25,100,0.25,false
179,16:51:34.664,target,pistol,0s,1,1,1,25,50,0.5,false
180,16:51:35.316,target,pistol,0s,1,1,1,25,50,0.5,false
181,16:51:36.000,target,pistol,0s,1,1,1,25,50,0.5,false
182,16:51:36.625,target,pistol,0s,1,1,1,25,50,0.5,false
183,16:51:38.020,target,pistol,0.746s,2,1,0.5,25,100,0.25,false
184,16:51:38.656,target,pistol,0s,1,1,1,25,50,0.5,false
185,16:51:39.473,target,pistol,0s,1,1,1,25,50,0.5,false
186,16:51:40.077,target,pistol,0s,1,1,1,25,50,0.5,false
187,16:51:40.850,target,pistol,0s,1,1,1,25,50,0.5,false
188,16:51:41.727,target,pistol,0s,1,1,1,25,50,0.5,false
189,16:51:42.365,target,pistol,0s,1,1,1,25,50,0.5,false
190,16:51:43.003,target,pistol,0s,1,1,1,25,50,0.5,false
191,16:51:43.809,target,pistol,0.001s,1,1,1,25,50,0.5,false
192,16:51:44.509,target,pistol,0s,1,1,1,25,50,0.5,false
193,16:51:45.089,target,pistol,0s,1,1,1,25,50,0.5,false
194,16:51:45.952,target,pistol,0s,1,1,1,25,50,0.5,false
195,16:51:46.681,target,pistol,0s,1,1,1,25,50,0.5,false
196,16:51:47.510,target,pistol,0s,1,1,1,25,50,0.5,false
197,16:51:48.292,target,pistol,0s,1,1,1,25,50,0.5,false
198,16:51:49.070,target,pistol,0s,1,1,1,25,50,0.5,false
199,16:51:49.810,target,pistol,0s,1,1,1,25,50,0.5,false
200,16:51:50.843,target,pistol,0.001s,1,1,1,25,50,0.5,false
201,16:51:51.503,target,pistol,0s,1,1,1,25,50,0.5,false
202,16:51:52.076,target,pistol,0s,1,1,1,25,50,0.5,false
203,16:51:52.959,target,pistol,0s,1,1,1,25,50,0.5,false
204,16:51:53.365,target,pistol,0s,1,1,1,25,50,0.5,false
205,16:51:54.189,target,pistol,0s,1,1,1,25,50,0.5,false
206,16:51:54.907,target,pistol,0s,1,1,1,25,50,0.5,false
207,16:51:55.699,target,pistol,0s,1,1,1,25,50,0.5,false
208,16:51:56.591,target,pistol,0s,1,1,1,25,50,0.5,false
209,16:51:57.337,target,pistol,0s,1,1,1,25,50,0.5,false
210,16:51:58.254,target,pistol,0s,1,1,1,25,50,0.5,false
211,16:51:58.953,target,pistol,0s,1,1,1,25,50,0.5,false
212,16:51:59.921,target,pistol,0s,1,1,1,25,50,0.5,false
213,16:52:01.048,target,pistol,0s,1,1,1,25,50,0.5,false
214,16:52:01.790,target,pistol,0s,1,1,1,25,50,0.5,false
215,16:52:02.413,target,pistol,0s,1,1,1,25,50,0.5,false
216,16:52:02.928,target,pistol,0s,1,1,1,25,50,0.5,false
217,16:52:03.776,target,pistol,0s,1,1,1,25,50,0.5,false
218,16:52:04.730,target,pistol,0.001s,1,1,1,25,50,0.5,false
219,16:52:05.355,target,pistol,0s,1,1,1,25,50,0.5,false
220,16:52:06.633,target,pistol,0.479s,2,1,0.5,25,100,0.25,false
221,16:52:07.299,target,pistol,0s,1,1,1,25,50,0.5,false
222,16:52:07.944,target,pistol,0s,1,1,1,25,50,0.5,false
223,16:52:08.581,target,pistol,0.001s,1,1,1,25,50,0.5,false
224,16:52:09.548,target,pistol,0.289s,2,1,0.5,25,100,0.25,false
225,16:52:10.272,target,pistol,0s,1,1,1,25,50,0.5,false
226,16:52:10.891,target,pistol,0.001s,1,1,1,25,50,0.5,false
227,16:52:11.515,target,pistol,0s,1,1,1,25,50,0.5,false
228,16:52:12.174,target,pistol,0.001s,1,1,1,25,50,0.5,false
229,16:52:12.764,target,pistol,0s,1,1,1,25,50,0.5,false
230,16:52:13.393,target,pistol,0s,1,1,1,25,50,0.5,false
231,16:52:14.301,target,pistol,0s,1,1,1,25,50,0.5,false
232,16:52:15.230,target,pistol,0s,1,1,1,25,50,0.5,false
233,16:52:15.957,target,pistol,0s,1,1,1,25,50,0.5,false
234,16:52:18.192,target,pistol,1.247s,3,1,0.333,25,150,0.167,false
235,16:52:18.692,target,pistol,0s,1,1,1,25,50,0.5,false
236,16:52:19.325,target,pistol,0s,1,1,1,25,50,0.5,false
237,16:52:19.900,target,pistol,0s,1,1,1,25,50,0.5,false
238,16:52:20.644,target,pistol,0s,1,1,1,25,50,0.5,false
239,16:52:21.396,target,pistol,0s,1,1,1,25,50,0.5,false
240,16:52:21.987,target,pistol,0s,1,1,1,25,50,0.5,false
241,16:52:23.276,target,pistol,0.598s,2,1,0.5,25,100,0.25,false
242,16:52:23.807,target,pistol,0s,1,1,1,25,50,0.5,false
243,16:52:24.524,target,pistol,0s,1,1,1,25,50,0.5,false
244,16:52:25.203,target,pistol,0s,1,1,1,25,50,0.5,false
245,16:52:25.852,target,pistol,0.001s,1,1,1,25,50,0.5,false
246,16:52:26.542,target,pistol,0s,1,1,1,25,50,0.5,false
247,16:52:28.390,target,pistol,0.667s,2,1,0.5,25,100,0.25,false
248,16:52:29.003,target,pistol,0s,1,1,1,25,50,0.5,false
249,16:52:29.950,target,pistol,0s,1,1,1,25,50,0.5,false
250,16:52:30.797,target,pistol,0s,1,1,1,25,50,0.5,false
251,16:52:31.540,target,pistol,0.001s,1,1,1,25,50,0.5,false
252,16:52:32.119,target,pistol,0.001s,1,1,1,25,50,0.5,false
253,16:52:32.770,target,pistol,0s,1,1,1,25,50,0.5,false
254,16:52:33.841,target,pistol,0s,1,1,1,25,50,0.5,false
255,16:52:34.411,target,pistol,0s,1,1,1,25,50,0.5,false
256,16:52:34.932,target,pistol,0s,1,1,1,25,50,0.5,false
257,16:52:35.959,target,pistol,0.443s,2,1,0.5,25,100,0.25,false
258,16:52:36.587,target,pistol,0s,1,1,1,25,50,0.5,false
259,16:52:37.637,target,pistol,0.001s,1,1,1,25,50,0.5,false
260,16:52:38.323,target,pistol,0s,1,1,1,25,50,0.5,false
261,16:52:39.146,target,pistol,0s,1,1,1,25,50,0.5,false
262,16:52:39.979,target,pistol,0s,1,1,1,25,50,0.5,false
263,16:52:40.652,target,pistol,0s,1,1,1,25,50,0.5,false
264,16:52:41.492,target,pistol,0s,1,1,1,25,50,0.5,false
265,16:52:42.184,target,pistol,0s,1,1,1,25,50,0.5,false
266,16:52:42.850,target,pistol,0s,1,1,1,25,50,0.5,false
267,16:52:43.392,target,pistol,0s,1,1,1,25,50,0.5,false
268,16:52:44.127,target,pistol,0s,1,1,1,25,50,0.5,false
269,16:52:44.718,target,pistol,0s,1,1,1,25,50,0.5,false
270,16:52:45.436,target,pistol,0s,1,1,1,25,50,0.5,false
271,16:52:46.044,target,pistol,0s,1,1,1,25,50,0.5,false
272,16:52:46.835,target,pistol,0s,1,1,1,25,50,0.5,false
273,16:52:47.445,target,pistol,0s,1,1,1,25,50,0.5,false
274,16:52:48.322,target,pistol,0s,1,1,1,25,50,0.5,false
275,16:52:49.064,target,pistol,0s,1,1,1,25,50,0.5,false
276,16:52:49.685,target,pistol,0s,1,1,1,25,50,0.5,false
277,16:52:50.376,target,pistol,0.001s,1,1,1,25,50,0.5,false
278,16:52:51.624,target,pistol,0s,1,1,1,25,50,0.5,false
279,16:52:52.203,target,pistol,0.001s,1,1,1,25,50,0.5,false
280,16:52:52.905,target,pistol,0s,1,1,1,25,50,0.5,false
281,16:52:53.582,target,pistol,0s,1,1,1,25,50,0.5,false
282,16:52:54.382,target,pistol,0s,1,1,1,25,50,0.5,false
283,16:52:55.123,target,pistol,0s,1,1,1,25,50,0.5,false
284,16:52:56.018,target,pistol,0s,1,1,1,25,50,0.5,false
285,16:52:56.519,target,pistol,0s,1,1,1,25,50,0.5,false
286,16:52:57.245,target,pistol,0s,1,1,1,25,50,0.5,false
287,16:52:58.115,target,pistol,0s,1,1,1,25,50,0.5,false
288,16:52:59.087,target,pistol,0.001s,1,1,1,25,50,0.5,false
289,16:52:59.606,target,pistol,0s,1,1,1,25,50,0.5,false
290,16:53:00.338,target,pistol,0s,1,1,1,25,50,0.5,false
291,16:53:01.099,target,pistol,0s,1,1,1,25,50,0.5,false
292,16:53:01.834,target,pistol,0s,1,1,1,25,50,0.5,false
293,16:53:02.465,target,pistol,0s,1,1,1,25,50,0.5,false
294,16:53:03.436,target,pistol,0.439s,2,1,0.5,25,100,0.25,false
295,16:53:04.341,target,pistol,0s,1,1,1,25,50,0.5,false
296,16:53:05.598,target,pistol,0s,1,1,1,25,50,0.5,false
297,16:53:06.387,target,pistol,0s,1,1,1,25,50,0.5,false
298,16:53:07.899,target,pistol,0.631s,3,1,0.333,25,150,0.167,false
299,16:53:08.568,target,pistol,0s,1,1,1,25,50,0.5,false
300,16:53:09.338,target,pistol,0s,1,1,1,25,50,0.5,false
301,16:53:09.934,target,pistol,0s,1,1,1,25,50,0.5,false
302,16:53:10.631,target,pistol,0s,1,1,1,25,50,0.5,false
303,16:53:11.340,target,pistol,0s,1,1,1,25,50,0.5,false
304,16:53:11.981,target,pistol,0s,1,1,1,25,50,0.5,false
305,16:53:12.784,target,pistol,0s,1,1,1,25,50,0.5,false
306,16:53:13.617,target,pistol,0s,1,1,1,25,50,0.5,false
307,16:53:14.667,target,pistol,0s,1,1,1,25,50,0.5,false
308,16:53:15.452,target,pistol,0s,1,1,1,25,50,0.5,false
309,16:53:16.252,target,pistol,0s,1,1,1,25,50,0.5,false
310,16:53:17.129,target,pistol,0.001s,1,1,1,25,50,0.5,false
311,16:53:17.841,target,pistol,0s,1,1,1,25,50,0.5,false
312,16:53:18.825,target,pistol,0s,1,1,1,25,50,0.5,false
313,16:53:19.531,target,pistol,0s,1,1,1,25,50,0.5,false
314,16:53:20.244,target,pistol,0s,1,1,1,25,50,0.5,false
315,16:53:20.886,target,pistol,0s,1,1,1,25,50,0.5,false
316,16:53:21.587,target,pistol,0s,1,1,1,25,50,0.5,false
317,16:53:22.505,target,pistol,0s,1,1,1,25,50,0.5,false
318,16:53:23.194,target,pistol,0s,1,1,1,25,50,0.5,false
319,16:53:24.103,target,pistol,0.001s,1,1,1,25,50,0.5,false
320,16:53:24.945,target,pistol,0s,1,1,1,25,50,0.5,false
321,16:53:25.524,target,pistol,0s,1,1,1,25,50,0.5,false
322,16:53:26.260,target,pistol,0s,1,1,1,25,50,0.5,false
323,16:53:26.892,target,pistol,0s,1,1,1,25,50,0.5,false
324,16:53:27.344,target,pistol,0s,1,1,1,25,50,0.5,false
325,16:53:28.008,target,pistol,0s,1,1,1,25,50,0.5,false
326,16:53:28.890,target,pistol,0s,1,1,1,25,50,0.5,false
327,16:53:29.589,target,pistol,0s,1,1,1,25,50,0.5,false
328,16:53:30.278,target,pistol,0s,1,1,1,25,50,0.5,false
329,16:53:30.998,target,pistol,0s,1,1,1,25,50,0.5,false
330,16:53:31.670,target,pistol,0.219s,2,1,0.5,25,100,0.25,false
331,16:53:32.575,target,pistol,0s,1,1,1,25,50,0.5,false
332,16:53:33.180,target,pistol,0s,1,1,1,25,50,0.5,false
333,16:53:33.977,target,pistol,0s,1,1,1,25,50,0.5,false
334,16:53:34.661,target,pistol,0s,1,1,1,25,50,0.5,false
335,16:53:35.265,target,pistol,0.001s,1,1,1,25,50,0.5,false
336,16:53:36.007,target,pistol,0s,1,1,1,25,50,0.5,false
337,16:53:36.940,target,pistol,0.451s,2,1,0.5,25,100,0.25,false
338,16:53:37.703,target,pistol,0s,1,1,1,25,50,0.5,false
339,16:53:38.194,target,pistol,0s,1,1,1,25,50,0.5,false
340,16:53:38.945,target,pistol,0s,1,1,1,25,50,0.5,false
341,16:53:39.605,target,pistol,0s,1,1,1,25,50,0.5,false
342,16:53:40.518,target,pistol,0.275s,2,1,0.5,25,100,0.25,false
343,16:53:41.482,target,pistol,0s,1,1,1,25,50,0.5,false
344,16:53:42.216,target,pistol,0s,1,1,1,25,50,0.5,false
345,16:53:42.986,target,pistol,0s,1,1,1,25,50,0.5,false
346,16:53:43.679,target,pistol,0.225s,2,1,0.5,25,100,0.25,false
347,16:53:44.313,target,pistol,0s,1,1,1,25,50,0.5,false
348,16:53:45.012,target,pistol,0s,1,1,1,25,50,0.5,false
349,16:53:45.856,target,pistol,0s,1,1,1,25,50,0.5,false
350,16:53:46.604,target,pistol,0s,1,1,1,25,50,0.5,false
351,16:53:47.452,target,pistol,0s,1,1,1,25,50,0.5,false
352,16:53:48.185,target,pistol,0s,1,1,1,25,50,0.5,false
353,16:53:48.854,target,pistol,0s,1,1,1,25,50,0.5,false
354,16:53:49.577,target,pistol,0s,1,1,1,25,50,0.5,false
355,16:53:50.403,target,pistol,0s,1,1,1,25,50,0.5,false
356,16:53:51.276,target,pistol,0s,1,1,1,25,50,0.5,false
357,16:53:51.970,target,pistol,0s,1,1,1,25,50,0.5,false
358,16:53:52.790,target,pistol,0s,1,1,1,25,50,0.5,false
359,16:53:53.684,target,pistol,0s,1,1,1,25,50,0.5,false
360,16:53:55.169,target,pistol,0.314s,2,1,0.5,25,100,0.25,false
361,16:53:55.739,target,pistol,0s,1,1,1,25,50,0.5,false
362,16:53:56.271,target,pistol,0s,1,1,1,25,50,0.5,false
363,16:53:56.781,target,pistol,0s,1,1,1,25,50,0.5,false
364,16:53:57.410,target,pistol,0s,1,1,1,25,50,0.5,false
365,16:53:58.624,target,pistol,0.674s,2,1,0.5,25,100,0.25,false
366,16:53:59.275,target,pistol,0s,1,1,1,25,50,0.5,false
367,16:54:00.006,target,pistol,0s,1,1,1,25,50,0.5,false
368,16:54:00.568,target,pistol,0s,1,1,1,25,50,0.5,false
369,16:54:01.048,target,pistol,0s,1,1,1,25,50,0.5,false
370,16:54:01.769,target,pistol,0s,1,1,1,25,50,0.5,false
371,16:54:02.431,target,pistol,0s,1,1,1,25,50,0.5,false
372,16:54:03.090,target,pistol,0s,1,1,1,25,50,0.5,false
373,16:54:03.864,target,pistol,0s,1,1,1,25,50,0.5,false
374,16:54:04.357,target,pistol,0s,1,1,1,25,50,0.5,false
375,16:54:05.098,target,pistol,0.001s,1,1,1,25,50,0.5,false
376,16:54:05.725,target,pistol,0.001s,1,1,1,25,50,0.5,false
377,16:54:06.357,target,pistol,0s,1,1,1,25,50,0.5,false
378,16:54:07.147,target,pistol,0s,1,1,1,25,50,0.5,false
379,16:54:08.264,target,pistol,0.498s,2,1,0.5,25,100,0.25,false
380,16:54:08.748,target,pistol,0s,1,1,1,25,50,0.5,false
381,16:54:09.578,target,pistol,0s,1,1,1,25,50,0.5,false
382,16:54:10.158,target,pistol,0s,1,1,1,25,50,0.5,false
383,16:54:11.026,target,pistol,0s,1,1,1,25,50,0.5,false
384,16:54:11.551,target,pistol,0s,1,1,1,25,50,0.5,false
385,16:54:11.988,target,pistol,0s,1,1,1,25,50,0.5,false
386,16:54:12.583,target,pistol,0s,1,1,1,25,50,0.5,false
387,16:54:13.145,target,pistol,0s,1,1,1,25,50,0.5,false
388,16:54:13.714,target,pistol,0s,1,1,1,25,50,0.5,false
389,16:54:14.456,target,pistol,0s,1,1,1,25,50,0.5,false
390,16:54:14.914,target,pistol,0s,1,1,1,25,50,0.5,false
391,16:54:16.096,target,pistol,0.51s,2,1,0.5,25,100,0.25,false
392,16:54:16.630,target,pistol,0s,1,1,1,25,50,0.5,false
393,16:54:17.325,target,pistol,0s,1,1,1,25,50,0.5,false
394,16:54:18.281,target,pistol,0.001s,1,1,1,25,50,0.5,false
395,16:54:19.055,target,pistol,0s,1,1,1,25,50,0.5,false
396,16:54:19.783,target,pistol,0s,1,1,1,25,50,0.5,false
397,16:54:20.508,target,pistol,0s,1,1,1,25,50,0.5,false
398,16:54:21.628,target,pistol,0.35s,2,1,0.5,25,100,0.25,false
399,16:54:22.465,target,pistol,0.001s,1,1,1,25,50,0.5,false
400,16:54:23.190,target,pistol,0s,1,1,1,25,50,0.5,false
401,16:54:24.087,target,pistol,0s,1,1,1,25,50,0.5,false
402,16:54:24.826,target,pistol,0s,1,1,1,25,50,0.5,false
403,16:54:25.510,target,pistol,0s,1,1,1,25,50,0.5,false
404,16:54:26.160,target,pistol,0s,1,1,1,25,50,0.5,false
405,16:54:26.987,target,pistol,0s,1,1,1,25,50,0.5,false
406,16:54:27.641,target,pistol,0s,1,1,1,25,50,0.5,false
407,16:54:28.377,target,pistol,0s,1,1,1,25,50,0.5,false
408,16:54:29.123,target,pistol,0s,1,1,1,25,50,0.5,false
409,16:54:29.811,target,pistol,0s,1,1,1,25,50,0.5,false
410,16:54:30.720,target,pistol,0s,1,1,1,25,50,0.5,false
411,16:54:31.419,target,pistol,0s,1,1,1,25,50,0.5,false
412,16:54:33.161,target,pistol,1.04s,2,1,0.5,25,100,0.25,false
413,16:54:34.544,target,pistol,0s,1,1,1,25,50,0.5,false
414,16:54:35.310,target,pistol,0s,1,1,1,25,50,0.5,false
415,16:54:36.663,target,pistol,0.825s,2,1,0.5,25,100,0.25,false
416,16:54:37.269,target,pistol,0s,1,1,1,25,50,0.5,false
417,16:54:37.991,target,pistol,0s,1,1,1,25,50,0.5,false
418,16:54:38.493,target,pistol,0s,1,1,1,25,50,0.5,false
419,16:54:39.302,target,pistol,0.001s,1,1,1,25,50,0.5,false
420,16:54:39.999,target,pistol,0s,1,1,1,25,50,0.5,false
421,16:54:40.825,target,pistol,0s,1,1,1,25,50,0.5,false
422,16:54:41.390,target,pistol,0s,1,1,1,25,50,0.5,false
423,16:54:42.336,target,pistol,0s,1,1,1,25,50,0.5,false
424,16:54:43.108,target,pistol,0s,1,1,1,25,50,0.5,false
425,16:54:44.260,target,pistol,0s,1,1,1,25,50,0.5,false
426,16:54:45.002,target,pistol,0.001s,1,1,1,25,50,0.5,false
427,16:54:45.875,target,pistol,0s,1,1,1,25,50,0.5,false
428,16:54:46.267,target,pistol,0s,1,1,1,25,50,0.5,false
429,16:54:46.751,target,pistol,0s,1,1,1,25,50,0.5,false
430,16:54:47.294,target,pistol,0s,1,1,1,25,50,0.5,false
431,16:54:48.066,target,pistol,0s,1,1,1,25,50,0.5,false
432,16:54:48.985,target,pistol,0s,1,1,1,25,50,0.5,false
433,16:54:49.981,target,pistol,0.217s,2,1,0.5,25,100,0.25,false
434,16:54:50.658,target,pistol,0s,1,1,1,25,50,0.5,false
435,16:54:51.463,target,pistol,0s,1,1,1,25,50,0.5,false
436,16:54:51.861,target,pistol,0s,1,1,1,25,50,0.5,false
437,16:54:53.288,target,pistol,0.504s,2,1,0.5,25,100,0.25,false
438,16:54:53.884,target,pistol,0s,1,1,1,25,50,0.5,false
439,16:54:54.716,target,pistol,0s,1,1,1,25,50,0.5,false
440,16:54:55.670,target,pistol,0s,1,1,1,25,50,0.5,false
441,16:54:56.497,target,pistol,0.001s,1,1,1,25,50,0.5,false
442,16:54:57.141,target,pistol,0.001s,1,1,1,25,50,0.5,false
443,16:54:57.986,target,pistol,0s,1,1,1,25,50,0.5,false
444,16:54:59.208,target,pistol,0.487s,2,1,0.5,25,100,0.25,false
445,16:54:59.931,target,pistol,0.001s,1,1,1,25,50,0.5,false
446,16:55:00.524,target,pistol,0s,1,1,1,25,50,0.5,false
447,16:55:01.263,target,pistol,0.22s,2,1,0.5,25,100,0.25,false
448,16:55:02.075,target,pistol,0s,1,1,1,25,50,0.5,false
449,16:55:02.758,target,pistol,0s,1,1,1,25,50,0.5,false
450,16:55:03.576,target,pistol,0s,1,1,1,25,50,0.5,false
451,16:55:04.428,target,pistol,0s,1,1,1,25,50,0.5,false
452,16:55:05.300,target,pistol,0s,1,1,1,25,50,0.5,false
453,16:55:06.137,target,pistol,0s,1,1,1,25,50,0.5,false
454,16:55:06.669,target,pistol,0s,1,1,1,25,50,0.5,false
455,16:55:07.675,target,pistol,0.402s,2,1,0.5,25,100,0.25,false
456,16:55:08.422,target,pistol,0s,1,1,1,25,50,0.5,false
457,16:55:09.162,target,pistol,0.001s,1,1,1,25,50,0.5,false
458,16:55:09.781,target,pistol,0s,1,1,1,25,50,0.5,false
459,16:55:10.506,target,pistol,0.001s,1,1,1,25,50,0.5,false
460,16:55:11.348,target,pistol,0s,1,1,1,25,50,0.5,false
461,16:55:12.121,target,pistol,0s,1,1,1,25,50,0.5,false
462,16:55:12.792,target,pistol,0s,1,1,1,25,50,0.5,false
463,16:55:13.406,target,pistol,0s,1,1,1,25,50,0.5,false
464,16:55:14.061,target,pistol,0s,1,1,1,25,50,0.5,false
465,16:55:14.912,target,pistol,0s,1,1,1,25,50,0.5,false
466,16:55:15.528,target,pistol,0s,1,1,1,25,50,0.5,false
467,16:55:16.117,target,pistol,0s,1,1,1,25,50,0.5,false
468,16:55:16.957,target,pistol,0s,1,1,1,25,50,0.5,false
469,16:55:17.666,target,pistol,0s,1,1,1,25,50,0.5,false
470,16:55:18.170,target,pistol,0s,1,1,1,25,50,0.5,false
471,16:55:18.916,target,pistol,0s,1,1,1,25,50,0.5,false
472,16:55:19.646,target,pistol,0s,1,1,1,25,50,0.5,false
473,16:55:20.314,target,pistol,0s,1,1,1,25,50,0.5,false
474,16:55:20.948,target,pistol,0s,1,1,1,25,50,0.5,false
475,16:55:21.717,target,pistol,0s,1,1,1,25,50,0.5,false
476,16:55:22.542,target,pistol,0s,1,1,1,25,50,0.5,false
477,16:55:23.192,target,pistol,0s,1,1,1,25,50,0.5,false
478,16:55:24.072,target,pistol,0s,1,1,1,25,50,0.5,false
479,16:55:24.683,target,pistol,0s,1,1,1,25,50,0.5,false
480,16:55:25.188,target,pistol,0s,1,1,1,25,50,0.5,false
481,16:55:26.009,target,pistol,0s,1,1,1,25,50,0.5,false
482,16:55:26.790,target,pistol,0s,1,1,1,25,50,0.5,false
483,16:55:27.652,target,pistol,0s,1,1,1,25,50,0.5,false
484,16:55:28.418,target,pistol,0.001s,1,1,1,25,50,0.5,false
485,16:55:29.180,target,pistol,0s,1,1,1,25,50,0.5,false
486,16:55:29.684,target,pistol,0.001s,1,1,1,25,50,0.5,false
487,16:55:30.134,target,pistol,0s,1,1,1,25,50,0.5,false
488,16:55:31.223,target,pistol,0.409s,2,1,0.5,25,100,0.25,false
489,16:55:31.899,target,pistol,0s,1,1,1,25,50,0.5,false
490,16:55:32.532,target,pistol,0s,1,1,1,25,50,0.5,false
491,16:55:33.212,target,pistol,0s,1,1,1,25,50,0.5,false
492,16:55:33.929,target,pistol,0s,1,1,1,25,50,0.5,false
493,16:55:34.747,target,pistol,0.22s,2,1,0.5,25,100,0.25,false
494,16:55:35.433,target,pistol,0s,1,1,1,25,50,0.5,false
495,16:55:36.263,target,pistol,0s,1,1,1,25,50,0.5,false
496,16:55:36.987,target,pistol,0s,1,1,1,25,50,0.5,false
497,16:55:37.673,target,pistol,0s,1,1,1,25,50,0.5,false
498,16:55:38.168,target,pistol,0s,1,1,1,25,50,0.5,false
499,16:55:39.105,target,pistol,0s,1,1,1,25,50,0.5,false
500,16:55:39.835,target,pistol,0s,1,1,1,25,50,0.5,false
501,16:55:40.290,target,pistol,0s,1,1,1,25,50,0.5,false
502,16:55:40.784,target,pistol,0s,1,1,1,25,50,0.5,false
503,16:55:41.553,target,pistol,0s,1,1,1,25,50,0.5,false
504,16:55:42.435,target,pistol,0s,1,1,1,25,50,0.5,false
505,16:55:42.849,target,pistol,0.001s,1,1,1,25,50,0.5,false
506,16:55:43.649,target,pistol,0s,1,1,1,25,50,0.5,false
507,16:55:44.352,target,pistol,0s,1,1,1,25,50,0.5,false
508,16:55:45.206,target,pistol,0s,1,1,1,25,50,0.5,false
509,16:55:45.959,target,pistol,0s,1,1,1,25,50,0.5,false
510,16:55:46.489,target,pistol,0s,1,1,1,25,50,0.5,false
511,16:55:47.127,target,pistol,0s,1,1,1,25,50,0.5,false
512,16:55:47.796,target,pistol,0s,1,1,1,25,50,0.5,false
513,16:55:48.465,target,pistol,0s,1,1,1,25,50,0.5,false
514,16:55:49.115,target,pistol,0s,1,1,1,25,50,0.5,false
515,16:55:49.868,target,pistol,0s,1,1,1,25,50,0.5,false
516,16:55:50.548,target,pistol,0s,1,1,1,25,50,0.5,false
517,16:55:51.292,target,pistol,0.001s,1,1,1,25,50,0.5,false
518,16:55:52.032,target,pistol,0s,1,1,1,25,50,0.5,false
519,16:55:52.790,target,pistol,0s,1,1,1,25,50,0.5,false
520,16:55:53.488,target,pistol,0s,1,1,1,25,50,0.5,false
521,16:55:53.958,target,pistol,0s,1,1,1,25,50,0.5,false
522,16:55:54.611,target,pistol,0.269s,2,1,0.5,25,100,0.25,false
523,16:55:55.042,target,pistol,0s,1,1,1,25,50,0.5,false
524,16:55:55.745,target,pistol,0s,1,1,1,25,50,0.5,false
525,16:55:56.614,target,pistol,0.001s,1,1,1,25,50,0.5,false
526,16:55:57.471,target,pistol,0s,1,1,1,25,50,0.5,false
527,16:55:58.194,target,pistol,0s,1,1,1,25,50,0.5,false
528,16:55:58.625,target,pistol,0s,1,1,1,25,50,0.5,false
529,16:55:59.209,target,pistol,0s,1,1,1,25,50,0.5,false
530,16:56:00.062,target,pistol,0s,1,1,1,25,50,0.5,false
531,16:56:00.603,target,pistol,0s,1,1,1,25,50,0.5,false
532,16:56:02.197,target,pistol,0.893s,2,1,0.5,25,100,0.25,false
533,16:56:02.677,target,pistol,0s,1,1,1,25,50,0.5,false
534,16:56:03.443,target,pistol,0s,1,1,1,25,50,0.5,false
535,16:56:04.254,target,pistol,0s,1,1,1,25,50,0.5,false
536,16:56:04.855,target,pistol,0s,1,1,1,25,50,0.5,false
537,16:56:05.547,target,pistol,0s,1,1,1,25,50,0.5,false
538,16:56:06.360,target,pistol,0s,1,1,1,25,50,0.5,false
539,16:56:07.018,target,pistol,0.001s,1,1,1,25,50,0.5,false
540,16:56:07.629,target,pistol,0s,1,1,1,25,50,0.5,false
541,16:56:08.344,target,pistol,0s,1,1,1,25,50,0.5,false
542,16:56:09.102,target,pistol,0s,1,1,1,25,50,0.5,false
543,16:56:09.542,target,pistol,0s,1,1,1,25,50,0.5,false
544,16:56:10.178,target,pistol,0s,1,1,1,25,50,0.5,false
545,16:56:10.802,target,pistol,0s,1,1,1,25,50,0.5,false
546,16:56:11.268,target,pistol,0s,1,1,1,25,50,0.5,false
547,16:56:11.878,target,pistol,0s,1,1,1,25,50,0.5,false
548,16:56:12.600,target,pistol,0.001s,1,1,1,25,50,0.5,false
549,16:56:14.687,target,pistol,1.111s,3,1,0.333,25,150,0.167,false
550,16:56:15.940,target,pistol,0.777s,2,1,0.5,25,100,0.25,false
551,16:56:16.475,target,pistol,0.001s,1,1,1,25,50,0.5,false
552,16:56:17.134,target,pistol,0.001s,1,1,1,25,50,0.5,false
553,16:56:17.753,target,pistol,0s,1,1,1,25,50,0.5,false
554,16:56:18.499,target,pistol,0s,1,1,1,25,50,0.5,false
555,16:56:19.291,target,pistol,0s,1,1,1,25,50,0.5,false
556,16:56:19.989,target,pistol,0s,1,1,1,25,50,0.5,false
557,16:56:20.631,target,pistol,0s,1,1,1,25,50,0.5,false
558,16:56:21.221,target,pistol,0s,1,1,1,25,50,0.5,false
559,16:56:21.928,target,pistol,0s,1,1,1,25,50,0.5,false
560,16:56:22.496,target,pistol,0s,1,1,1,25,50,0.5,false
561,16:56:23.228,target,pistol,0s,1,1,1,25,50,0.5,false
562,16:56:23.892,target,pistol,0.001s,1,1,1,25,50,0.5,false
563,16:56:24.540,target,pistol,0s,1,1,1,25,50,0.5,false
564,16:56:25.252,target,pistol,0s,1,1,1,25,50,0.5,false
565,16:56:26.170,target,pistol,0s,1,1,1,25,50,0.5,false
566,16:56:26.920,target,pistol,0s,1,1,1,25,50,0.5,false
567,16:56:28.044,target,pistol,0.319s,2,1,0.5,25,100,0.25,false
568,16:56:29.329,target,pistol,0.508s,2,1,0.5,25,100,0.25,false
569,16:56:30.032,target,pistol,0s,1,1,1,25,50,0.5,false
570,16:56:31.547,target,pistol,0.846s,3,1,0.333,25,150,0.167,false
571,16:56:32.324,target,pistol,0s,1,1,1,25,50,0.5,false
572,16:56:33.117,target,pistol,0s,1,1,1,25,50,0.5,false
573,16:56:33.920,target,pistol,0s,1,1,1,25,50,0.5,false
574,16:56:34.670,target,pistol,0s,1,1,1,25,50,0.5,false
575,16:56:35.483,target,pistol,0s,1,1,1,25,50,0.5,false
576,16:56:37.017,target,pistol,0.575s,2,1,0.5,25,100,0.25,false
577,16:56:37.636,target,pistol,0s,1,1,1,25,50,0.5,false
578,16:56:38.365,target,pistol,0s,1,1,1,25,50,0.5,false
579,16:56:38.966,target,pistol,0s,1,1,1,25,50,0.5,false
580,16:56:39.538,target,pistol,0s,1,1,1,25,50,0.5,false
581,16:56:40.113,target,pistol,0s,1,1,1,25,50,0.5,false
582,16:56:40.595,target,pistol,0.001s,1,1,1,25,50,0.5,false
583,16:56:41.247,target,pistol,0s,1,1,1,25,50,0.5,false
584,16:56:41.651,target,pistol,0s,1,1,1,25,50,0.5,false
585,16:56:42.351,target,pistol,0.001s,1,1,1,25,50,0.5,false
586,16:56:43.011,target,pistol,0s,1,1,1,25,50,0.5,false
587,16:56:43.930,target,pistol,0s,1,1,1,25,50,0.5,false
588,16:56:44.529,target,pistol,0s,1,1,1,25,50,0.5,false
589,16:56:45.079,target,pistol,0s,1,1,1,25,50,0.5,false
590,16:56:45.874,target,pistol,0s,1,1,1,25,50,0.5,false
591,16:56:46.426,target,pistol,0s,1,1,1,25,50,0.5,false
592,16:56:46.976,target,pistol,0s,1,1,1,25,50,0.5,false
593,16:56:47.800,target,pistol,0.001s,1,1,1,25,50,0.5,false
594,16:56:48.387,target,pistol,0.001s,1,1,1,25,50,0.5,false
595,16:56:49.106,target,pistol,0s,1,1,1,25,50,0.5,false
596,16:56:49.831,target,pistol,0s,1,1,1,25,50,0.5,false
597,16:56:50.530,target,pistol,0.001s,1,1,1,25,50,0.5,false
598,16:56:51.443,target,pistol,0s,1,1,1,25,50,0.5,false
599,16:56:52.139,target,pistol,0s,1,1,1,25,50,0.5,false
600,16:56:52.808,target,pistol,0s,1,1,1,25,50,0.5,false
601,16:56:53.682,target,pistol,0s,1,1,1,25,50,0.5,false
602,16:56:54.489,target,pistol,0.001s,1,1,1,25,50,0.5,false
603,16:56:55.052,target,pistol,0s,1,1,1,25,50,0.5,false
604,16:56:55.788,target,pistol,0s,1,1,1,25,50,0.5,false
605,16:56:56.347,target,pistol,0s,1,1,1,25,50,0.5,false
606,16:56:57.220,target,pistol,0s,1,1,1,25,50,0.5,false
607,16:56:57.674,target,pistol,0s,1,1,1,25,50,0.5,false
608,16:56:58.262,target,pistol,0s,1,1,1,25,50,0.5,false
609,16:56:59.120,target,pistol,0s,1,1,1,25,50,0.5,false
610,16:56:59.787,target,pistol,0.001s,1,1,1,25,50,0.5,false
611,16:57:00.576,target,pistol,0s,1,1,1,25,50,0.5,false
612,16:57:02.008,target,pistol,0.65s,2,1,0.5,25,100,0.25,false
613,16:57:02.519,target,pistol,0.001s,1,1,1,25,50,0.5,false
614,16:57:03.489,target,pistol,0s,1,1,1,25,50,0.5,false
615,16:57:03.986,target,pistol,0s,1,1,1,25,50,0.5,false
616,16:57:04.568,target,pistol,0s,1,1,1,25,50,0.5,false
617,16:57:05.623,target,pistol,0s,1,1,1,25,50,0.5,false
618,16:57:06.165,target,pistol,0s,1,1,1,25,50,0.5,false
619,16:57:07.046,target,pistol,0s,1,1,1,25,50,0.5,false
620,16:57:07.526,target,pistol,0s,1,1,1,25,50,0.5,false
621,16:57:08.594,target,pistol,0.287s,2,1,0.5,25,100,0.25,false
622,16:57:09.567,target,pistol,0s,1,1,1,25,50,0.5,false
623,16:57:10.438,target,pistol,0s,1,1,1,25,50,0.5,false
624,16:57:11.184,target,pistol,0s,1,1,1,25,50,0.5,false
625,16:57:12.078,target,pistol,0s,1,1,1,25,50,0.5,false
626,16:57:12.674,target,pistol,0s,1,1,1,25,50,0.5,false
627,16:57:13.296,target,pistol,0s,1,1,1,25,50,0.5,false
628,16:57:13.906,target,pistol,0s,1,1,1,25,50,0.5,false
629,16:57:14.572,target,pistol,0s,1,1,1,25,50,0.5,false
630,16:57:16.045,target,pistol,0.741s,2,1,0.5,25,100,0.25,false
631,16:57:16.719,target,pistol,0.001s,1,1,1,25,50,0.5,false
632,16:57:17.499,target,pistol,0.001s,1,1,1,25,50,0.5,false
633,16:57:18.340,target,pistol,0s,1,1,1,25,50,0.5,false
634,16:57:18.920,target,pistol,0s,1,1,1,25,50,0.5,false
635,16:57:19.704,target,pistol,0s,1,1,1,25,50,0.5,false
636,16:57:20.334,target,pistol,0s,1,1,1,25,50,0.5,false
637,16:57:21.121,target,pistol,0s,1,1,1,25,50,0.5,false
638,16:57:21.880,target,pistol,0s,1,1,1,25,50,0.5,false
639,16:57:22.499,target,pistol,0s,1,1,1,25,50,0.5,false
640,16:57:23.199,target,pistol,0s,1,1,1,25,50,0.5,false
641,16:57:23.906,target,pistol,0s,1,1,1,25,50,0.5,false
642,16:57:25.183,target,pistol,0.796s,2,1,0.5,25,100,0.25,false
643,16:57:25.830,target,pistol,0.001s,1,1,1,25,50,0.5,false
644,16:57:26.465,target,pistol,0s,1,1,1,25,50,0.5,false
645,16:57:27.315,target,pistol,0s,1,1,1,25,50,0.5,false
646,16:57:28.269,target,pistol,0.226s,2,1,0.5,25,100,0.25,false
647,16:57:28.814,target,pistol,0s,1,1,1,25,50,0.5,false
648,16:57:29.551,target,pistol,0.001s,1,1,1,25,50,0.5,false
649,16:57:30.123,target,pistol,0s,1,1,1,25,50,0.5,false
650,16:57:30.746,target,pistol,0s,1,1,1,25,50,0.5,false
651,16:57:31.506,target,pistol,0s,1,1,1,25,50,0.5,false
652,16:57:32.316,target,pistol,0s,1,1,1,25,50,0.5,false
653,16:57:33.080,target,pistol,0.001s,1,1,1,25,50,0.5,false
654,16:57:33.781,target,pistol,0s,1,1,1,25,50,0.5,false
655,16:57:34.432,target,pistol,0s,1,1,1,25,50,0.5,false
656,16:57:35.087,target,pistol,0s,1,1,1,25,50,0.5,false
657,16:57:35.920,target,pistol,0s,1,1,1,25,50,0.5,false
658,16:57:36.478,target,pistol,0s,1,1,1,25,50,0.5,false
659,16:57:37.095,target,pistol,0s,1,1,1,25,50,0.5,false
660,16:57:37.648,target,pistol,0s,1,1,1,25,50,0.5,false
661,16:57:38.321,target,pistol,0s,1,1,1,25,50,0.5,false
662,16:57:38.949,target,pistol,0s,1,1,1,25,50,0.5,false
663,16:57:39.744,target,pistol,0s,1,1,1,25,50,0.5,false
664,16:57:40.599,target,pistol,0s,1,1,1,25,50,0.5,false
665,16:57:41.346,target,pistol,0s,1,1,1,25,50,0.5,false
666,16:57:41.947,target,pistol,0s,1,1,1,25,50,0.5,false
667,16:57:42.516,target,pistol,0s,1,1,1,25,50,0.5,false
668,16:57:43.293,target,pistol,0.577s,2,1,0.5,25,100,0.25,false
669,16:57:43.909,target,pistol,0s,1,1,1,25,50,0.5,false
670,16:57:44.897,target,pistol,0.283s,2,1,0.5,25,100,0.25,false
671,16:57:45.530,target,pistol,0s,1,1,1,25,50,0.5,false
672,16:57:46.155,target,pistol,0.001s,1,1,1,25,50,0.5,false
673,16:57:46.734,target,pistol,0s,1,1,1,25,50,0.5,false
674,16:57:47.267,target,pistol,0s,1,1,1,25,50,0.5,false
675,16:57:48.156,target,pistol,0s,1,1,1,25,50,0.5,false
676,16:57:48.871,target,pistol,0s,1,1,1,25,50,0.5,false
677,16:57:49.428,target,pistol,0s,1,1,1,25,50,0.5,false
678,16:57:50.129,target,pistol,0s,1,1,1,25,50,0.5,false
679,16:57:51.284,target,pistol,0.397s,2,1,0.5,25,100,0.25,false
680,16:57:51.901,target,pistol,0s,1,1,1,25,50,0.5,false
681,16:57:52.685,target,pistol,0s,1,1,1,25,50,0.5,false
682,16:57:53.341,target,pistol,0s,1,1,1,25,50,0.5,false
683,16:57:53.742,target,pistol,0s,1,1,1,25,50,0.5,false
684,16:57:54.603,target,pistol,0s,1,1,1,25,50,0.5,false
685,16:57:55.076,target,pistol,0s,1,1,1,25,50,0.5,false
686,16:57:55.599,target,pistol,0s,1,1,1,25,50,0.5,false
687,16:57:56.334,target,pistol,0s,1,1,1,25,50,0.5,false
688,16:57:56.794,target,pistol,0s,1,1,1,25,50,0.5,false
689,16:57:57.194,target,pistol,0s,1,1,1,25,50,0.5,false
690,16:57:57.668,target,pistol,0s,1,1,1,25,50,0.5,false
691,16:57:58.327,target,pistol,0s,1,1,1,25,50,0.5,false
692,16:57:59.108,target,pistol,0.199s,2,1,0.5,25,100,0.25,false
693,16:57:59.840,target,pistol,0s,1,1,1,25,50,0.5,false
694,16:58:00.608,target,pistol,0s,1,1,1,25,50,0.5,false
695,16:58:01.123,target,pistol,0s,1,1,1,25,50,0.5,false
696,16:58:01.632,target,pistol,0.001s,1,1,1,25,50,0.5,false
697,16:58:02.505,target,pistol,0s,1,1,1,25,50,0.5,false
698,16:58:03.213,target,pistol,0s,1,1,1,25,50,0.5,false
699,16:58:03.849,target,pistol,0s,1,1,1,25,50,0.5,false
700,16:58:04.674,target,pistol,0s,1,1,1,25,50,0.5,false
701,16:58:05.312,target,pistol,0s,1,1,1,25,50,0.5,false
702,16:58:05.959,target,pistol,0s,1,1,1,25,50,0.5,false
703,16:58:06.596,target,pistol,0s,1,1,1,25,50,0.5,false
704,16:58:08.112,target,pistol,0.487s,2,1,0.5,25,100,0.25,false
705,16:58:08.684,target,pistol,0s,1,1,1,25,50,0.5,false
706,16:58:09.106,target,pistol,0s,1,1,1,25,50,0.5,false
707,16:58:09.885,target,pistol,0s,1,1,1,25,50,0.5,false
708,16:58:10.459,target,pistol,0s,1,1,1,25,50,0.5,false
709,16:58:11.001,target,pistol,0s,1,1,1,25,50,0.5,false
710,16:58:12.078,target,pistol,0.283s,2,1,0.5,25,100,0.25,false
711,16:58:12.978,target,pistol,0s,1,1,1,25,50,0.5,false
712,16:58:13.578,target,pistol,0s,1,1,1,25,50,0.5,false
713,16:58:14.351,target,pistol,0s,1,1,1,25,50,0.5,false
714,16:58:14.957,target,pistol,0s,1,1,1,25,50,0.5,false
715,16:58:15.516,target,pistol,0s,1,1,1,25,50,0.5,false
716,16:58:16.249,target,pistol,0s,1,1,1,25,50,0.5,false
717,16:58:16.756,target,pistol,0s,1,1,1,25,50,0.5,false
718,16:58:17.413,target,pistol,0s,1,1,1,25,50,0.5,false
719,16:58:18.146,target,pistol,0s,1,1,1,25,50,0.5,false
720,16:58:18.775,target,pistol,0.001s,1,1,1,25,50,0.5,false
721,16:58:19.554,target,pistol,0s,1,1,1,25,50,0.5,false
722,16:58:20.160,target,pistol,0.001s,1,1,1,25,50,0.5,false
723,16:58:20.641,target,pistol,0s,1,1,1,25,50,0.5,false
724,16:58:21.539,target,pistol,0s,1,1,1,25,50,0.5,false
725,16:58:22.210,target,pistol,0s,1,1,1,25,50,0.5,false
726,16:58:22.832,target,pistol,0s,1,1,1,25,50,0.5,false
727,16:58:24.496,target,pistol,0.927s,2,1,0.5,25,100,0.25,false
728,16:58:25.178,target,pistol,0s,1,1,1,25,50,0.5,false
729,16:58:25.774,target,pistol,0s,1,1,1,25,50,0.5,false
730,16:58:26.360,target,pistol,0s,1,1,1,25,50,0.5,false
731,16:58:27.122,target,pistol,0s,1,1,1,25,50,0.5,false
732,16:58:28.007,target,pistol,0.23s,2,1,0.5,25,100,0.25,false
733,16:58:28.541,target,pistol,0s,1,1,1,25,50,0.5,false
734,16:58:29.148,target,pistol,0s,1,1,1,25,50,0.5,false
735,16:58:29.620,target,pistol,0s,1,1,1,25,50,0.5,false
736,16:58:31.563,target,pistol,1.082s,3,1,0.333,25,150,0.167,false
737,16:58:32.262,target,pistol,0s,1,1,1,25,50,0.5,false
738,16:58:34.811,target,pistol,1.711s,3,1,0.333,25,150,0.167,false
739,16:58:36.485,target,pistol,0.897s,3,1,0.333,25,150,0.167,false
740,16:58:37.246,target,pistol,0s,1,1,1,25,50,0.5,false
741,16:58:37.883,target,pistol,0s,1,1,1,25,50,0.5,false
742,16:58:38.919,target,pistol,0s,1,1,1,25,50,0.5,false
743,16:58:39.598,target,pistol,0s,1,1,1,25,50,0.5,false
744,16:58:40.274,target,pistol,0s,1,1,1,25,50,0.5,false
745,16:58:40.885,target,pistol,0s,1,1,1,25,50,0.5,false
746,16:58:41.539,target,pistol,0s,1,1,1,25,50,0.5,false
747,16:58:42.160,target,pistol,0s,1,1,1,25,50,0.5,false
748,16:58:42.858,target,pistol,0s,1,1,1,25,50,0.5,false
749,16:58:43.512,target,pistol,0s,1,1,1,25,50,0.5,false
750,16:58:44.372,target,pistol,0s,1,1,1,25,50,0.5,false
751,16:58:45.157,target,pistol,0s,1,1,1,25,50,0.5,false
752,16:58:45.883,target,pistol,0s,1,1,1,25,50,0.5,false
753,16:58:46.619,target,pistol,0s,1,1,1,25,50,0.5,false
754,16:58:47.114,target,pistol,0s,1,1,1,25,50,0.5,false
755,16:58:48.534,target,pistol,0.761s,2,1,0.5,25,100,0.25,false
756,16:58:49.246,target,pistol,0s,1,1,1,25,50,0.5,false
757,16:58:50.200,target,pistol,0s,1,1,1,25,50,0.5,false
758,16:58:50.761,target,pistol,0s,1,1,1,25,50,0.5,false
759,16:58:51.311,target,pistol,0s,1,1,1,25,50,0.5,false
760,16:58:51.908,target,pistol,0s,1,1,1,25,50,0.5,false
761,16:58:52.523,target,pistol,0s,1,1,1,25,50,0.5,false
762,16:58:53.172,target,pistol,0s,1,1,1,25,50,0.5,false
763,16:58:53.890,target,pistol,0s,1,1,1,25,50,0.5,false
764,16:58:54.956,target,pistol,0s,1,1,1,25,50,0.5,false
765,16:58:55.566,target,pistol,0.001s,1,1,1,25,50,0.5,false
766,16:58:56.440,target,pistol,0s,1,1,1,25,50,0.5,false
767,16:58:57.055,target,pistol,0.001s,1,1,1,25,50,0.5,false
768,16:58:57.760,target,pistol,0s,1,1,1,25,50,0.5,false
769,16:58:58.358,target,pistol,0s,1,1,1,25,50,0.5,false
770,16:58:59.076,target,pistol,0s,1,1,1,25,50,0.5,false
771,16:59:00.286,target,pistol,0.279s,2,1,0.5,25,100,0.25,false
772,16:59:00.692,target,pistol,0s,1,1,1,25,50,0.5,false
773,16:59:01.272,target,pistol,0s,1,1,1,25,50,0.5,false
774,16:59:01.853,target,pistol,0s,1,1,1,25,50,0.5,false
775,16:59:03.064,target,pistol,0.664s,2,1,0.5,25,100,0.25,false
776,16:59:04.060,target,pistol,0s,1,1,1,25,50,0.5,false
777,16:59:04.920,target,pistol,0s,1,1,1,25,50,0.5,false
778,16:59:05.780,target,pistol,0s,1,1,1,25,50,0.5,false
779,16:59:06.647,target,pistol,0s,1,1,1,25,50,0.5,false
780,16:59:07.288,target,pistol,0s,1,1,1,25,50,0.5,false
781,16:59:07.747,target,pistol,0s,1,1,1,25,50,0.5,false
782,16:59:08.625,target,pistol,0.001s,1,1,1,25,50,0.5,false
783,16:59:09.547,target,pistol,0.231s,2,1,0.5,25,100,0.25,false
784,16:59:10.447,target,pistol,0.292s,2,1,0.5,25,100,0.25,false
785,16:59:11.072,target,pistol,0.001s,1,1,1,25,50,0.5,false
786,16:59:11.812,target,pistol,0s,1,1,1,25,50,0.5,false
787,16:59:12.664,target,pistol,0s,1,1,1,25,50,0.5,false
788,16:59:13.320,target,pistol,0s,1,1,1,25,50,0.5,false
789,16:59:13.837,target,pistol,0.001s,1,1,1,25,50,0.5,false
790,16:59:14.523,target,pistol,0s,1,1,1,25,50,0.5,false

Weapon,Shots,Hits,Damage Done,Damage Possible,,Sens Scale,Horiz Sens,Vert Sens,FOV,Hide Gun,Crosshair,Crosshair Scale,Crosshair Color,ADS Sens,ADS Zoom Scale
pistol,874,790,19750.0,43700.0,,,,,,false,plus.png,1.0,FFFF00,,,

Kills:,790
Deaths:,0
Fight Time:,38.935001
Avg TTK:,0
Damage Done:,19750.0
Damage Taken:,0.0
Midairs:,0
Midaired:,0
Directs:,0
Directed:,0
Reloads:,0
Distance Traveled:,0.0
Score:,7140.731934
Scenario:,1wall 6targets small - 10 Minutes
Hash:,5539d832a59081329735eea68cfb4274
Game Version:,2.0.5.3
Challenge Start:,16:49:14.540
Pause Count:,3
Pause Duration:,4080

Input Lag:,0
Max FPS (config):,999.0
Sens Scale:,Call of Duty
Horiz Sens:,7.5
Vert Sens:,7.5
FOV:,100.0
Hide Gun:,false
Crosshair:,plus.png
Crosshair Scale:,1.0
Crosshair Color:,FFFF00
Resolution,1920x1080
Avg FPS,325.086853
Resolution Scale,100.0
