Kill #,Timestamp,Bot,Weapon,TTK,Shots,Hits,Accuracy,Damage Done,Damage Possible,Efficiency,Cheated
1,16:42:56.804,target,pistol,0s,1,1,1,100,400,0.25,false
2,16:42:57.661,target,pistol,0s,1,1,1,100,400,0.25,false
3,16:42:58.101,target,pistol,0s,1,1,1,100,400,0.25,false
4,16:42:58.804,target,pistol,0.001s,1,1,1,100,400,0.25,false
5,16:43:00.052,target,pistol,0.188s,2,1,0.5,100,800,0.125,false
6,16:43:00.715,target,pistol,0s,1,1,1,100,400,0.25,false
7,16:43:01.691,target,pistol,0s,1,1,1,100,400,0.25,false
8,16:43:02.498,target,pistol,0.318s,2,1,0.5,100,800,0.125,false
9,16:43:02.866,target,pistol,0s,1,1,1,100,400,0.25,false
10,16:43:03.638,target,pistol,0s,1,1,1,100,400,0.25,false
11,16:43:04.086,target,pistol,0s,1,1,1,100,400,0.25,false
12,16:43:04.846,target,pistol,0s,1,1,1,100,400,0.25,false
13,16:43:05.888,target,pistol,0s,1,1,1,100,400,0.25,false
14,16:43:06.711,target,pistol,0.3s,2,1,0.5,100,800,0.125,false
15,16:43:07.098,target,pistol,0s,1,1,1,100,400,0.25,false
16,16:43:08.047,target,pistol,0.236s,2,1,0.5,100,800,0.125,false
17,16:43:08.488,target,pistol,0.001s,1,1,1,100,400,0.25,false
18,16:43:08.954,target,pistol,0s,1,1,1,100,400,0.25,false
19,16:43:09.953,target,pistol,0.001s,1,1,1,100,400,0.25,false
20,16:43:10.566,target,pistol,0s,1,1,1,100,400,0.25,false
21,16:43:11.037,target,pistol,0s,1,1,1,100,400,0.25,false
22,16:43:11.747,target,pistol,0.285s,2,1,0.5,100,800,0.125,false
23,16:43:12.590,target,pistol,0.294s,2,1,0.5,100,800,0.125,false
24,16:43:13.932,target,pistol,0s,1,1,1,100,400,0.25,false
25,16:43:14.973,target,pistol,0.271s,2,1,0.5,100,800,0.125,false
26,16:43:15.695,target,pistol,0s,1,1,1,100,400,0.25,false
27,16:43:16.195,target,pistol,0.001s,1,1,1,100,400,0.25,false
28,16:43:16.956,target,pistol,0.193s,2,1,0.5,100,800,0.125,false
29,16:43:17.740,target,pistol,0s,1,1,1,100,400,0.25,false
30,16:43:18.199,target,pistol,0s,1,1,1,100,400,0.25,false
31,16:43:18.739,target,pistol,0s,1,1,1,100,400,0.25,false
32,16:43:19.249,target,pistol,0s,1,1,1,100,400,0.25,false
33,16:43:19.817,target,pistol,0s,1,1,1,100,400,0.25,false
34,16:43:20.865,target,pistol,0.435s,2,1,0.5,100,800,0.125,false
35,16:43:21.371,target,pistol,0s,1,1,1,100,400,0.25,false
36,16:43:22.010,target,pistol,0s,1,1,1,100,400,0.25,false
37,16:43:23.620,target,pistol,0.97s,3,1,0.333,100,1200,0.083,false
38,16:43:24.182,target,pistol,0.001s,1,1,1,100,400,0.25,false
39,16:43:24.879,target,pistol,0s,1,1,1,100,400,0.25,false
40,16:43:25.458,target,pistol,0s,1,1,1,100,400,0.25,false
41,16:43:26.433,target,pistol,0.397s,2,1,0.5,100,800,0.125,false
42,16:43:27.306,target,pistol,0.196s,2,1,0.5,100,800,0.125,false
43,16:43:27.803,target,pistol,0s,1,1,1,100,400,0.25,false
44,16:43:28.541,target,pistol,0.001s,1,1,1,100,400,0.25,false
45,16:43:29.396,target,pistol,0s,1,1,1,100,400,0.25,false
46,16:43:30.451,target,pistol,0.368s,2,1,0.5,100,800,0.125,false
47,16:43:31.057,target,pistol,0s,1,1,1,100,400,0.25,false
48,16:43:31.605,target,pistol,0s,1,1,1,100,400,0.25,false
49,16:43:32.043,target,pistol,0s,1,1,1,100,400,0.25,false
50,16:43:32.668,target,pistol,0s,1,1,1,100,400,0.25,false
51,16:43:33.312,target,pistol,0s,1,1,1,100,400,0.25,false
52,16:43:34.255,target,pistol,0.289s,2,1,0.5,100,800,0.125,false
53,16:43:35.091,target,pistol,0.247s,2,1,0.5,100,800,0.125,false
54,16:43:35.617,target,pistol,0s,1,1,1,100,400,0.25,false
55,16:43:36.107,target,pistol,0s,1,1,1,100,400,0.25,false
56,16:43:36.919,target,pistol,0.315s,2,1,0.5,100,800,0.125,false
57,16:43:37.522,target,pistol,0s,1,1,1,100,400,0.25,false
58,16:43:38.492,target,pistol,0.387s,2,1,0.5,100,800,0.125,false
59,16:43:39.012,target,pistol,0s,1,1,1,100,400,0.25,false
60,16:43:39.549,target,pistol,0s,1,1,1,100,400,0.25,false
61,16:43:40.023,target,pistol,0s,1,1,1,100,400,0.25,false
62,16:43:40.640,target,pistol,0s,1,1,1,100,400,0.25,false
63,16:43:41.071,target,pistol,0s,1,1,1,100,400,0.25,false
64,16:43:42.412,target,pistol,0.858s,3,1,0.333,100,1200,0.083,false
65,16:43:42.917,target,pistol,0s,1,1,1,100,400,0.25,false
66,16:43:43.478,target,pistol,0s,1,1,1,100,400,0.25,false
67,16:43:44.030,target,pistol,0s,1,1,1,100,400,0.25,false
68,16:43:44.604,target,pistol,0s,1,1,1,100,400,0.25,false
69,16:43:45.100,target,pistol,0s,1,1,1,100,400,0.25,false
70,16:43:46.251,target,pistol,0.595s,3,1,0.333,100,1200,0.083,false
71,16:43:47.350,target,pistol,0.398s,2,1,0.5,100,800,0.125,false
72,16:43:47.945,target,pistol,0s,1,1,1,100,400,0.25,false
73,16:43:48.404,target,pistol,0s,1,1,1,100,400,0.25,false
74,16:43:48.894,target,pistol,0s,1,1,1,100,400,0.25,false
75,16:43:49.430,target,pistol,0s,1,1,1,100,400,0.25,false
76,16:43:50.365,target,pistol,0.519s,2,1,0.5,100,800,0.125,false
77,16:43:51.274,target,pistol,0.384s,2,1,0.5,100,800,0.125,false
78,16:43:51.801,target,pistol,0s,1,1,1,100,400,0.25,false
79,16:43:53.135,target,pistol,0.804s,3,1,0.333,100,1200,0.083,false
80,16:43:53.696,target,pistol,0s,1,1,1,100,400,0.25,false
81,16:43:54.213,target,pistol,0s,1,1,1,100,400,0.25,false
82,16:43:54.755,target,pistol,0s,1,1,1,100,400,0.25,false
83,16:43:55.534,target,pistol,0.291s,2,1,0.5,100,800,0.125,false
84,16:43:56.307,target,pistol,0.338s,2,1,0.5,100,800,0.125,false
85,16:43:56.797,target,pistol,0s,1,1,1,100,400,0.25,false
86,16:43:57.434,target,pistol,0s,1,1,1,100,400,0.25,false
87,16:43:58.473,target,pistol,0.329s,2,1,0.5,100,800,0.125,false
88,16:43:59.045,target,pistol,0s,1,1,1,100,400,0.25,false
89,16:43:59.709,target,pistol,0s,1,1,1,100,400,0.25,false
90,16:44:00.291,target,pistol,0s,1,1,1,100,400,0.25,false
91,16:44:00.809,target,pistol,0s,1,1,1,100,400,0.25,false
92,16:44:01.311,target,pistol,0s,1,1,1,100,400,0.25,false
93,16:44:02.276,target,pistol,0.372s,2,1,0.5,100,800,0.125,false
94,16:44:03.151,target,pistol,0.359s,2,1,0.5,100,800,0.125,false
95,16:44:03.566,target,pistol,0s,1,1,1,100,400,0.25,false
96,16:44:04.412,target,pistol,0.332s,2,1,0.5,100,800,0.125,false
97,16:44:05.259,target,pistol,0s,1,1,1,100,400,0.25,false
98,16:44:05.771,target,pistol,0s,1,1,1,100,400,0.25,false
99,16:44:06.219,target,pistol,0s,1,1,1,100,400,0.25,false
100,16:44:06.702,target,pistol,0s,1,1,1,100,400,0.25,false
101,16:44:07.185,target,pistol,0s,1,1,1,100,400,0.25,false
102,16:44:08.233,target,pistol,0.397s,2,1,0.5,100,800,0.125,false
103,16:44:09.654,target,pistol,0.907s,3,1,0.333,100,1200,0.083,false
104,16:44:10.611,target,pistol,0.41s,2,1,0.5,100,800,0.125,false
105,16:44:11.102,target,pistol,0s,1,1,1,100,400,0.25,false
106,16:44:11.892,target,pistol,0.4s,2,1,0.5,100,800,0.125,false
107,16:44:12.959,target,pistol,0.329s,2,1,0.5,100,800,0.125,false
108,16:44:13.953,target,pistol,0.397s,2,1,0.5,100,800,0.125,false
109,16:44:14.457,target,pistol,0s,1,1,1,100,400,0.25,false
110,16:44:15.217,target,pistol,0.233s,2,1,0.5,100,800,0.125,false
111,16:44:15.640,target,pistol,0s,1,1,1,100,400,0.25,false
112,16:44:16.951,target,pistol,0.751s,3,1,0.333,100,1200,0.083,false
113,16:44:17.838,target,pistol,0.356s,2,1,0.5,100,800,0.125,false
114,16:44:18.773,target,pistol,0.262s,2,1,0.5,100,800,0.125,false
115,16:44:19.248,target,pistol,0.001s,1,1,1,100,400,0.25,false
116,16:44:19.847,target,pistol,0s,1,1,1,100,400,0.25,false
117,16:44:20.370,target,pistol,0s,1,1,1,100,400,0.25,false
118,16:44:20.913,target,pistol,0s,1,1,1,100,400,0.25,false
119,16:44:21.421,target,pistol,0s,1,1,1,100,400,0.25,false
120,16:44:21.959,target,pistol,0s,1,1,1,100,400,0.25,false
121,16:44:22.415,target,pistol,0s,1,1,1,100,400,0.25,false
122,16:44:23.070,target,pistol,0s,1,1,1,100,400,0.25,false
123,16:44:23.584,target,pistol,0s,1,1,1,100,400,0.25,false
124,16:44:24.047,target,pistol,0.001s,1,1,1,100,400,0.25,false
125,16:44:24.865,target,pistol,0.295s,2,1,0.5,100,800,0.125,false
126,16:44:25.332,target,pistol,0s,1,1,1,100,400,0.25,false
127,16:44:26.258,target,pistol,0.392s,2,1,0.5,100,800,0.125,false
128,16:44:27.501,target,pistol,0s,1,1,1,100,400,0.25,false
129,16:44:28.220,target,pistol,0.001s,1,1,1,100,400,0.25,false
130,16:44:28.751,target,pistol,0s,1,1,1,100,400,0.25,false
131,16:44:29.288,target,pistol,0s,1,1,1,100,400,0.25,false
132,16:44:29.851,target,pistol,0s,1,1,1,100,400,0.25,false
133,16:44:30.683,target,pistol,0.389s,2,1,0.5,100,800,0.125,false
134,16:44:31.566,target,pistol,0.316s,2,1,0.5,100,800,0.125,false
135,16:44:31.977,target,pistol,0s,1,1,1,100,400,0.25,false
136,16:44:32.910,target,pistol,0.434s,2,1,0.5,100,800,0.125,false
137,16:44:33.922,target,pistol,0.473s,2,1,0.5,100,800,0.125,false
138,16:44:34.419,target,pistol,0s,1,1,1,100,400,0.25,false
139,16:44:35.573,target,pistol,0.544s,3,1,0.333,100,1200,0.083,false
140,16:44:36.903,target,pistol,0.874s,4,1,0.25,100,1600,0.062,false
141,16:44:37.593,target,pistol,0.234s,2,1,0.5,100,800,0.125,false
142,16:44:38.032,target,pistol,0s,1,1,1,100,400,0.25,false
143,16:44:38.484,target,pistol,0s,1,1,1,100,400,0.25,false
144,16:44:38.960,target,pistol,0s,1,1,1,100,400,0.25,false
145,16:44:39.647,target,pistol,0s,1,1,1,100,400,0.25,false
146,16:44:40.014,target,pistol,0s,1,1,1,100,400,0.25,false
147,16:44:40.783,target,pistol,0.332s,2,1,0.5,100,800,0.125,false
148,16:44:41.190,target,pistol,0s,1,1,1,100,400,0.25,false
149,16:44:41.616,target,pistol,0s,1,1,1,100,400,0.25,false
150,16:44:42.464,target,pistol,0.379s,2,1,0.5,100,800,0.125,false
151,16:44:42.846,target,pistol,0s,1,1,1,100,400,0.25,false
152,16:44:44.303,target,pistol,0.799s,4,1,0.25,100,1600,0.062,false
153,16:44:44.789,target,pistol,0s,1,1,1,100,400,0.25,false
154,16:44:45.832,target,pistol,0.254s,2,1,0.5,100,800,0.125,false
155,16:44:46.272,target,pistol,0s,1,1,1,100,400,0.25,false
156,16:44:46.840,target,pistol,0.177s,2,1,0.5,100,800,0.125,false
157,16:44:47.225,target,pistol,0s,1,1,1,100,400,0.25,false
158,16:44:47.651,target,pistol,0s,1,1,1,100,400,0.25,false
159,16:44:48.085,target,pistol,0s,1,1,1,100,400,0.25,false
160,16:44:48.492,target,pistol,0s,1,1,1,100,400,0.25,false
161,16:44:48.905,target,pistol,0s,1,1,1,100,400,0.25,false
162,16:44:49.421,target,pistol,0s,1,1,1,100,400,0.25,false
163,16:44:49.889,target,pistol,0s,1,1,1,100,400,0.25,false
164,16:44:50.637,target,pistol,0.001s,1,1,1,100,400,0.25,false
165,16:44:51.598,target,pistol,0.173s,2,1,0.5,100,800,0.125,false
166,16:44:51.976,target,pistol,0.001s,1,1,1,100,400,0.25,false
167,16:44:52.742,target,pistol,0.303s,2,1,0.5,100,800,0.125,false
168,16:44:53.156,target,pistol,0s,1,1,1,100,400,0.25,false
169,16:44:53.665,target,pistol,0s,1,1,1,100,400,0.25,false
170,16:44:54.161,target,pistol,0s,1,1,1,100,400,0.25,false
171,16:44:54.653,target,pistol,0s,1,1,1,100,400,0.25,false
172,16:44:55.501,target,pistol,0.389s,2,1,0.5,100,800,0.125,false
173,16:44:55.910,target,pistol,0s,1,1,1,100,400,0.25,false
174,16:44:56.393,target,pistol,0s,1,1,1,100,400,0.25,false
175,16:44:56.948,target,pistol,0s,1,1,1,100,400,0.25,false
176,16:44:57.573,target,pistol,0.194s,2,1,0.5,100,800,0.125,false
177,16:44:58.408,target,pistol,0.261s,2,1,0.5,100,800,0.125,false
178,16:44:59.091,target,pistol,0.267s,2,1,0.5,100,800,0.125,false
179,16:45:00.018,target,pistol,0.248s,2,1,0.5,100,800,0.125,false
180,16:45:00.384,target,pistol,0s,1,1,1,100,400,0.25,false
181,16:45:00.815,target,pistol,0s,1,1,1,100,400,0.25,false
182,16:45:01.344,target,pistol,0s,1,1,1,100,400,0.25,false
183,16:45:02.353,target,pistol,0.315s,2,1,0.5,100,800,0.125,false
184,16:45:02.997,target,pistol,0s,1,1,1,100,400,0.25,false
185,16:45:03.444,target,pistol,0s,1,1,1,100,400,0.25,false
186,16:45:03.978,target,pistol,0s,1,1,1,100,400,0.25,false
187,16:45:04.875,target,pistol,0.396s,2,1,0.5,100,800,0.125,false
188,16:45:05.285,target,pistol,0s,1,1,1,100,400,0.25,false
189,16:45:06.124,target,pistol,0.4s,2,1,0.5,100,800,0.125,false
190,16:45:07.044,target,pistol,0.31s,2,1,0.5,100,800,0.125,false
191,16:45:08.284,target,pistol,0.791s,3,1,0.333,100,1200,0.083,false
192,16:45:08.711,target,pistol,0s,1,1,1,100,400,0.25,false
193,16:45:09.276,target,pistol,0s,1,1,1,100,400,0.25,false
194,16:45:10.315,target,pistol,0.571s,3,1,0.333,100,1200,0.083,false
195,16:45:11.099,target,pistol,0.335s,2,1,0.5,100,800,0.125,false
196,16:45:11.571,target,pistol,0s,1,1,1,100,400,0.25,false
197,16:45:12.043,target,pistol,0s,1,1,1,100,400,0.25,false
198,16:45:12.504,target,pistol,0s,1,1,1,100,400,0.25,false
199,16:45:13.174,target,pistol,0s,1,1,1,100,400,0.25,false
200,16:45:13.772,target,pistol,0s,1,1,1,100,400,0.25,false
201,16:45:14.607,target,pistol,0.323s,2,1,0.5,100,800,0.125,false
202,16:45:15.940,target,pistol,0.579s,3,1,0.333,100,1200,0.083,false
203,16:45:16.426,target,pistol,0s,1,1,1,100,400,0.25,false
204,16:45:16.901,target,pistol,0s,1,1,1,100,400,0.25,false
205,16:45:17.291,target,pistol,0s,1,1,1,100,400,0.25,false
206,16:45:17.780,target,pistol,0s,1,1,1,100,400,0.25,false
207,16:45:19.454,target,pistol,0.284s,2,1,0.5,100,800,0.125,false
208,16:45:19.911,target,pistol,0s,1,1,1,100,400,0.25,false
209,16:45:20.344,target,pistol,0s,1,1,1,100,400,0.25,false
210,16:45:20.739,target,pistol,0s,1,1,1,100,400,0.25,false
211,16:45:21.733,target,pistol,0.558s,3,1,0.333,100,1200,0.083,false
212,16:45:22.570,target,pistol,0.202s,2,1,0.5,100,800,0.125,false
213,16:45:23.054,target,pistol,0s,1,1,1,100,400,0.25,false
214,16:45:23.520,target,pistol,0s,1,1,1,100,400,0.25,false
215,16:45:23.934,target,pistol,0s,1,1,1,100,400,0.25,false
216,16:45:24.426,target,pistol,0s,1,1,1,100,400,0.25,false
217,16:45:24.894,target,pistol,0s,1,1,1,100,400,0.25,false
218,16:45:25.559,target,pistol,0.206s,2,1,0.5,100,800,0.125,false
219,16:45:25.953,target,pistol,0s,1,1,1,100,400,0.25,false
220,16:45:26.395,target,pistol,0s,1,1,1,100,400,0.25,false
221,16:45:27.260,target,pistol,0s,1,1,1,100,400,0.25,false
222,16:45:28.098,target,pistol,0.227s,2,1,0.5,100,800,0.125,false
223,16:45:28.832,target,pistol,0.276s,2,1,0.5,100,800,0.125,false
224,16:45:29.251,target,pistol,0s,1,1,1,100,400,0.25,false
225,16:45:29.729,target,pistol,0s,1,1,1,100,400,0.25,false
226,16:45:30.724,target,pistol,0s,1,1,1,100,400,0.25,false
227,16:45:31.390,target,pistol,0s,1,1,1,100,400,0.25,false
228,16:45:32.143,target,pistol,0.341s,2,1,0.5,100,800,0.125,false
229,16:45:32.604,target,pistol,0.001s,1,1,1,100,400,0.25,false
230,16:45:33.115,target,pistol,0.001s,1,1,1,100,400,0.25,false
231,16:45:34.111,target,pistol,0.211s,2,1,0.5,100,800,0.125,false
232,16:45:34.514,target,pistol,0s,1,1,1,100,400,0.25,false
233,16:45:34.985,target,pistol,0s,1,1,1,100,400,0.25,false
234,16:45:35.421,target,pistol,0s,1,1,1,100,400,0.25,false
235,16:45:36.039,target,pistol,0s,1,1,1,100,400,0.25,false
236,16:45:36.512,target,pistol,0s,1,1,1,100,400,0.25,false
237,16:45:37.433,target,pistol,0.42s,2,1,0.5,100,800,0.125,false
238,16:45:37.874,target,pistol,0s,1,1,1,100,400,0.25,false
239,16:45:38.655,target,pistol,0.192s,2,1,0.5,100,800,0.125,false
240,16:45:39.095,target,pistol,0s,1,1,1,100,400,0.25,false
241,16:45:40.551,target,pistol,0.921s,3,1,0.333,100,1200,0.083,false
242,16:45:41.043,target,pistol,0s,1,1,1,100,400,0.25,false
243,16:45:41.626,target,pistol,0s,1,1,1,100,400,0.25,false
244,16:45:42.064,target,pistol,0s,1,1,1,100,400,0.25,false
245,16:45:42.911,target,pistol,0.301s,2,1,0.5,100,800,0.125,false
246,16:45:43.371,target,pistol,0s,1,1,1,100,400,0.25,false
247,16:45:44.025,target,pistol,0.231s,2,1,0.5,100,800,0.125,false
248,16:45:44.435,target,pistol,0.001s,1,1,1,100,400,0.25,false
249,16:45:45.294,target,pistol,0.269s,2,1,0.5,100,800,0.125,false
250,16:45:45.683,target,pistol,0.001s,1,1,1,100,400,0.25,false
251,16:45:46.660,target,pistol,0.292s,2,1,0.5,100,800,0.125,false
252,16:45:47.051,target,pistol,0s,1,1,1,100,400,0.25,false
253,16:45:47.742,target,pistol,0.234s,2,1,0.5,100,800,0.125,false
254,16:45:48.096,target,pistol,0s,1,1,1,100,400,0.25,false
255,16:45:48.873,target,pistol,0.317s,2,1,0.5,100,800,0.125,false
256,16:45:49.460,target,pistol,0s,1,1,1,100,400,0.25,false
257,16:45:49.980,target,pistol,0s,1,1,1,100,400,0.25,false
258,16:45:50.488,target,pistol,0s,1,1,1,100,400,0.25,false
259,16:45:51.363,target,pistol,0.233s,2,1,0.5,100,800,0.125,false
260,16:45:52.489,target,pistol,0.479s,3,1,0.333,100,1200,0.083,false
261,16:45:52.931,target,pistol,0s,1,1,1,100,400,0.25,false
262,16:45:53.455,target,pistol,0s,1,1,1,100,400,0.25,false
263,16:45:53.969,target,pistol,0s,1,1,1,100,400,0.25,false
264,16:45:55.203,target,pistol,0.234s,2,1,0.5,100,800,0.125,false
265,16:45:55.997,target,pistol,0.314s,2,1,0.5,100,800,0.125,false
266,16:45:56.562,target,pistol,0s,1,1,1,100,400,0.25,false
267,16:45:57.332,target,pistol,0.256s,2,1,0.5,100,800,0.125,false
268,16:45:58.162,target,pistol,0.313s,2,1,0.5,100,800,0.125,false
269,16:45:59.963,target,pistol,1.275s,4,1,0.25,100,1600,0.062,false
270,16:46:00.528,target,pistol,0s,1,1,1,100,400,0.25,false
271,16:46:01.040,target,pistol,0s,1,1,1,100,400,0.25,false
272,16:46:01.972,target,pistol,0.417s,2,1,0.5,100,800,0.125,false
273,16:46:02.500,target,pistol,0s,1,1,1,100,400,0.25,false
274,16:46:03.129,target,pistol,0s,1,1,1,100,400,0.25,false
275,16:46:03.881,target,pistol,0s,1,1,1,100,400,0.25,false
276,16:46:04.441,target,pistol,0s,1,1,1,100,400,0.25,false
277,16:46:04.996,target,pistol,0s,1,1,1,100,400,0.25,false
278,16:46:05.582,target,pistol,0s,1,1,1,100,400,0.25,false
279,16:46:06.115,target,pistol,0s,1,1,1,100,400,0.25,false
280,16:46:07.591,target,pistol,0.895s,3,1,0.333,100,1200,0.083,false
281,16:46:08.144,target,pistol,0s,1,1,1,100,400,0.25,false
282,16:46:08.644,target,pistol,0s,1,1,1,100,400,0.25,false
283,16:46:09.451,target,pistol,0.325s,2,1,0.5,100,800,0.125,false
284,16:46:10.053,target,pistol,0s,1,1,1,100,400,0.25,false
285,16:46:10.976,target,pistol,0.389s,2,1,0.5,100,800,0.125,false
286,16:46:11.792,target,pistol,0.373s,2,1,0.5,100,800,0.125,false
287,16:46:12.690,target,pistol,0.405s,2,1,0.5,100,800,0.125,false
288,16:46:13.215,target,pistol,0s,1,1,1,100,400,0.25,false
289,16:46:13.837,target,pistol,0s,1,1,1,100,400,0.25,false
290,16:46:14.238,target,pistol,0s,1,1,1,100,400,0.25,false
291,16:46:15.149,target,pistol,0.461s,2,1,0.5,100,800,0.125,false
292,16:46:15.617,target,pistol,0s,1,1,1,100,400,0.25,false
293,16:46:16.705,target,pistol,0.467s,3,1,0.333,100,1200,0.083,false
294,16:46:17.608,target,pistol,0.389s,2,1,0.5,100,800,0.125,false
295,16:46:18.882,target,pistol,0.831s,3,1,0.333,100,1200,0.083,false
296,16:46:20.659,target,pistol,1.261s,4,1,0.25,100,1600,0.062,false
297,16:46:21.618,target,pistol,0.74s,3,1,0.333,100,1200,0.083,false
298,16:46:22.077,target,pistol,0s,1,1,1,100,400,0.25,false
299,16:46:22.638,target,pistol,0.001s,1,1,1,100,400,0.25,false
300,16:46:23.067,target,pistol,0s,1,1,1,100,400,0.25,false
301,16:46:23.527,target,pistol,0s,1,1,1,100,400,0.25,false
302,16:46:23.971,target,pistol,0s,1,1,1,100,400,0.25,false
303,16:46:24.417,target,pistol,0s,1,1,1,100,400,0.25,false
304,16:46:25.363,target,pistol,0.329s,2,1,0.5,100,800,0.125,false
305,16:46:25.718,target,pistol,0s,1,1,1,100,400,0.25,false
306,16:46:26.104,target,pistol,0s,1,1,1,100,400,0.25,false
307,16:46:26.498,target,pistol,0s,1,1,1,100,400,0.25,false
308,16:46:26.974,target,pistol,0s,1,1,1,100,400,0.25,false
309,16:46:27.325,target,pistol,0s,1,1,1,100,400,0.25,false
310,16:46:28.088,target,pistol,0.313s,2,1,0.5,100,800,0.125,false
311,16:46:28.476,target,pistol,0s,1,1,1,100,400,0.25,false
312,16:46:29.472,target,pistol,0.232s,2,1,0.5,100,800,0.125,false
313,16:46:30.091,target,pistol,0s,1,1,1,100,400,0.25,false
314,16:46:30.914,target,pistol,0.304s,2,1,0.5,100,800,0.125,false
315,16:46:31.673,target,pistol,0.347s,2,1,0.5,100,800,0.125,false
316,16:46:32.080,target,pistol,0s,1,1,1,100,400,0.25,false
317,16:46:32.599,target,pistol,0s,1,1,1,100,400,0.25,false
318,16:46:33.079,target,pistol,0s,1,1,1,100,400,0.25,false
319,16:46:33.573,target,pistol,0s,1,1,1,100,400,0.25,false
320,16:46:34.402,target,pistol,0.351s,2,1,0.5,100,800,0.125,false
321,16:46:34.788,target,pistol,0s,1,1,1,100,400,0.25,false
322,16:46:35.525,target,pistol,0.286s,2,1,0.5,100,800,0.125,false
323,16:46:36.367,target,pistol,0.475s,3,1,0.333,100,1200,0.083,false
324,16:46:37.639,target,pistol,0.699s,3,1,0.333,100,1200,0.083,false
325,16:46:38.598,target,pistol,0.376s,2,1,0.5,100,800,0.125,false
326,16:46:40.580,target,pistol,1.296s,4,1,0.25,100,1600,0.062,false
327,16:46:41.061,target,pistol,0s,1,1,1,100,400,0.25,false
328,16:46:42.005,target,pistol,0.449s,2,1,0.5,100,800,0.125,false
329,16:46:42.788,target,pistol,0.399s,2,1,0.5,100,800,0.125,false
330,16:46:43.339,target,pistol,0.001s,1,1,1,100,400,0.25,false
331,16:46:43.712,target,pistol,0s,1,1,1,100,400,0.25,false
332,16:46:44.154,target,pistol,0s,1,1,1,100,400,0.25,false
333,16:46:44.545,target,pistol,0s,1,1,1,100,400,0.25,false
334,16:46:45.313,target,pistol,0s,1,1,1,100,400,0.25,false
335,16:46:45.782,target,pistol,0s,1,1,1,100,400,0.25,false
336,16:46:46.236,target,pistol,0s,1,1,1,100,400,0.25,false
337,16:46:47.394,target,pistol,0.535s,3,1,0.333,100,1200,0.083,false
338,16:46:48.011,target,pistol,0.195s,2,1,0.5,100,800,0.125,false
339,16:46:48.417,target,pistol,0s,1,1,1,100,400,0.25,false
340,16:46:48.855,target,pistol,0s,1,1,1,100,400,0.25,false
341,16:46:49.561,target,pistol,0.261s,2,1,0.5,100,800,0.125,false
342,16:46:50.001,target,pistol,0s,1,1,1,100,400,0.25,false
343,16:46:50.607,target,pistol,0s,1,1,1,100,400,0.25,false
344,16:46:51.050,target,pistol,0s,1,1,1,100,400,0.25,false
345,16:46:51.511,target,pistol,0s,1,1,1,100,400,0.25,false
346,16:46:52.250,target,pistol,0.299s,2,1,0.5,100,800,0.125,false
347,16:46:52.636,target,pistol,0s,1,1,1,100,400,0.25,false
348,16:46:53.311,target,pistol,0s,1,1,1,100,400,0.25,false
349,16:46:53.744,target,pistol,0.001s,1,1,1,100,400,0.25,false
350,16:46:54.183,target,pistol,0.001s,1,1,1,100,400,0.25,false
351,16:46:54.603,target,pistol,0s,1,1,1,100,400,0.25,false
352,16:46:55.285,target,pistol,0.272s,2,1,0.5,100,800,0.125,false
353,16:46:55.671,target,pistol,0s,1,1,1,100,400,0.25,false
354,16:46:56.366,target,pistol,0.25s,2,1,0.5,100,800,0.125,false
355,16:46:56.751,target,pistol,0s,1,1,1,100,400,0.25,false
356,16:46:57.211,target,pistol,0s,1,1,1,100,400,0.25,false
357,16:46:57.886,target,pistol,0.276s,2,1,0.5,100,800,0.125,false
358,16:46:58.280,target,pistol,0s,1,1,1,100,400,0.25,false
359,16:46:58.901,target,pistol,0.253s,2,1,0.5,100,800,0.125,false
360,16:46:59.593,target,pistol,0.263s,2,1,0.5,100,800,0.125,false
361,16:47:00.493,target,pistol,0s,1,1,1,100,400,0.25,false
362,16:47:00.873,target,pistol,0s,1,1,1,100,400,0.25,false
363,16:47:01.383,target,pistol,0s,1,1,1,100,400,0.25,false
364,16:47:02.162,target,pistol,0.336s,2,1,0.5,100,800,0.125,false
365,16:47:02.566,target,pistol,0s,1,1,1,100,400,0.25,false
366,16:47:03.263,target,pistol,0.235s,2,1,0.5,100,800,0.125,false
367,16:47:03.723,target,pistol,0s,1,1,1,100,400,0.25,false
368,16:47:04.603,target,pistol,0s,1,1,1,100,400,0.25,false
369,16:47:05.066,target,pistol,0s,1,1,1,100,400,0.25,false
370,16:47:05.484,target,pistol,0.001s,1,1,1,100,400,0.25,false
371,16:47:05.881,target,pistol,0s,1,1,1,100,400,0.25,false
372,16:47:06.638,target,pistol,0.297s,2,1,0.5,100,800,0.125,false
373,16:47:07.310,target,pistol,0.242s,2,1,0.5,100,800,0.125,false
374,16:47:07.633,target,pistol,0s,1,1,1,100,400,0.25,false
375,16:47:08.676,target,pistol,0.32s,2,1,0.5,100,800,0.125,false
376,16:47:09.092,target,pistol,0s,1,1,1,100,400,0.25,false
377,16:47:10.591,target,pistol,0.761s,3,1,0.333,100,1200,0.083,false
378,16:47:11.009,target,pistol,0s,1,1,1,100,400,0.25,false
379,16:47:11.765,target,pistol,0.295s,2,1,0.5,100,800,0.125,false
380,16:47:12.220,target,pistol,0s,1,1,1,100,400,0.25,false
381,16:47:12.923,target,pistol,0.256s,2,1,0.5,100,800,0.125,false
382,16:47:13.357,target,pistol,0s,1,1,1,100,400,0.25,false
383,16:47:14.017,target,pistol,0.24s,2,1,0.5,100,800,0.125,false
384,16:47:14.673,target,pistol,0.214s,2,1,0.5,100,800,0.125,false
385,16:47:15.116,target,pistol,0s,1,1,1,100,400,0.25,false
386,16:47:15.911,target,pistol,0s,1,1,1,100,400,0.25,false
387,16:47:16.777,target,pistol,0.312s,2,1,0.5,100,800,0.125,false
388,16:47:17.736,target,pistol,0.296s,2,1,0.5,100,800,0.125,false
389,16:47:18.412,target,pistol,0s,1,1,1,100,400,0.25,false
390,16:47:18.825,target,pistol,0s,1,1,1,100,400,0.25,false
391,16:47:19.285,target,pistol,0s,1,1,1,100,400,0.25,false
392,16:47:19.947,target,pistol,0s,1,1,1,100,400,0.25,false
393,16:47:21.089,target,pistol,0s,1,1,1,100,400,0.25,false
394,16:47:21.635,target,pistol,0.2s,2,1,0.5,100,800,0.125,false
395,16:47:22.066,target,pistol,0s,1,1,1,100,400,0.25,false
396,16:47:22.532,target,pistol,0s,1,1,1,100,400,0.25,false
397,16:47:22.950,target,pistol,0s,1,1,1,100,400,0.25,false
398,16:47:23.409,target,pistol,0s,1,1,1,100,400,0.25,false
399,16:47:23.890,target,pistol,0s,1,1,1,100,400,0.25,false
400,16:47:24.308,target,pistol,0s,1,1,1,100,400,0.25,false
401,16:47:25.254,target,pistol,0.219s,2,1,0.5,100,800,0.125,false
402,16:47:25.955,target,pistol,0.278s,2,1,0.5,100,800,0.125,false
403,16:47:26.370,target,pistol,0s,1,1,1,100,400,0.25,false
404,16:47:27.149,target,pistol,0.291s,2,1,0.5,100,800,0.125,false
405,16:47:27.587,target,pistol,0s,1,1,1,100,400,0.25,false
406,16:47:27.966,target,pistol,0s,1,1,1,100,400,0.25,false
407,16:47:28.882,target,pistol,0s,1,1,1,100,400,0.25,false
408,16:47:29.285,target,pistol,0s,1,1,1,100,400,0.25,false
409,16:47:29.694,target,pistol,0s,1,1,1,100,400,0.25,false
410,16:47:30.071,target,pistol,0s,1,1,1,100,400,0.25,false
411,16:47:30.812,target,pistol,0s,1,1,1,100,400,0.25,false
412,16:47:31.284,target,pistol,0s,1,1,1,100,400,0.25,false
413,16:47:31.983,target,pistol,0.302s,2,1,0.5,100,800,0.125,false
414,16:47:33.015,target,pistol,0.556s,3,1,0.333,100,1200,0.083,false
415,16:47:33.681,target,pistol,0s,1,1,1,100,400,0.25,false
416,16:47:34.110,target,pistol,0s,1,1,1,100,400,0.25,false
417,16:47:35.351,target,pistol,0.294s,2,1,0.5,100,800,0.125,false
418,16:47:36.021,target,pistol,0.226s,2,1,0.5,100,800,0.125,false
419,16:47:37.141,target,pistol,0.662s,3,1,0.333,100,1200,0.083,false
420,16:47:37.576,target,pistol,0s,1,1,1,100,400,0.25,false
421,16:47:37.996,target,pistol,0s,1,1,1,100,400,0.25,false
422,16:47:39.440,target,pistol,0.219s,2,1,0.5,100,800,0.125,false
423,16:47:39.810,target,pistol,0s,1,1,1,100,400,0.25,false
424,16:47:40.180,target,pistol,0s,1,1,1,100,400,0.25,false
425,16:47:40.624,target,pistol,0s,1,1,1,100,400,0.25,false
426,16:47:41.076,target,pistol,0s,1,1,1,100,400,0.25,false
427,16:47:41.499,target,pistol,0s,1,1,1,100,400,0.25,false
428,16:47:41.949,target,pistol,0s,1,1,1,100,400,0.25,false
429,16:47:42.653,target,pistol,0.245s,2,1,0.5,100,800,0.125,false
430,16:47:43.091,target,pistol,0s,1,1,1,100,400,0.25,false
431,16:47:44.121,target,pistol,0s,1,1,1,100,400,0.25,false
432,16:47:44.602,target,pistol,0s,1,1,1,100,400,0.25,false
433,16:47:45.342,target,pistol,0.273s,2,1,0.5,100,800,0.125,false
434,16:47:46.122,target,pistol,0.254s,2,1,0.5,100,800,0.125,false
435,16:47:46.536,target,pistol,0s,1,1,1,100,400,0.25,false
436,16:47:47.351,target,pistol,0s,1,1,1,100,400,0.25,false
437,16:47:48.147,target,pistol,0.458s,3,1,0.333,100,1200,0.083,false
438,16:47:48.965,target,pistol,0.339s,2,1,0.5,100,800,0.125,false
439,16:47:49.609,target,pistol,0.209s,2,1,0.5,100,800,0.125,false
440,16:47:50.504,target,pistol,0.219s,2,1,0.5,100,800,0.125,false
441,16:47:50.919,target,pistol,0s,1,1,1,100,400,0.25,false
442,16:47:51.567,target,pistol,0s,1,1,1,100,400,0.25,false
443,16:47:52.048,target,pistol,0s,1,1,1,100,400,0.25,false
444,16:47:52.777,target,pistol,0.268s,2,1,0.5,100,800,0.125,false
445,16:47:53.574,target,pistol,0.315s,2,1,0.5,100,800,0.125,false
446,16:47:54.017,target,pistol,0.001s,1,1,1,100,400,0.25,false
447,16:47:55.187,target,pistol,0.466s,3,1,0.333,100,1200,0.083,false
448,16:47:55.670,target,pistol,0s,1,1,1,100,400,0.25,false
449,16:47:56.153,target,pistol,0s,1,1,1,100,400,0.25,false
450,16:47:56.925,target,pistol,0.324s,2,1,0.5,100,800,0.125,false
451,16:47:57.396,target,pistol,0s,1,1,1,100,400,0.25,false
452,16:47:58.117,target,pistol,0.289s,2,1,0.5,100,800,0.125,false
453,16:47:58.581,target,pistol,0s,1,1,1,100,400,0.25,false
454,16:47:59.227,target,pistol,0s,1,1,1,100,400,0.25,false
455,16:47:59.848,target,pistol,0s,1,1,1,100,400,0.25,false
456,16:48:00.493,target,pistol,0.253s,2,1,0.5,100,800,0.125,false
457,16:48:01.060,target,pistol,0s,1,1,1,100,400,0.25,false
458,16:48:01.732,target,pistol,0.268s,2,1,0.5,100,800,0.125,false
459,16:48:02.415,target,pistol,0.247s,2,1,0.5,100,800,0.125,false
460,16:48:02.888,target,pistol,0.001s,1,1,1,100,400,0.25,false
461,16:48:03.344,target,pistol,0s,1,1,1,100,400,0.25,false
462,16:48:04.150,target,pistol,0.273s,2,1,0.5,100,800,0.125,false
463,16:48:04.776,target,pistol,0.244s,2,1,0.5,100,800,0.125,false
464,16:48:05.210,target,pistol,0.001s,1,1,1,100,400,0.25,false
465,16:48:05.655,target,pistol,0s,1,1,1,100,400,0.25,false
466,16:48:06.077,target,pistol,0s,1,1,1,100,400,0.25,false
467,16:48:06.871,target,pistol,0.279s,2,1,0.5,100,800,0.125,false
468,16:48:07.625,target,pistol,0.273s,2,1,0.5,100,800,0.125,false
469,16:48:08.315,target,pistol,0.27s,2,1,0.5,100,800,0.125,false
470,16:48:08.728,target,pistol,0s,1,1,1,100,400,0.25,false
471,16:48:09.236,target,pistol,0s,1,1,1,100,400,0.25,false
472,16:48:09.628,target,pistol,0s,1,1,1,100,400,0.25,false
473,16:48:10.068,target,pistol,0s,1,1,1,100,400,0.25,false
474,16:48:10.930,target,pistol,0s,1,1,1,100,400,0.25,false
475,16:48:11.968,target,pistol,0.305s,2,1,0.5,100,800,0.125,false
476,16:48:12.574,target,pistol,0s,1,1,1,100,400,0.25,false
477,16:48:13.320,target,pistol,0.248s,2,1,0.5,100,800,0.125,false
478,16:48:14.006,target,pistol,0.347s,2,1,0.5,100,800,0.125,false
479,16:48:14.778,target,pistol,0.389s,2,1,0.5,100,800,0.125,false
480,16:48:15.274,target,pistol,0s,1,1,1,100,400,0.25,false
481,16:48:16.365,target,pistol,0.272s,2,1,0.5,100,800,0.125,false
482,16:48:17.049,target,pistol,0s,1,1,1,100,400,0.25,false
483,16:48:17.520,target,pistol,0s,1,1,1,100,400,0.25,false
484,16:48:18.253,target,pistol,0.286s,2,1,0.5,100,800,0.125,false
485,16:48:18.680,target,pistol,0s,1,1,1,100,400,0.25,false
486,16:48:19.772,target,pistol,0.001s,1,1,1,100,400,0.25,false
487,16:48:20.514,target,pistol,0.263s,2,1,0.5,100,800,0.125,false
488,16:48:21.138,target,pistol,0.299s,2,1,0.5,100,800,0.125,false
489,16:48:21.572,target,pistol,0s,1,1,1,100,400,0.25,false
490,16:48:22.449,target,pistol,0s,1,1,1,100,400,0.25,false
491,16:48:23.199,target,pistol,0.298s,2,1,0.5,100,800,0.125,false
492,16:48:23.635,target,pistol,0s,1,1,1,100,400,0.25,false
493,16:48:24.361,target,pistol,0.257s,2,1,0.5,100,800,0.125,false
494,16:48:24.797,target,pistol,0s,1,1,1,100,400,0.25,false
495,16:48:25.482,target,pistol,0.291s,2,1,0.5,100,800,0.125,false
496,16:48:26.380,target,pistol,0.43s,2,1,0.5,100,800,0.125,false
497,16:48:26.907,target,pistol,0s,1,1,1,100,400,0.25,false
498,16:48:27.322,target,pistol,0s,1,1,1,100,400,0.25,false
499,16:48:27.850,target,pistol,0s,1,1,1,100,400,0.25,false
500,16:48:28.497,target,pistol,0.2s,2,1,0.5,100,800,0.125,false
501,16:48:29.042,target,pistol,0s,1,1,1,100,400,0.25,false
502,16:48:29.486,target,pistol,0s,1,1,1,100,400,0.25,false
503,16:48:30.140,target,pistol,0.252s,2,1,0.5,100,800,0.125,false
504,16:48:30.762,target,pistol,0.194s,2,1,0.5,100,800,0.125,false
505,16:48:31.407,target,pistol,0.239s,2,1,0.5,100,800,0.125,false
506,16:48:31.887,target,pistol,0s,1,1,1,100,400,0.25,false
507,16:48:33.051,target,pistol,0.248s,2,1,0.5,100,800,0.125,false
508,16:48:33.521,target,pistol,0s,1,1,1,100,400,0.25,false
509,16:48:33.980,target,pistol,0s,1,1,1,100,400,0.25,false
510,16:48:34.715,target,pistol,0.258s,2,1,0.5,100,800,0.125,false
511,16:48:35.114,target,pistol,0s,1,1,1,100,400,0.25,false
512,16:48:35.530,target,pistol,0s,1,1,1,100,400,0.25,false
513,16:48:36.343,target,pistol,0.312s,2,1,0.5,100,800,0.125,false
514,16:48:36.846,target,pistol,0s,1,1,1,100,400,0.25,false
515,16:48:37.543,target,pistol,0s,1,1,1,100,400,0.25,false
516,16:48:38.332,target,pistol,0.241s,2,1,0.5,100,800,0.125,false
517,16:48:38.850,target,pistol,0s,1,1,1,100,400,0.25,false
518,16:48:39.622,target,pistol,0s,1,1,1,100,400,0.25,false
519,16:48:40.652,target,pistol,0.249s,2,1,0.5,100,800,0.125,false
520,16:48:41.239,target,pistol,0s,1,1,1,100,400,0.25,false
521,16:48:41.698,target,pistol,0s,1,1,1,100,400,0.25,false
522,16:48:42.758,target,pistol,0.254s,2,1,0.5,100,800,0.125,false
523,16:48:43.208,target,pistol,0s,1,1,1,100,400,0.25,false
524,16:48:44.283,target,pistol,0.431s,2,1,0.5,100,800,0.125,false
525,16:48:44.798,target,pistol,0s,1,1,1,100,400,0.25,false
526,16:48:45.461,target,pistol,0.274s,2,1,0.5,100,800,0.125,false
527,16:48:46.048,target,pistol,0.223s,2,1,0.5,100,800,0.125,false
528,16:48:46.469,target,pistol,0s,1,1,1,100,400,0.25,false
529,16:48:46.854,target,pistol,0s,1,1,1,100,400,0.25,false
530,16:48:47.717,target,pistol,0s,1,1,1,100,400,0.25,false
531,16:48:48.664,target,pistol,0.536s,3,1,0.333,100,1200,0.083,false
532,16:48:49.038,target,pistol,0s,1,1,1,100,400,0.25,false
533,16:48:50.010,target,pistol,0s,1,1,1,100,400,0.25,false
534,16:48:50.648,target,pistol,0.232s,2,1,0.5,100,800,0.125,false
535,16:48:51.160,target,pistol,0.211s,2,1,0.5,100,800,0.125,false
536,16:48:51.632,target,pistol,0s,1,1,1,100,400,0.25,false
537,16:48:52.390,target,pistol,0s,1,1,1,100,400,0.25,false
538,16:48:52.964,target,pistol,0.219s,2,1,0.5,100,800,0.125,false
539,16:48:53.963,target,pistol,0.55s,3,1,0.333,100,1200,0.083,false
540,16:48:55.661,target,pistol,1.083s,4,1,0.25,100,1600,0.062,false
541,16:48:56.100,target,pistol,0s,1,1,1,100,400,0.25,false
542,16:48:56.929,target,pistol,0.263s,2,1,0.5,100,800,0.125,false
543,16:48:57.482,target,pistol,0s,1,1,1,100,400,0.25,false
544,16:48:58.547,target,pistol,0.478s,2,1,0.5,100,800,0.125,false
545,16:48:59.067,target,pistol,0s,1,1,1,100,400,0.25,false
546,16:48:59.563,target,pistol,0.001s,1,1,1,100,400,0.25,false
547,16:49:00.154,target,pistol,0s,1,1,1,100,400,0.25,false
548,16:49:00.672,target,pistol,0s,1,1,1,100,400,0.25,false
549,16:49:01.264,target,pistol,0s,1,1,1,100,400,0.25,false
550,16:49:02.232,target,pistol,0.326s,2,1,0.5,100,800,0.125,false
551,16:49:02.783,target,pistol,0s,1,1,1,100,400,0.25,false
552,16:49:03.326,target,pistol,0s,1,1,1,100,400,0.25,false
553,16:49:05.487,target,pistol,1.347s,5,1,0.2,100,2000,0.05,false
554,16:49:06.384,target,pistol,0s,1,1,1,100,400,0.25,false
555,16:49:06.882,target,pistol,0s,1,1,1,100,400,0.25,false
556,16:49:07.407,target,pistol,0.001s,1,1,1,100,400,0.25,false
557,16:49:08.346,target,pistol,0.416s,2,1,0.5,100,800,0.125,false
558,16:49:09.043,target,pistol,0s,1,1,1,100,400,0.25,false
559,16:49:09.746,target,pistol,0s,1,1,1,100,400,0.25,false
560,16:49:10.476,target,pistol,0.001s,1,1,1,100,400,0.25,false
561,16:49:11.000,target,pistol,0s,1,1,1,100,400,0.25,false
562,16:49:11.455,target,pistol,0s,1,1,1,100,400,0.25,false
563,16:49:12.292,target,pistol,0.287s,2,1,0.5,100,800,0.125,false
564,16:49:12.891,target,pistol,0.001s,1,1,1,100,400,0.25,false
565,16:49:13.391,target,pistol,0s,1,1,1,100,400,0.25,false
566,16:49:13.907,target,pistol,0s,1,1,1,100,400,0.25,false
567,16:49:14.778,target,pistol,0.394s,2,1,0.5,100,800,0.125,false
568,16:49:15.119,target,pistol,0s,1,1,1,100,400,0.25,false
569,16:49:16.246,target,pistol,0.649s,3,1,0.333,100,1200,0.083,false
570,16:49:16.637,target,pistol,0s,1,1,1,100,400,0.25,false
571,16:49:17.634,target,pistol,0.487s,2,1,0.5,100,800,0.125,false
572,16:49:18.293,target,pistol,0.216s,2,1,0.5,100,800,0.125,false
573,16:49:18.878,target,pistol,0s,1,1,1,100,400,0.25,false
574,16:49:19.336,target,pistol,0s,1,1,1,100,400,0.25,false
575,16:49:19.779,target,pistol,0s,1,1,1,100,400,0.25,false
576,16:49:20.188,target,pistol,0.001s,1,1,1,100,400,0.25,false
577,16:49:20.948,target,pistol,0.367s,2,1,0.5,100,800,0.125,false
578,16:49:21.397,target,pistol,0s,1,1,1,100,400,0.25,false
579,16:49:21.784,target,pistol,0s,1,1,1,100,400,0.25,false
580,16:49:22.430,target,pistol,0s,1,1,1,100,400,0.25,false
581,16:49:22.840,target,pistol,0s,1,1,1,100,400,0.25,false
582,16:49:23.210,target,pistol,0s,1,1,1,100,400,0.25,false
583,16:49:23.694,target,pistol,0s,1,1,1,100,400,0.25,false
584,16:49:24.511,target,pistol,0.398s,2,1,0.5,100,800,0.125,false
585,16:49:25.175,target,pistol,0.25s,2,1,0.5,100,800,0.125,false
586,16:49:25.823,target,pistol,0.252s,2,1,0.5,100,800,0.125,false
587,16:49:26.221,target,pistol,0s,1,1,1,100,400,0.25,false
588,16:49:26.854,target,pistol,0s,1,1,1,100,400,0.25,false
589,16:49:27.357,target,pistol,0.001s,1,1,1,100,400,0.25,false
590,16:49:27.717,target,pistol,0s,1,1,1,100,400,0.25,false
591,16:49:28.094,target,pistol,0s,1,1,1,100,400,0.25,false
592,16:49:28.444,target,pistol,0s,1,1,1,100,400,0.25,false
593,16:49:28.891,target,pistol,0s,1,1,1,100,400,0.25,false
594,16:49:30.208,target,pistol,0.368s,2,1,0.5,100,800,0.125,false
595,16:49:30.606,target,pistol,0s,1,1,1,100,400,0.25,false
596,16:49:31.302,target,pistol,0.269s,2,1,0.5,100,800,0.125,false
597,16:49:32.161,target,pistol,0.351s,2,1,0.5,100,800,0.125,false
598,16:49:32.751,target,pistol,0.001s,1,1,1,100,400,0.25,false
599,16:49:33.103,target,pistol,0s,1,1,1,100,400,0.25,false
600,16:49:33.494,target,pistol,0s,1,1,1,100,400,0.25,false
601,16:49:34.679,target,pistol,0.727s,3,1,0.333,100,1200,0.083,false
602,16:49:35.126,target,pistol,0s,1,1,1,100,400,0.25,false
603,16:49:35.874,target,pistol,0.348s,2,1,0.5,100,800,0.125,false
604,16:49:36.820,target,pistol,0.273s,2,1,0.5,100,800,0.125,false
605,16:49:37.440,target,pistol,0.263s,2,1,0.5,100,800,0.125,false
606,16:49:38.165,target,pistol,0.227s,2,1,0.5,100,800,0.125,false
607,16:49:38.795,target,pistol,0s,1,1,1,100,400,0.25,false
608,16:49:39.167,target,pistol,0s,1,1,1,100,400,0.25,false
609,16:49:39.868,target,pistol,0s,1,1,1,100,400,0.25,false
610,16:49:40.319,target,pistol,0s,1,1,1,100,400,0.25,false
611,16:49:40.740,target,pistol,0s,1,1,1,100,400,0.25,false
612,16:49:41.142,target,pistol,0s,1,1,1,100,400,0.25,false
613,16:49:41.690,target,pistol,0s,1,1,1,100,400,0.25,false
614,16:49:42.964,target,pistol,0.766s,3,1,0.333,100,1200,0.083,false
615,16:49:43.665,target,pistol,0s,1,1,1,100,400,0.25,false
616,16:49:44.129,target,pistol,0s,1,1,1,100,400,0.25,false
617,16:49:44.553,target,pistol,0.001s,1,1,1,100,400,0.25,false
618,16:49:44.945,target,pistol,0s,1,1,1,100,400,0.25,false
619,16:49:45.501,target,pistol,0s,1,1,1,100,400,0.25,false
620,16:49:46.306,target,pistol,0.267s,2,1,0.5,100,800,0.125,false
621,16:49:47.069,target,pistol,0.324s,2,1,0.5,100,800,0.125,false
622,16:49:47.665,target,pistol,0.216s,2,1,0.5,100,800,0.125,false
623,16:49:48.362,target,pistol,0.309s,2,1,0.5,100,800,0.125,false
624,16:49:49.038,target,pistol,0.265s,2,1,0.5,100,800,0.125,false
625,16:49:49.643,target,pistol,0.273s,2,1,0.5,100,800,0.125,false
626,16:49:50.646,target,pistol,0.211s,2,1,0.5,100,800,0.125,false
627,16:49:51.145,target,pistol,0s,1,1,1,100,400,0.25,false
628,16:49:51.538,target,pistol,0.001s,1,1,1,100,400,0.25,false
629,16:49:51.978,target,pistol,0s,1,1,1,100,400,0.25,false
630,16:49:53.039,target,pistol,0.263s,2,1,0.5,100,800,0.125,false
631,16:49:53.926,target,pistol,0s,1,1,1,100,400,0.25,false
632,16:49:54.294,target,pistol,0s,1,1,1,100,400,0.25,false
633,16:49:54.706,target,pistol,0s,1,1,1,100,400,0.25,false
634,16:49:55.141,target,pistol,0s,1,1,1,100,400,0.25,false
635,16:49:55.624,target,pistol,0s,1,1,1,100,400,0.25,false
636,16:49:56.108,target,pistol,0s,1,1,1,100,400,0.25,false
637,16:49:56.884,target,pistol,0.304s,2,1,0.5,100,800,0.125,false
638,16:49:57.282,target,pistol,0s,1,1,1,100,400,0.25,false
639,16:49:57.888,target,pistol,0s,1,1,1,100,400,0.25,false
640,16:49:58.542,target,pistol,0.243s,2,1,0.5,100,800,0.125,false
641,16:49:58.982,target,pistol,0s,1,1,1,100,400,0.25,false
642,16:49:59.468,target,pistol,0s,1,1,1,100,400,0.25,false
643,16:50:00.254,target,pistol,0s,1,1,1,100,400,0.25,false
644,16:50:00.863,target,pistol,0s,1,1,1,100,400,0.25,false
645,16:50:01.293,target,pistol,0s,1,1,1,100,400,0.25,false
646,16:50:02.806,target,pistol,0.255s,2,1,0.5,100,800,0.125,false
647,16:50:03.203,target,pistol,0s,1,1,1,100,400,0.25,false
648,16:50:03.818,target,pistol,0.001s,1,1,1,100,400,0.25,false
649,16:50:04.276,target,pistol,0s,1,1,1,100,400,0.25,false
650,16:50:05.539,target,pistol,0.832s,3,1,0.333,100,1200,0.083,false
651,16:50:06.527,target,pistol,0.562s,3,1,0.333,100,1200,0.083,false
652,16:50:06.916,target,pistol,0s,1,1,1,100,400,0.25,false
653,16:50:07.383,target,pistol,0s,1,1,1,100,400,0.25,false
654,16:50:07.962,target,pistol,0s,1,1,1,100,400,0.25,false
655,16:50:08.837,target,pistol,0.308s,2,1,0.5,100,800,0.125,false
656,16:50:09.340,target,pistol,0s,1,1,1,100,400,0.25,false
657,16:50:09.753,target,pistol,0s,1,1,1,100,400,0.25,false
658,16:50:10.492,target,pistol,0.293s,2,1,0.5,100,800,0.125,false
659,16:50:10.870,target,pistol,0s,1,1,1,100,400,0.25,false
660,16:50:11.252,target,pistol,0s,1,1,1,100,400,0.25,false
661,16:50:11.903,target,pistol,0.229s,2,1,0.5,100,800,0.125,false
662,16:50:13.004,target,pistol,0.236s,2,1,0.5,100,800,0.125,false
663,16:50:13.739,target,pistol,0.298s,2,1,0.5,100,800,0.125,false
664,16:50:14.387,target,pistol,0.239s,2,1,0.5,100,800,0.125,false
665,16:50:14.849,target,pistol,0.001s,1,1,1,100,400,0.25,false
666,16:50:15.492,target,pistol,0.231s,2,1,0.5,100,800,0.125,false
667,16:50:16.292,target,pistol,0s,1,1,1,100,400,0.25,false
668,16:50:17.081,target,pistol,0s,1,1,1,100,400,0.25,false
669,16:50:18.106,target,pistol,0.297s,2,1,0.5,100,800,0.125,false
670,16:50:18.798,target,pistol,0.242s,2,1,0.5,100,800,0.125,false
671,16:50:19.165,target,pistol,0s,1,1,1,100,400,0.25,false
672,16:50:19.600,target,pistol,0s,1,1,1,100,400,0.25,false
673,16:50:20.073,target,pistol,0s,1,1,1,100,400,0.25,false
674,16:50:20.517,target,pistol,0.001s,1,1,1,100,400,0.25,false
675,16:50:21.237,target,pistol,0s,1,1,1,100,400,0.25,false
676,16:50:21.712,target,pistol,0s,1,1,1,100,400,0.25,false
677,16:50:22.151,target,pistol,0s,1,1,1,100,400,0.25,false
678,16:50:23.565,target,pistol,0.834s,3,1,0.333,100,1200,0.083,false
679,16:50:24.015,target,pistol,0s,1,1,1,100,400,0.25,false
680,16:50:24.715,target,pistol,0s,1,1,1,100,400,0.25,false
681,16:50:25.070,target,pistol,0s,1,1,1,100,400,0.25,false
682,16:50:25.651,target,pistol,0s,1,1,1,100,400,0.25,false
683,16:50:26.170,target,pistol,0s,1,1,1,100,400,0.25,false
684,16:50:26.599,target,pistol,0s,1,1,1,100,400,0.25,false
685,16:50:27.945,target,pistol,0.399s,2,1,0.5,100,800,0.125,false
686,16:50:28.559,target,pistol,0s,1,1,1,100,400,0.25,false
687,16:50:29.594,target,pistol,0.22s,2,1,0.5,100,800,0.125,false
688,16:50:30.548,target,pistol,0.548s,2,1,0.5,100,800,0.125,false
689,16:50:31.314,target,pistol,0.285s,2,1,0.5,100,800,0.125,false
690,16:50:31.809,target,pistol,0s,1,1,1,100,400,0.25,false
691,16:50:32.722,target,pistol,0.431s,2,1,0.5,100,800,0.125,false
692,16:50:33.554,target,pistol,0.299s,2,1,0.5,100,800,0.125,false
693,16:50:34.060,target,pistol,0s,1,1,1,100,400,0.25,false
694,16:50:34.638,target,pistol,0s,1,1,1,100,400,0.25,false
695,16:50:35.360,target,pistol,0.229s,2,1,0.5,100,800,0.125,false
696,16:50:36.224,target,pistol,0.35s,2,1,0.5,100,800,0.125,false
697,16:50:37.027,target,pistol,0.26s,2,1,0.5,100,800,0.125,false
698,16:50:37.893,target,pistol,0.292s,2,1,0.5,100,800,0.125,false
699,16:50:38.475,target,pistol,0s,1,1,1,100,400,0.25,false
700,16:50:39.091,target,pistol,0s,1,1,1,100,400,0.25,false
701,16:50:39.721,target,pistol,0s,1,1,1,100,400,0.25,false
702,16:50:40.240,target,pistol,0s,1,1,1,100,400,0.25,false
703,16:50:40.762,target,pistol,0.001s,1,1,1,100,400,0.25,false
704,16:50:41.221,target,pistol,0.001s,1,1,1,100,400,0.25,false
705,16:50:42.000,target,pistol,0.323s,2,1,0.5,100,800,0.125,false
706,16:50:42.428,target,pistol,0s,1,1,1,100,400,0.25,false
707,16:50:43.040,target,pistol,0.227s,2,1,0.5,100,800,0.125,false
708,16:50:43.511,target,pistol,0s,1,1,1,100,400,0.25,false
709,16:50:43.980,target,pistol,0s,1,1,1,100,400,0.25,false
710,16:50:44.479,target,pistol,0s,1,1,1,100,400,0.25,false
711,16:50:44.946,target,pistol,0s,1,1,1,100,400,0.25,false
712,16:50:45.600,target,pistol,0s,1,1,1,100,400,0.25,false
713,16:50:46.226,target,pistol,0s,1,1,1,100,400,0.25,false
714,16:50:46.847,target,pistol,0s,1,1,1,100,400,0.25,false
715,16:50:47.805,target,pistol,0.258s,2,1,0.5,100,800,0.125,false
716,16:50:48.246,target,pistol,0s,1,1,1,100,400,0.25,false
717,16:50:48.730,target,pistol,0s,1,1,1,100,400,0.25,false
718,16:50:49.704,target,pistol,0.362s,2,1,0.5,100,800,0.125,false
719,16:50:50.506,target,pistol,0.385s,2,1,0.5,100,800,0.125,false
720,16:50:51.363,target,pistol,0.309s,2,1,0.5,100,800,0.125,false
721,16:50:51.984,target,pistol,0s,1,1,1,100,400,0.25,false
722,16:50:52.467,target,pistol,0.001s,1,1,1,100,400,0.25,false
723,16:50:53.370,target,pistol,0.284s,2,1,0.5,100,800,0.125,false
724,16:50:53.800,target,pistol,0s,1,1,1,100,400,0.25,false
725,16:50:54.300,target,pistol,0s,1,1,1,100,400,0.25,false
726,16:50:54.822,target,pistol,0s,1,1,1,100,400,0.25,false
727,16:50:55.713,target,pistol,0.469s,2,1,0.5,100,800,0.125,false
728,16:50:56.816,target,pistol,0.653s,3,1,0.333,100,1200,0.083,false
729,16:50:57.188,target,pistol,0s,1,1,1,100,400,0.25,false
730,16:50:57.925,target,pistol,0.305s,2,1,0.5,100,800,0.125,false
731,16:50:58.956,target,pistol,0.634s,2,1,0.5,100,800,0.125,false
732,16:50:59.871,target,pistol,0.339s,2,1,0.5,100,800,0.125,false
733,16:51:00.566,target,pistol,0.264s,2,1,0.5,100,800,0.125,false
734,16:51:01.030,target,pistol,0s,1,1,1,100,400,0.25,false
735,16:51:01.438,target,pistol,0s,1,1,1,100,400,0.25,false
736,16:51:01.954,target,pistol,0s,1,1,1,100,400,0.25,false
737,16:51:02.382,target,pistol,0s,1,1,1,100,400,0.25,false
738,16:51:03.694,target,pistol,0.734s,3,1,0.333,100,1200,0.083,false
739,16:51:04.526,target,pistol,0.33s,2,1,0.5,100,800,0.125,false
740,16:51:05.210,target,pistol,0s,1,1,1,100,400,0.25,false
741,16:51:05.744,target,pistol,0.001s,1,1,1,100,400,0.25,false
742,16:51:06.363,target,pistol,0s,1,1,1,100,400,0.25,false
743,16:51:07.390,target,pistol,0s,1,1,1,100,400,0.25,false
744,16:51:08.062,target,pistol,0.219s,2,1,0.5,100,800,0.125,false
745,16:51:08.459,target,pistol,0s,1,1,1,100,400,0.25,false
746,16:51:09.294,target,pistol,0.25s,2,1,0.5,100,800,0.125,false
747,16:51:09.957,target,pistol,0.219s,2,1,0.5,100,800,0.125,false
748,16:51:10.635,target,pistol,0.264s,2,1,0.5,100,800,0.125,false
749,16:51:11.251,target,pistol,0s,1,1,1,100,400,0.25,false
750,16:51:11.944,target,pistol,0.236s,2,1,0.5,100,800,0.125,false
751,16:51:12.431,target,pistol,0s,1,1,1,100,400,0.25,false
752,16:51:13.235,target,pistol,0s,1,1,1,100,400,0.25,false
753,16:51:14.235,target,pistol,0.283s,2,1,0.5,100,800,0.125,false
754,16:51:14.679,target,pistol,0.001s,1,1,1,100,400,0.25,false
755,16:51:15.126,target,pistol,0s,1,1,1,100,400,0.25,false
756,16:51:15.572,target,pistol,0s,1,1,1,100,400,0.25,false
757,16:51:16.080,target,pistol,0s,1,1,1,100,400,0.25,false
758,16:51:16.510,target,pistol,0s,1,1,1,100,400,0.25,false
759,16:51:18.060,target,pistol,0.231s,2,1,0.5,100,800,0.125,false
760,16:51:18.795,target,pistol,0.001s,1,1,1,100,400,0.25,false
761,16:51:19.222,target,pistol,0s,1,1,1,100,400,0.25,false
762,16:51:19.624,target,pistol,0s,1,1,1,100,400,0.25,false
763,16:51:20.342,target,pistol,0.293s,2,1,0.5,100,800,0.125,false
764,16:51:20.787,target,pistol,0s,1,1,1,100,400,0.25,false
765,16:51:21.365,target,pistol,0.001s,1,1,1,100,400,0.25,false
766,16:51:21.816,target,pistol,0s,1,1,1,100,400,0.25,false
767,16:51:22.532,target,pistol,0.252s,2,1,0.5,100,800,0.125,false
768,16:51:23.268,target,pistol,0.319s,2,1,0.5,100,800,0.125,false
769,16:51:23.621,target,pistol,0s,1,1,1,100,400,0.25,false
770,16:51:24.348,target,pistol,0.219s,2,1,0.5,100,800,0.125,false
771,16:51:25.251,target,pistol,0s,1,1,1,100,400,0.25,false
772,16:51:25.695,target,pistol,0s,1,1,1,100,400,0.25,false
773,16:51:26.170,target,pistol,0s,1,1,1,100,400,0.25,false
774,16:51:27.110,target,pistol,0.233s,2,1,0.5,100,800,0.125,false
775,16:51:27.834,target,pistol,0.258s,2,1,0.5,100,800,0.125,false
776,16:51:28.509,target,pistol,0.283s,2,1,0.5,100,800,0.125,false
777,16:51:28.877,target,pistol,0s,1,1,1,100,400,0.25,false
778,16:51:29.621,target,pistol,0.266s,2,1,0.5,100,800,0.125,false
779,16:51:30.460,target,pistol,0.193s,2,1,0.5,100,800,0.125,false
780,16:51:31.077,target,pistol,0.001s,1,1,1,100,400,0.25,false
781,16:51:31.488,target,pistol,0s,1,1,1,100,400,0.25,false
782,16:51:31.951,target,pistol,0s,1,1,1,100,400,0.25,false
783,16:51:32.463,target,pistol,0s,1,1,1,100,400,0.25,false
784,16:51:33.174,target,pistol,0.297s,2,1,0.5,100,800,0.125,false
785,16:51:33.694,target,pistol,0s,1,1,1,100,400,0.25,false
786,16:51:34.419,target,pistol,0.001s,1,1,1,100,400,0.25,false
787,16:51:34.833,target,pistol,0s,1,1,1,100,400,0.25,false
788,16:51:35.369,target,pistol,0s,1,1,1,100,400,0.25,false
789,16:51:35.736,target,pistol,0s,1,1,1,100,400,0.25,false
790,16:51:36.475,target,pistol,0s,1,1,1,100,400,0.25,false
791,16:51:37.105,target,pistol,0.228s,2,1,0.5,100,800,0.125,false
792,16:51:37.520,target,pistol,0s,1,1,1,100,400,0.25,false
793,16:51:38.705,target,pistol,0.742s,4,1,0.25,100,1600,0.062,false
794,16:51:39.146,target,pistol,0s,1,1,1,100,400,0.25,false
795,16:51:39.626,target,pistol,0s,1,1,1,100,400,0.25,false
796,16:51:40.398,target,pistol,0.279s,2,1,0.5,100,800,0.125,false
797,16:51:40.851,target,pistol,0.001s,1,1,1,100,400,0.25,false
798,16:51:41.331,target,pistol,0s,1,1,1,100,400,0.25,false
799,16:51:41.781,target,pistol,0s,1,1,1,100,400,0.25,false
800,16:51:42.661,target,pistol,0.001s,1,1,1,100,400,0.25,false
801,16:51:43.301,target,pistol,0.001s,1,1,1,100,400,0.25,false
802,16:51:44.053,target,pistol,0.288s,2,1,0.5,100,800,0.125,false
803,16:51:45.281,target,pistol,0.801s,3,1,0.333,100,1200,0.083,false
804,16:51:45.830,target,pistol,0s,1,1,1,100,400,0.25,false
805,16:51:46.314,target,pistol,0s,1,1,1,100,400,0.25,false
806,16:51:46.880,target,pistol,0s,1,1,1,100,400,0.25,false
807,16:51:47.290,target,pistol,0s,1,1,1,100,400,0.25,false
808,16:51:48.105,target,pistol,0.313s,2,1,0.5,100,800,0.125,false
809,16:51:48.613,target,pistol,0s,1,1,1,100,400,0.25,false
810,16:51:49.062,target,pistol,0s,1,1,1,100,400,0.25,false
811,16:51:50.068,target,pistol,0s,1,1,1,100,400,0.25,false
812,16:51:50.803,target,pistol,0.27s,2,1,0.5,100,800,0.125,false
813,16:51:51.213,target,pistol,0s,1,1,1,100,400,0.25,false
814,16:51:51.943,target,pistol,0s,1,1,1,100,400,0.25,false
815,16:51:52.377,target,pistol,0s,1,1,1,100,400,0.25,false
816,16:51:52.729,target,pistol,0s,1,1,1,100,400,0.25,false
817,16:51:53.194,target,pistol,0s,1,1,1,100,400,0.25,false
818,16:51:53.635,target,pistol,0s,1,1,1,100,400,0.25,false
819,16:51:54.083,target,pistol,0s,1,1,1,100,400,0.25,false
820,16:51:54.529,target,pistol,0.001s,1,1,1,100,400,0.25,false
821,16:51:54.984,target,pistol,0s,1,1,1,100,400,0.25,false
822,16:51:55.396,target,pistol,0s,1,1,1,100,400,0.25,false
823,16:51:56.249,target,pistol,0s,1,1,1,100,400,0.25,false
824,16:51:56.646,target,pistol,0s,1,1,1,100,400,0.25,false
825,16:51:57.063,target,pistol,0s,1,1,1,100,400,0.25,false
826,16:51:57.470,target,pistol,0s,1,1,1,100,400,0.25,false
827,16:51:58.287,target,pistol,0.346s,2,1,0.5,100,800,0.125,false
828,16:51:59.123,target,pistol,0.364s,2,1,0.5,100,800,0.125,false
829,16:51:59.539,target,pistol,0s,1,1,1,100,400,0.25,false
830,16:52:00.054,target,pistol,0s,1,1,1,100,400,0.25,false
831,16:52:00.505,target,pistol,0s,1,1,1,100,400,0.25,false
832,16:52:01.316,target,pistol,0.34s,2,1,0.5,100,800,0.125,false
833,16:52:01.960,target,pistol,0.231s,2,1,0.5,100,800,0.125,false
834,16:52:02.440,target,pistol,0s,1,1,1,100,400,0.25,false
835,16:52:03.065,target,pistol,0.246s,2,1,0.5,100,800,0.125,false
836,16:52:03.463,target,pistol,0s,1,1,1,100,400,0.25,false
837,16:52:04.116,target,pistol,0.239s,2,1,0.5,100,800,0.125,false
838,16:52:04.878,target,pistol,0.304s,2,1,0.5,100,800,0.125,false
839,16:52:05.370,target,pistol,0s,1,1,1,100,400,0.25,false
840,16:52:05.783,target,pistol,0s,1,1,1,100,400,0.25,false
841,16:52:06.579,target,pistol,0.28s,2,1,0.5,100,800,0.125,false
842,16:52:07.003,target,pistol,0s,1,1,1,100,400,0.25,false
843,16:52:07.711,target,pistol,0.241s,2,1,0.5,100,800,0.125,false
844,16:52:08.140,target,pistol,0s,1,1,1,100,400,0.25,false
845,16:52:08.552,target,pistol,0s,1,1,1,100,400,0.25,false
846,16:52:09.425,target,pistol,0.435s,2,1,0.5,100,800,0.125,false
847,16:52:09.952,target,pistol,0s,1,1,1,100,400,0.25,false
848,16:52:10.363,target,pistol,0s,1,1,1,100,400,0.25,false
849,16:52:10.761,target,pistol,0.001s,1,1,1,100,400,0.25,false
850,16:52:11.574,target,pistol,0.306s,2,1,0.5,100,800,0.125,false
851,16:52:11.994,target,pistol,0s,1,1,1,100,400,0.25,false
852,16:52:13.118,target,pistol,0.198s,2,1,0.5,100,800,0.125,false
853,16:52:13.526,target,pistol,0s,1,1,1,100,400,0.25,false
854,16:52:14.246,target,pistol,0.327s,2,1,0.5,100,800,0.125,false
855,16:52:14.703,target,pistol,0s,1,1,1,100,400,0.25,false
856,16:52:15.249,target,pistol,0s,1,1,1,100,400,0.25,false
857,16:52:15.690,target,pistol,0s,1,1,1,100,400,0.25,false
858,16:52:16.084,target,pistol,0s,1,1,1,100,400,0.25,false
859,16:52:16.508,target,pistol,0s,1,1,1,100,400,0.25,false
860,16:52:16.937,target,pistol,0s,1,1,1,100,400,0.25,false
861,16:52:17.911,target,pistol,0s,1,1,1,100,400,0.25,false
862,16:52:18.706,target,pistol,0.273s,2,1,0.5,100,800,0.125,false
863,16:52:19.141,target,pistol,0s,1,1,1,100,400,0.25,false
864,16:52:19.572,target,pistol,0s,1,1,1,100,400,0.25,false
865,16:52:19.953,target,pistol,0s,1,1,1,100,400,0.25,false
866,16:52:20.440,target,pistol,0.001s,1,1,1,100,400,0.25,false
867,16:52:20.823,target,pistol,0s,1,1,1,100,400,0.25,false
868,16:52:21.681,target,pistol,0.277s,2,1,0.5,100,800,0.125,false
869,16:52:22.222,target,pistol,0s,1,1,1,100,400,0.25,false
870,16:52:22.765,target,pistol,0s,1,1,1,100,400,0.25,false
871,16:52:23.759,target,pistol,0.56s,3,1,0.333,100,1200,0.083,false
872,16:52:24.460,target,pistol,0.253s,2,1,0.5,100,800,0.125,false
873,16:52:25.012,target,pistol,0.226s,2,1,0.5,100,800,0.125,false
874,16:52:25.842,target,pistol,0.395s,2,1,0.5,100,800,0.125,false
875,16:52:26.507,target,pistol,0s,1,1,1,100,400,0.25,false
876,16:52:26.921,target,pistol,0s,1,1,1,100,400,0.25,false
877,16:52:28.251,target,pistol,0s,1,1,1,100,400,0.25,false
878,16:52:28.838,target,pistol,0s,1,1,1,100,400,0.25,false
879,16:52:29.596,target,pistol,0.185s,2,1,0.5,100,800,0.125,false
880,16:52:29.984,target,pistol,0s,1,1,1,100,400,0.25,false
881,16:52:30.834,target,pistol,0.406s,2,1,0.5,100,800,0.125,false
882,16:52:31.259,target,pistol,0s,1,1,1,100,400,0.25,false
883,16:52:32.205,target,pistol,0.406s,2,1,0.5,100,800,0.125,false
884,16:52:32.914,target,pistol,0s,1,1,1,100,400,0.25,false
885,16:52:33.344,target,pistol,0s,1,1,1,100,400,0.25,false
886,16:52:34.130,target,pistol,0s,1,1,1,100,400,0.25,false
887,16:52:35.023,target,pistol,0.374s,2,1,0.5,100,800,0.125,false
888,16:52:36.004,target,pistol,0.23s,2,1,0.5,100,800,0.125,false
889,16:52:36.980,target,pistol,0.261s,2,1,0.5,100,800,0.125,false
890,16:52:38.102,target,pistol,0.535s,3,1,0.333,100,1200,0.083,false
891,16:52:38.748,target,pistol,0.18s,2,1,0.5,100,800,0.125,false
892,16:52:39.544,target,pistol,0.186s,2,1,0.5,100,800,0.125,false
893,16:52:40.543,target,pistol,0.499s,3,1,0.333,100,1200,0.083,false
894,16:52:40.990,target,pistol,0s,1,1,1,100,400,0.25,false
895,16:52:41.678,target,pistol,0.221s,2,1,0.5,100,800,0.125,false
896,16:52:42.496,target,pistol,0.198s,2,1,0.5,100,800,0.125,false
897,16:52:43.466,target,pistol,0s,1,1,1,100,400,0.25,false
898,16:52:43.992,target,pistol,0s,1,1,1,100,400,0.25,false
899,16:52:44.559,target,pistol,0s,1,1,1,100,400,0.25,false
900,16:52:45.409,target,pistol,0.279s,2,1,0.5,100,800,0.125,false
901,16:52:46.286,target,pistol,0.405s,2,1,0.5,100,800,0.125,false
902,16:52:46.775,target,pistol,0s,1,1,1,100,400,0.25,false
903,16:52:47.604,target,pistol,0.292s,2,1,0.5,100,800,0.125,false
904,16:52:48.235,target,pistol,0s,1,1,1,100,400,0.25,false
905,16:52:48.757,target,pistol,0s,1,1,1,100,400,0.25,false
906,16:52:49.696,target,pistol,0.432s,2,1,0.5,100,800,0.125,false
907,16:52:50.611,target,pistol,0.274s,2,1,0.5,100,800,0.125,false
908,16:52:51.479,target,pistol,0.375s,2,1,0.5,100,800,0.125,false
909,16:52:51.951,target,pistol,0s,1,1,1,100,400,0.25,false
910,16:52:52.450,target,pistol,0s,1,1,1,100,400,0.25,false
911,16:52:52.913,target,pistol,0s,1,1,1,100,400,0.25,false
912,16:52:53.806,target,pistol,0.421s,3,1,0.333,100,1200,0.083,false
913,16:52:54.437,target,pistol,0.195s,2,1,0.5,100,800,0.125,false
914,16:52:55.163,target,pistol,0.266s,2,1,0.5,100,800,0.125,false

Weapon,Shots,Hits,Damage Done,Damage Possible,,Sens Scale,Horiz Sens,Vert Sens,FOV,Hide Gun,Crosshair,Crosshair Scale,Crosshair Color,ADS Sens,ADS Zoom Scale
pistol,1306,914,91400.0,522400.0,,,,,,false,plus.png,1.0,FFFF00,,,

Kills:,914
Deaths:,0
Fight Time:,120.355003
Avg TTK:,0
Damage Done:,91400.0
Damage Taken:,0.0
Midairs:,0
Midaired:,0
Directs:,0
Directed:,0
Reloads:,0
Distance Traveled:,0.0
Score:,639.660034
Scenario:,1wall 1target - 10 Min
Hash:,5d1a7fbc3869f04da63186cd05e39c20
Game Version:,2.0.5.3
Challenge Start:,16:42:55.977
Pause Count:,8
Pause Duration:,369

Input Lag:,0
Max FPS (config):,999.0
Sens Scale:,Call of Duty
Horiz Sens:,7.5
Vert Sens:,7.5
FOV:,100.0
Hide Gun:,false
Crosshair:,plus.png
Crosshair Scale:,1.0
Crosshair Color:,FFFF00
Resolution,1920x1080
Avg FPS,322.7258
Resolution Scale,100.0
