Kill #,Timestamp,Bot,Weapon,TTK,Shots,Hits,Accuracy,Damage Done,Damage Possible,Efficiency,Cheated
1,14:33:28.807,target,pistol,0s,1,1,1,25,50,0.5,false
2,14:33:29.592,target,pistol,0s,1,1,1,25,50,0.5,false
3,14:33:30.521,target,pistol,0s,1,1,1,25,50,0.5,false
4,14:33:31.160,target,pistol,0.001s,1,1,1,25,50,0.5,false
5,14:33:31.841,target,pistol,0s,1,1,1,25,50,0.5,false
6,14:33:32.605,target,pistol,0.001s,1,1,1,25,50,0.5,false
7,14:33:33.365,target,pistol,0s,1,1,1,25,50,0.5,false
8,14:33:34.060,target,pistol,0s,1,1,1,25,50,0.5,false
9,14:33:34.715,target,pistol,0s,1,1,1,25,50,0.5,false
10,14:33:35.439,target,pistol,0s,1,1,1,25,50,0.5,false
11,14:33:35.969,target,pistol,0s,1,1,1,25,50,0.5,false
12,14:33:36.648,target,pistol,0s,1,1,1,25,50,0.5,false
13,14:33:37.533,target,pistol,0s,1,1,1,25,50,0.5,false
14,14:33:38.308,target,pistol,0s,1,1,1,25,50,0.5,false
15,14:33:39.116,target,pistol,0s,1,1,1,25,50,0.5,false
16,14:33:39.926,target,pistol,0s,1,1,1,25,50,0.5,false
17,14:33:40.426,target,pistol,0s,1,1,1,25,50,0.5,false
18,14:33:41.004,target,pistol,0s,1,1,1,25,50,0.5,false
19,14:33:41.742,target,pistol,0s,1,1,1,25,50,0.5,false
20,14:33:42.430,target,pistol,0s,1,1,1,25,50,0.5,false
21,14:33:43.043,target,pistol,0s,1,1,1,25,50,0.5,false
22,14:33:43.828,target,pistol,0s,1,1,1,25,50,0.5,false
23,14:33:44.490,target,pistol,0s,1,1,1,25,50,0.5,false
24,14:33:45.267,target,pistol,0s,1,1,1,25,50,0.5,false
25,14:33:46.102,target,pistol,0.221s,2,1,0.5,25,100,0.25,false
26,14:33:47.071,target,pistol,0.512s,2,1,0.5,25,100,0.25,false
27,14:33:47.837,target,pistol,0.001s,1,1,1,25,50,0.5,false
28,14:33:48.506,target,pistol,0s,1,1,1,25,50,0.5,false
29,14:33:49.353,target,pistol,0.322s,2,1,0.5,25,100,0.25,false
30,14:33:50.376,target,pistol,0s,1,1,1,25,50,0.5,false
31,14:33:51.284,target,pistol,0.001s,1,1,1,25,50,0.5,false
32,14:33:52.327,target,pistol,0.29s,2,1,0.5,25,100,0.25,false
33,14:33:53.412,target,pistol,0s,1,1,1,25,50,0.5,false
34,14:33:54.361,target,pistol,0s,1,1,1,25,50,0.5,false
35,14:33:55.381,target,pistol,0s,1,1,1,25,50,0.5,false
36,14:33:56.003,target,pistol,0s,1,1,1,25,50,0.5,false
37,14:33:56.751,target,pistol,0s,1,1,1,25,50,0.5,false
38,14:33:57.407,target,pistol,0s,1,1,1,25,50,0.5,false
39,14:33:58.340,target,pistol,0s,1,1,1,25,50,0.5,false
40,14:33:58.983,target,pistol,0s,1,1,1,25,50,0.5,false
41,14:33:59.757,target,pistol,0s,1,1,1,25,50,0.5,false
42,14:34:00.373,target,pistol,0s,1,1,1,25,50,0.5,false
43,14:34:00.941,target,pistol,0.001s,1,1,1,25,50,0.5,false
44,14:34:03.007,target,pistol,1.525s,4,1,0.25,25,200,0.125,false
45,14:34:03.610,target,pistol,0.001s,1,1,1,25,50,0.5,false
46,14:34:05.058,target,pistol,0.406s,2,1,0.5,25,100,0.25,false
47,14:34:05.617,target,pistol,0s,1,1,1,25,50,0.5,false
48,14:34:07.139,target,pistol,0.575s,3,1,0.333,25,150,0.167,false
49,14:34:07.991,target,pistol,0.273s,2,1,0.5,25,100,0.25,false
50,14:34:08.679,target,pistol,0s,1,1,1,25,50,0.5,false
51,14:34:09.334,target,pistol,0s,1,1,1,25,50,0.5,false
52,14:34:10.150,target,pistol,0s,1,1,1,25,50,0.5,false
53,14:34:10.668,target,pistol,0s,1,1,1,25,50,0.5,false
54,14:34:11.593,target,pistol,0s,1,1,1,25,50,0.5,false
55,14:34:12.393,target,pistol,0s,1,1,1,25,50,0.5,false
56,14:34:13.005,target,pistol,0s,1,1,1,25,50,0.5,false
57,14:34:13.513,target,pistol,0s,1,1,1,25,50,0.5,false
58,14:34:14.094,target,pistol,0s,1,1,1,25,50,0.5,false
59,14:34:14.899,target,pistol,0s,1,1,1,25,50,0.5,false
60,14:34:15.949,target,pistol,0.299s,2,1,0.5,25,100,0.25,false
61,14:34:16.509,target,pistol,0s,1,1,1,25,50,0.5,false
62,14:34:17.564,target,pistol,0.55s,2,1,0.5,25,100,0.25,false
63,14:34:18.230,target,pistol,0s,1,1,1,25,50,0.5,false
64,14:34:19.079,target,pistol,0.001s,1,1,1,25,50,0.5,false
65,14:34:19.881,target,pistol,0s,1,1,1,25,50,0.5,false
66,14:34:20.498,target,pistol,0s,1,1,1,25,50,0.5,false
67,14:34:21.562,target,pistol,0.187s,2,1,0.5,25,100,0.25,false
68,14:34:22.341,target,pistol,0s,1,1,1,25,50,0.5,false
69,14:34:22.996,target,pistol,0s,1,1,1,25,50,0.5,false
70,14:34:23.772,target,pistol,0s,1,1,1,25,50,0.5,false
71,14:34:24.743,target,pistol,0.314s,2,1,0.5,25,100,0.25,false
72,14:34:25.475,target,pistol,0s,1,1,1,25,50,0.5,false
73,14:34:26.375,target,pistol,0.001s,1,1,1,25,50,0.5,false
74,14:34:27.083,target,pistol,0s,1,1,1,25,50,0.5,false
75,14:34:27.946,target,pistol,0s,1,1,1,25,50,0.5,false
76,14:34:28.495,target,pistol,0s,1,1,1,25,50,0.5,false
77,14:34:29.397,target,pistol,0s,1,1,1,25,50,0.5,false
78,14:34:30.189,target,pistol,0s,1,1,1,25,50,0.5,false
79,14:34:30.935,target,pistol,0s,1,1,1,25,50,0.5,false
80,14:34:31.782,target,pistol,0.001s,1,1,1,25,50,0.5,false
81,14:34:32.772,target,pistol,0s,1,1,1,25,50,0.5,false
82,14:34:34.199,target,pistol,0.757s,2,1,0.5,25,100,0.25,false
83,14:34:34.945,target,pistol,0.001s,1,1,1,25,50,0.5,false
84,14:34:35.586,target,pistol,0s,1,1,1,25,50,0.5,false
85,14:34:36.949,target,pistol,0.824s,3,1,0.333,25,150,0.167,false
86,14:34:37.457,target,pistol,0s,1,1,1,25,50,0.5,false
87,14:34:38.108,target,pistol,0s,1,1,1,25,50,0.5,false
88,14:34:38.880,target,pistol,0s,1,1,1,25,50,0.5,false
89,14:34:39.683,target,pistol,0s,1,1,1,25,50,0.5,false
90,14:34:40.684,target,pistol,0s,1,1,1,25,50,0.5,false
91,14:34:41.575,target,pistol,0s,1,1,1,25,50,0.5,false
92,14:34:42.169,target,pistol,0s,1,1,1,25,50,0.5,false
93,14:34:42.935,target,pistol,0s,1,1,1,25,50,0.5,false
94,14:34:44.085,target,pistol,0s,1,1,1,25,50,0.5,false
95,14:34:44.719,target,pistol,0.001s,1,1,1,25,50,0.5,false
96,14:34:45.574,target,pistol,0s,1,1,1,25,50,0.5,false
97,14:34:46.234,target,pistol,0s,1,1,1,25,50,0.5,false
98,14:34:47.056,target,pistol,0s,1,1,1,25,50,0.5,false
99,14:34:48.144,target,pistol,0s,1,1,1,25,50,0.5,false
100,14:34:48.991,target,pistol,0.001s,1,1,1,25,50,0.5,false
101,14:34:49.741,target,pistol,0s,1,1,1,25,50,0.5,false
102,14:34:50.712,target,pistol,0s,1,1,1,25,50,0.5,false
103,14:34:51.277,target,pistol,0s,1,1,1,25,50,0.5,false
104,14:34:52.057,target,pistol,0s,1,1,1,25,50,0.5,false
105,14:34:53.476,target,pistol,0.287s,2,1,0.5,25,100,0.25,false
106,14:34:54.122,target,pistol,0s,1,1,1,25,50,0.5,false
107,14:34:54.725,target,pistol,0s,1,1,1,25,50,0.5,false
108,14:34:55.672,target,pistol,0s,1,1,1,25,50,0.5,false
109,14:34:56.437,target,pistol,0s,1,1,1,25,50,0.5,false
110,14:34:57.388,target,pistol,0s,1,1,1,25,50,0.5,false
111,14:34:58.422,target,pistol,0s,1,1,1,25,50,0.5,false
112,14:34:59.124,target,pistol,0.001s,1,1,1,25,50,0.5,false
113,14:34:59.712,target,pistol,0s,1,1,1,25,50,0.5,false
114,14:35:00.199,target,pistol,0s,1,1,1,25,50,0.5,false
115,14:35:00.839,target,pistol,0s,1,1,1,25,50,0.5,false
116,14:35:01.428,target,pistol,0s,1,1,1,25,50,0.5,false
117,14:35:02.671,target,pistol,0s,1,1,1,25,50,0.5,false
118,14:35:03.474,target,pistol,0s,1,1,1,25,50,0.5,false
119,14:35:04.237,target,pistol,0s,1,1,1,25,50,0.5,false
120,14:35:04.664,target,pistol,0s,1,1,1,25,50,0.5,false
121,14:35:05.782,target,pistol,0.235s,2,1,0.5,25,100,0.25,false
122,14:35:06.644,target,pistol,0s,1,1,1,25,50,0.5,false
123,14:35:07.398,target,pistol,0s,1,1,1,25,50,0.5,false
124,14:35:07.904,target,pistol,0s,1,1,1,25,50,0.5,false
125,14:35:08.591,target,pistol,0.001s,1,1,1,25,50,0.5,false
126,14:35:09.360,target,pistol,0s,1,1,1,25,50,0.5,false
127,14:35:09.768,target,pistol,0s,1,1,1,25,50,0.5,false
128,14:35:10.314,target,pistol,0.001s,1,1,1,25,50,0.5,false
129,14:35:11.138,target,pistol,0s,1,1,1,25,50,0.5,false
130,14:35:11.893,target,pistol,0s,1,1,1,25,50,0.5,false
131,14:35:12.739,target,pistol,0s,1,1,1,25,50,0.5,false
132,14:35:13.918,target,pistol,0.794s,2,1,0.5,25,100,0.25,false
133,14:35:14.727,target,pistol,0s,1,1,1,25,50,0.5,false
134,14:35:15.979,target,pistol,0.609s,2,1,0.5,25,100,0.25,false
135,14:35:16.761,target,pistol,0s,1,1,1,25,50,0.5,false
136,14:35:17.251,target,pistol,0s,1,1,1,25,50,0.5,false
137,14:35:18.104,target,pistol,0s,1,1,1,25,50,0.5,false
138,14:35:18.903,target,pistol,0s,1,1,1,25,50,0.5,false
139,14:35:19.640,target,pistol,0s,1,1,1,25,50,0.5,false
140,14:35:20.480,target,pistol,0s,1,1,1,25,50,0.5,false
141,14:35:20.962,target,pistol,0s,1,1,1,25,50,0.5,false
142,14:35:21.633,target,pistol,0s,1,1,1,25,50,0.5,false
143,14:35:22.493,target,pistol,0s,1,1,1,25,50,0.5,false
144,14:35:23.278,target,pistol,0.318s,2,1,0.5,25,100,0.25,false
145,14:35:23.947,target,pistol,0s,1,1,1,25,50,0.5,false
146,14:35:24.896,target,pistol,0s,1,1,1,25,50,0.5,false
147,14:35:25.570,target,pistol,0s,1,1,1,25,50,0.5,false
148,14:35:26.507,target,pistol,0.251s,2,1,0.5,25,100,0.25,false
149,14:35:27.241,target,pistol,0s,1,1,1,25,50,0.5,false
150,14:35:27.993,target,pistol,0s,1,1,1,25,50,0.5,false
151,14:35:28.895,target,pistol,0s,1,1,1,25,50,0.5,false
152,14:35:29.627,target,pistol,0s,1,1,1,25,50,0.5,false
153,14:35:30.435,target,pistol,0s,1,1,1,25,50,0.5,false
154,14:35:31.513,target,pistol,0s,1,1,1,25,50,0.5,false
155,14:35:32.539,target,pistol,0s,1,1,1,25,50,0.5,false
156,14:35:33.191,target,pistol,0s,1,1,1,25,50,0.5,false
157,14:35:33.975,target,pistol,0.001s,1,1,1,25,50,0.5,false
158,14:35:34.879,target,pistol,0.001s,1,1,1,25,50,0.5,false
159,14:35:35.400,target,pistol,0s,1,1,1,25,50,0.5,false
160,14:35:36.316,target,pistol,0s,1,1,1,25,50,0.5,false
161,14:35:36.947,target,pistol,0s,1,1,1,25,50,0.5,false
162,14:35:37.973,target,pistol,0s,1,1,1,25,50,0.5,false
163,14:35:38.524,target,pistol,0s,1,1,1,25,50,0.5,false
164,14:35:39.626,target,pistol,0.302s,2,1,0.5,25,100,0.25,false
165,14:35:40.249,target,pistol,0s,1,1,1,25,50,0.5,false
166,14:35:40.935,target,pistol,0s,1,1,1,25,50,0.5,false
167,14:35:41.698,target,pistol,0s,1,1,1,25,50,0.5,false
168,14:35:42.275,target,pistol,0s,1,1,1,25,50,0.5,false
169,14:35:43.263,target,pistol,0s,1,1,1,25,50,0.5,false
170,14:35:44.233,target,pistol,0s,1,1,1,25,50,0.5,false
171,14:35:44.815,target,pistol,0s,1,1,1,25,50,0.5,false
172,14:35:46.160,target,pistol,0.563s,3,1,0.333,25,150,0.167,false
173,14:35:47.309,target,pistol,0.334s,2,1,0.5,25,100,0.25,false
174,14:35:47.867,target,pistol,0s,1,1,1,25,50,0.5,false
175,14:35:48.637,target,pistol,0.001s,1,1,1,25,50,0.5,false
176,14:35:49.401,target,pistol,0s,1,1,1,25,50,0.5,false
177,14:35:50.090,target,pistol,0s,1,1,1,25,50,0.5,false
178,14:35:51.104,target,pistol,0s,1,1,1,25,50,0.5,false
179,14:35:51.736,target,pistol,0s,1,1,1,25,50,0.5,false
180,14:35:52.474,target,pistol,0s,1,1,1,25,50,0.5,false
181,14:35:53.297,target,pistol,0s,1,1,1,25,50,0.5,false
182,14:35:54.338,target,pistol,0s,1,1,1,25,50,0.5,false
183,14:35:55.034,target,pistol,0s,1,1,1,25,50,0.5,false
184,14:35:57.202,target,pistol,1.066s,2,1,0.5,25,100,0.25,false
185,14:35:58.189,target,pistol,0s,1,1,1,25,50,0.5,false
186,14:35:58.935,target,pistol,0.345s,2,1,0.5,25,100,0.25,false
187,14:35:59.346,target,pistol,0s,1,1,1,25,50,0.5,false
188,14:36:00.389,target,pistol,0s,1,1,1,25,50,0.5,false
189,14:36:01.266,target,pistol,0s,1,1,1,25,50,0.5,false
190,14:36:02.088,target,pistol,0s,1,1,1,25,50,0.5,false
191,14:36:02.887,target,pistol,0s,1,1,1,25,50,0.5,false
192,14:36:03.419,target,pistol,0s,1,1,1,25,50,0.5,false
193,14:36:04.048,target,pistol,0s,1,1,1,25,50,0.5,false
194,14:36:04.911,target,pistol,0s,1,1,1,25,50,0.5,false
195,14:36:05.709,target,pistol,0.001s,1,1,1,25,50,0.5,false
196,14:36:06.977,target,pistol,0s,1,1,1,25,50,0.5,false
197,14:36:07.715,target,pistol,0s,1,1,1,25,50,0.5,false
198,14:36:08.540,target,pistol,0s,1,1,1,25,50,0.5,false
199,14:36:09.791,target,pistol,0.76s,2,1,0.5,25,100,0.25,false
200,14:36:10.489,target,pistol,0s,1,1,1,25,50,0.5,false
201,14:36:11.202,target,pistol,0s,1,1,1,25,50,0.5,false
202,14:36:11.951,target,pistol,0.001s,1,1,1,25,50,0.5,false
203,14:36:12.690,target,pistol,0s,1,1,1,25,50,0.5,false
204,14:36:13.234,target,pistol,0.001s,1,1,1,25,50,0.5,false
205,14:36:13.833,target,pistol,0s,1,1,1,25,50,0.5,false
206,14:36:14.767,target,pistol,0s,1,1,1,25,50,0.5,false
207,14:36:15.598,target,pistol,0s,1,1,1,25,50,0.5,false
208,14:36:16.221,target,pistol,0s,1,1,1,25,50,0.5,false
209,14:36:17.141,target,pistol,0s,1,1,1,25,50,0.5,false
210,14:36:17.642,target,pistol,0s,1,1,1,25,50,0.5,false
211,14:36:18.599,target,pistol,0s,1,1,1,25,50,0.5,false
212,14:36:19.526,target,pistol,0s,1,1,1,25,50,0.5,false
213,14:36:20.478,target,pistol,0.326s,2,1,0.5,25,100,0.25,false
214,14:36:21.274,target,pistol,0.001s,1,1,1,25,50,0.5,false
215,14:36:21.937,target,pistol,0.001s,1,1,1,25,50,0.5,false
216,14:36:22.882,target,pistol,0.001s,1,1,1,25,50,0.5,false
217,14:36:23.795,target,pistol,0s,1,1,1,25,50,0.5,false
218,14:36:24.577,target,pistol,0s,1,1,1,25,50,0.5,false
219,14:36:25.314,target,pistol,0s,1,1,1,25,50,0.5,false
220,14:36:26.285,target,pistol,0s,1,1,1,25,50,0.5,false
221,14:36:26.924,target,pistol,0s,1,1,1,25,50,0.5,false
222,14:36:27.383,target,pistol,0s,1,1,1,25,50,0.5,false
223,14:36:27.941,target,pistol,0s,1,1,1,25,50,0.5,false
224,14:36:28.992,target,pistol,0s,1,1,1,25,50,0.5,false
225,14:36:29.749,target,pistol,0.001s,1,1,1,25,50,0.5,false
226,14:36:30.573,target,pistol,0s,1,1,1,25,50,0.5,false
227,14:36:31.195,target,pistol,0.001s,1,1,1,25,50,0.5,false
228,14:36:32.717,target,pistol,0.468s,2,1,0.5,25,100,0.25,false
229,14:36:33.229,target,pistol,0s,1,1,1,25,50,0.5,false
230,14:36:33.876,target,pistol,0s,1,1,1,25,50,0.5,false
231,14:36:34.698,target,pistol,0s,1,1,1,25,50,0.5,false
232,14:36:35.353,target,pistol,0s,1,1,1,25,50,0.5,false
233,14:36:36.110,target,pistol,0s,1,1,1,25,50,0.5,false
234,14:36:37.326,target,pistol,0.517s,2,1,0.5,25,100,0.25,false
235,14:36:37.950,target,pistol,0s,1,1,1,25,50,0.5,false
236,14:36:38.724,target,pistol,0s,1,1,1,25,50,0.5,false
237,14:36:39.292,target,pistol,0s,1,1,1,25,50,0.5,false
238,14:36:40.200,target,pistol,0s,1,1,1,25,50,0.5,false
239,14:36:41.245,target,pistol,0s,1,1,1,25,50,0.5,false
240,14:36:42.137,target,pistol,0s,1,1,1,25,50,0.5,false
241,14:36:42.923,target,pistol,0.001s,1,1,1,25,50,0.5,false
242,14:36:43.724,target,pistol,0s,1,1,1,25,50,0.5,false
243,14:36:44.315,target,pistol,0s,1,1,1,25,50,0.5,false
244,14:36:45.254,target,pistol,0s,1,1,1,25,50,0.5,false
245,14:36:46.140,target,pistol,0s,1,1,1,25,50,0.5,false
246,14:36:46.803,target,pistol,0s,1,1,1,25,50,0.5,false
247,14:36:47.480,target,pistol,0s,1,1,1,25,50,0.5,false
248,14:36:48.048,target,pistol,0s,1,1,1,25,50,0.5,false
249,14:36:48.720,target,pistol,0s,1,1,1,25,50,0.5,false
250,14:36:49.494,target,pistol,0s,1,1,1,25,50,0.5,false
251,14:36:50.846,target,pistol,0.624s,2,1,0.5,25,100,0.25,false
252,14:36:51.487,target,pistol,0s,1,1,1,25,50,0.5,false
253,14:36:52.309,target,pistol,0s,1,1,1,25,50,0.5,false
254,14:36:53.115,target,pistol,0s,1,1,1,25,50,0.5,false
255,14:36:53.768,target,pistol,0s,1,1,1,25,50,0.5,false
256,14:36:54.516,target,pistol,0s,1,1,1,25,50,0.5,false
257,14:36:55.214,target,pistol,0.001s,1,1,1,25,50,0.5,false
258,14:36:55.696,target,pistol,0.001s,1,1,1,25,50,0.5,false
259,14:36:56.852,target,pistol,0.487s,2,1,0.5,25,100,0.25,false
260,14:36:57.423,target,pistol,0s,1,1,1,25,50,0.5,false
261,14:36:58.176,target,pistol,0s,1,1,1,25,50,0.5,false
262,14:36:58.936,target,pistol,0s,1,1,1,25,50,0.5,false
263,14:36:59.660,target,pistol,0s,1,1,1,25,50,0.5,false
264,14:37:00.166,target,pistol,0.001s,1,1,1,25,50,0.5,false
265,14:37:00.968,target,pistol,0s,1,1,1,25,50,0.5,false
266,14:37:01.882,target,pistol,0s,1,1,1,25,50,0.5,false
267,14:37:02.519,target,pistol,0.001s,1,1,1,25,50,0.5,false
268,14:37:03.183,target,pistol,0s,1,1,1,25,50,0.5,false
269,14:37:03.842,target,pistol,0s,1,1,1,25,50,0.5,false
270,14:37:04.753,target,pistol,0s,1,1,1,25,50,0.5,false
271,14:37:05.484,target,pistol,0s,1,1,1,25,50,0.5,false
272,14:37:06.526,target,pistol,0s,1,1,1,25,50,0.5,false
273,14:37:07.270,target,pistol,0s,1,1,1,25,50,0.5,false
274,14:37:08.020,target,pistol,0s,1,1,1,25,50,0.5,false
275,14:37:08.665,target,pistol,0s,1,1,1,25,50,0.5,false
276,14:37:09.330,target,pistol,0s,1,1,1,25,50,0.5,false
277,14:37:09.969,target,pistol,0s,1,1,1,25,50,0.5,false
278,14:37:10.929,target,pistol,0s,1,1,1,25,50,0.5,false
279,14:37:11.559,target,pistol,0s,1,1,1,25,50,0.5,false
280,14:37:12.349,target,pistol,0s,1,1,1,25,50,0.5,false
281,14:37:13.117,target,pistol,0s,1,1,1,25,50,0.5,false
282,14:37:13.559,target,pistol,0.001s,1,1,1,25,50,0.5,false
283,14:37:14.231,target,pistol,0s,1,1,1,25,50,0.5,false
284,14:37:15.896,target,pistol,0.81s,2,1,0.5,25,100,0.25,false
285,14:37:16.545,target,pistol,0s,1,1,1,25,50,0.5,false
286,14:37:17.965,target,pistol,0s,1,1,1,25,50,0.5,false
287,14:37:18.946,target,pistol,0s,1,1,1,25,50,0.5,false
288,14:37:19.437,target,pistol,0s,1,1,1,25,50,0.5,false
289,14:37:20.429,target,pistol,0s,1,1,1,25,50,0.5,false
290,14:37:21.191,target,pistol,0s,1,1,1,25,50,0.5,false
291,14:37:21.997,target,pistol,0s,1,1,1,25,50,0.5,false
292,14:37:22.534,target,pistol,0s,1,1,1,25,50,0.5,false
293,14:37:23.237,target,pistol,0.001s,1,1,1,25,50,0.5,false
294,14:37:24.082,target,pistol,0s,1,1,1,25,50,0.5,false
295,14:37:24.708,target,pistol,0.001s,1,1,1,25,50,0.5,false
296,14:37:25.401,target,pistol,0s,1,1,1,25,50,0.5,false
297,14:37:26.036,target,pistol,0s,1,1,1,25,50,0.5,false
298,14:37:26.689,target,pistol,0s,1,1,1,25,50,0.5,false
299,14:37:27.497,target,pistol,0s,1,1,1,25,50,0.5,false
300,14:37:28.138,target,pistol,0s,1,1,1,25,50,0.5,false
301,14:37:28.738,target,pistol,0s,1,1,1,25,50,0.5,false
302,14:37:29.459,target,pistol,0s,1,1,1,25,50,0.5,false
303,14:37:30.115,target,pistol,0s,1,1,1,25,50,0.5,false
304,14:37:30.764,target,pistol,0s,1,1,1,25,50,0.5,false
305,14:37:31.385,target,pistol,0.001s,1,1,1,25,50,0.5,false
306,14:37:31.876,target,pistol,0s,1,1,1,25,50,0.5,false
307,14:37:32.400,target,pistol,0s,1,1,1,25,50,0.5,false
308,14:37:33.794,target,pistol,0.806s,3,1,0.333,25,150,0.167,false
309,14:37:34.414,target,pistol,0s,1,1,1,25,50,0.5,false
310,14:37:35.265,target,pistol,0.241s,2,1,0.5,25,100,0.25,false
311,14:37:36.157,target,pistol,0.001s,1,1,1,25,50,0.5,false
312,14:37:36.946,target,pistol,0s,1,1,1,25,50,0.5,false
313,14:37:37.833,target,pistol,0.001s,1,1,1,25,50,0.5,false
314,14:37:38.848,target,pistol,0.241s,2,1,0.5,25,100,0.25,false
315,14:37:39.526,target,pistol,0s,1,1,1,25,50,0.5,false
316,14:37:40.308,target,pistol,0s,1,1,1,25,50,0.5,false
317,14:37:41.008,target,pistol,0s,1,1,1,25,50,0.5,false
318,14:37:42.575,target,pistol,0.965s,2,1,0.5,25,100,0.25,false
319,14:37:43.326,target,pistol,0s,1,1,1,25,50,0.5,false
320,14:37:44.155,target,pistol,0s,1,1,1,25,50,0.5,false
321,14:37:44.769,target,pistol,0s,1,1,1,25,50,0.5,false
322,14:37:45.585,target,pistol,0s,1,1,1,25,50,0.5,false
323,14:37:46.239,target,pistol,0s,1,1,1,25,50,0.5,false
324,14:37:47.099,target,pistol,0s,1,1,1,25,50,0.5,false
325,14:37:47.894,target,pistol,0s,1,1,1,25,50,0.5,false
326,14:37:48.699,target,pistol,0s,1,1,1,25,50,0.5,false
327,14:37:49.548,target,pistol,0s,1,1,1,25,50,0.5,false
328,14:37:50.348,target,pistol,0s,1,1,1,25,50,0.5,false
329,14:37:51.183,target,pistol,0s,1,1,1,25,50,0.5,false
330,14:37:52.048,target,pistol,0s,1,1,1,25,50,0.5,false
331,14:37:52.540,target,pistol,0s,1,1,1,25,50,0.5,false
332,14:37:53.139,target,pistol,0s,1,1,1,25,50,0.5,false
333,14:37:53.788,target,pistol,0s,1,1,1,25,50,0.5,false
334,14:37:54.335,target,pistol,0s,1,1,1,25,50,0.5,false
335,14:37:55.208,target,pistol,0s,1,1,1,25,50,0.5,false
336,14:37:55.894,target,pistol,0.001s,1,1,1,25,50,0.5,false
337,14:37:56.814,target,pistol,0s,1,1,1,25,50,0.5,false
338,14:37:57.657,target,pistol,0s,1,1,1,25,50,0.5,false
339,14:37:58.393,target,pistol,0.001s,1,1,1,25,50,0.5,false
340,14:37:59.037,target,pistol,0s,1,1,1,25,50,0.5,false
341,14:37:59.695,target,pistol,0s,1,1,1,25,50,0.5,false
342,14:38:00.128,target,pistol,0s,1,1,1,25,50,0.5,false
343,14:38:00.943,target,pistol,0.001s,1,1,1,25,50,0.5,false
344,14:38:01.352,target,pistol,0.001s,1,1,1,25,50,0.5,false
345,14:38:02.278,target,pistol,0.292s,2,1,0.5,25,100,0.25,false
346,14:38:02.787,target,pistol,0s,1,1,1,25,50,0.5,false
347,14:38:03.678,target,pistol,0.001s,1,1,1,25,50,0.5,false
348,14:38:04.555,target,pistol,0s,1,1,1,25,50,0.5,false
349,14:38:05.054,target,pistol,0s,1,1,1,25,50,0.5,false
350,14:38:06.751,target,pistol,0.439s,3,1,0.333,25,150,0.167,false
351,14:38:08.037,target,pistol,0.292s,2,1,0.5,25,100,0.25,false
352,14:38:08.701,target,pistol,0s,1,1,1,25,50,0.5,false
353,14:38:09.223,target,pistol,0s,1,1,1,25,50,0.5,false
354,14:38:10.177,target,pistol,0s,1,1,1,25,50,0.5,false
355,14:38:10.743,target,pistol,0s,1,1,1,25,50,0.5,false
356,14:38:11.534,target,pistol,0s,1,1,1,25,50,0.5,false
357,14:38:12.366,target,pistol,0s,1,1,1,25,50,0.5,false
358,14:38:13.305,target,pistol,0s,1,1,1,25,50,0.5,false
359,14:38:14.267,target,pistol,0s,1,1,1,25,50,0.5,false
360,14:38:14.807,target,pistol,0s,1,1,1,25,50,0.5,false
361,14:38:15.810,target,pistol,0.001s,1,1,1,25,50,0.5,false
362,14:38:17.248,target,pistol,0.621s,2,1,0.5,25,100,0.25,false
363,14:38:18.006,target,pistol,0s,1,1,1,25,50,0.5,false
364,14:38:18.876,target,pistol,0s,1,1,1,25,50,0.5,false
365,14:38:19.554,target,pistol,0.001s,1,1,1,25,50,0.5,false
366,14:38:20.639,target,pistol,0s,1,1,1,25,50,0.5,false
367,14:38:21.157,target,pistol,0.001s,1,1,1,25,50,0.5,false
368,14:38:21.823,target,pistol,0s,1,1,1,25,50,0.5,false
369,14:38:22.437,target,pistol,0.001s,1,1,1,25,50,0.5,false
370,14:38:22.947,target,pistol,0.001s,1,1,1,25,50,0.5,false
371,14:38:23.610,target,pistol,0s,1,1,1,25,50,0.5,false
372,14:38:24.520,target,pistol,0s,1,1,1,25,50,0.5,false
373,14:38:25.367,target,pistol,0s,1,1,1,25,50,0.5,false
374,14:38:26.522,target,pistol,0.657s,2,1,0.5,25,100,0.25,false
375,14:38:27.544,target,pistol,0.001s,1,1,1,25,50,0.5,false
376,14:38:29.084,target,pistol,0.676s,2,1,0.5,25,100,0.25,false
377,14:38:29.561,target,pistol,0s,1,1,1,25,50,0.5,false
378,14:38:30.246,target,pistol,0s,1,1,1,25,50,0.5,false
379,14:38:30.727,target,pistol,0s,1,1,1,25,50,0.5,false
380,14:38:31.386,target,pistol,0s,1,1,1,25,50,0.5,false
381,14:38:31.901,target,pistol,0s,1,1,1,25,50,0.5,false
382,14:38:32.620,target,pistol,0s,1,1,1,25,50,0.5,false
383,14:38:33.485,target,pistol,0.001s,1,1,1,25,50,0.5,false
384,14:38:34.539,target,pistol,0.001s,1,1,1,25,50,0.5,false
385,14:38:35.232,target,pistol,0s,1,1,1,25,50,0.5,false
386,14:38:36.290,target,pistol,0s,1,1,1,25,50,0.5,false
387,14:38:36.915,target,pistol,0s,1,1,1,25,50,0.5,false
388,14:38:37.290,target,pistol,0s,1,1,1,25,50,0.5,false
389,14:38:37.913,target,pistol,0s,1,1,1,25,50,0.5,false
390,14:38:38.554,target,pistol,0s,1,1,1,25,50,0.5,false
391,14:38:39.160,target,pistol,0s,1,1,1,25,50,0.5,false
392,14:38:39.997,target,pistol,0s,1,1,1,25,50,0.5,false
393,14:38:40.874,target,pistol,0s,1,1,1,25,50,0.5,false
394,14:38:41.922,target,pistol,0s,1,1,1,25,50,0.5,false
395,14:38:42.329,target,pistol,0s,1,1,1,25,50,0.5,false
396,14:38:43.012,target,pistol,0s,1,1,1,25,50,0.5,false
397,14:38:43.825,target,pistol,0s,1,1,1,25,50,0.5,false
398,14:38:44.725,target,pistol,0s,1,1,1,25,50,0.5,false
399,14:38:45.640,target,pistol,0s,1,1,1,25,50,0.5,false
400,14:38:46.336,target,pistol,0s,1,1,1,25,50,0.5,false
401,14:38:46.810,target,pistol,0.001s,1,1,1,25,50,0.5,false
402,14:38:47.357,target,pistol,0s,1,1,1,25,50,0.5,false
403,14:38:48.123,target,pistol,0s,1,1,1,25,50,0.5,false
404,14:38:49.687,target,pistol,0.776s,2,1,0.5,25,100,0.25,false
405,14:38:50.381,target,pistol,0s,1,1,1,25,50,0.5,false
406,14:38:51.751,target,pistol,0.612s,3,1,0.333,25,150,0.167,false
407,14:38:52.459,target,pistol,0s,1,1,1,25,50,0.5,false
408,14:38:53.560,target,pistol,0.295s,2,1,0.5,25,100,0.25,false
409,14:38:54.111,target,pistol,0s,1,1,1,25,50,0.5,false
410,14:38:54.829,target,pistol,0s,1,1,1,25,50,0.5,false
411,14:38:55.415,target,pistol,0s,1,1,1,25,50,0.5,false
412,14:38:56.085,target,pistol,0s,1,1,1,25,50,0.5,false
413,14:38:57.044,target,pistol,0s,1,1,1,25,50,0.5,false
414,14:38:57.757,target,pistol,0s,1,1,1,25,50,0.5,false
415,14:38:58.532,target,pistol,0s,1,1,1,25,50,0.5,false
416,14:38:59.345,target,pistol,0.001s,1,1,1,25,50,0.5,false
417,14:39:00.165,target,pistol,0s,1,1,1,25,50,0.5,false
418,14:39:00.874,target,pistol,0s,1,1,1,25,50,0.5,false
419,14:39:01.756,target,pistol,0s,1,1,1,25,50,0.5,false
420,14:39:02.406,target,pistol,0s,1,1,1,25,50,0.5,false
421,14:39:03.382,target,pistol,0s,1,1,1,25,50,0.5,false
422,14:39:04.509,target,pistol,0.504s,2,1,0.5,25,100,0.25,false
423,14:39:05.168,target,pistol,0.001s,1,1,1,25,50,0.5,false
424,14:39:05.908,target,pistol,0s,1,1,1,25,50,0.5,false
425,14:39:06.645,target,pistol,0s,1,1,1,25,50,0.5,false
426,14:39:07.659,target,pistol,0.243s,2,1,0.5,25,100,0.25,false
427,14:39:08.340,target,pistol,0s,1,1,1,25,50,0.5,false
428,14:39:08.999,target,pistol,0s,1,1,1,25,50,0.5,false
429,14:39:09.758,target,pistol,0s,1,1,1,25,50,0.5,false
430,14:39:10.563,target,pistol,0s,1,1,1,25,50,0.5,false
431,14:39:11.971,target,pistol,0.719s,2,1,0.5,25,100,0.25,false
432,14:39:12.642,target,pistol,0s,1,1,1,25,50,0.5,false
433,14:39:13.569,target,pistol,0s,1,1,1,25,50,0.5,false
434,14:39:14.055,target,pistol,0s,1,1,1,25,50,0.5,false
435,14:39:15.320,target,pistol,0s,1,1,1,25,50,0.5,false
436,14:39:15.959,target,pistol,0s,1,1,1,25,50,0.5,false
437,14:39:17.763,target,pistol,0.9s,2,1,0.5,25,100,0.25,false
438,14:39:18.452,target,pistol,0s,1,1,1,25,50,0.5,false
439,14:39:19.306,target,pistol,0.711s,2,1,0.5,25,100,0.25,false
440,14:39:20.280,target,pistol,0s,1,1,1,25,50,0.5,false
441,14:39:21.148,target,pistol,0s,1,1,1,25,50,0.5,false
442,14:39:21.773,target,pistol,0s,1,1,1,25,50,0.5,false
443,14:39:22.433,target,pistol,0s,1,1,1,25,50,0.5,false
444,14:39:23.156,target,pistol,0s,1,1,1,25,50,0.5,false
445,14:39:23.782,target,pistol,0s,1,1,1,25,50,0.5,false
446,14:39:24.698,target,pistol,0s,1,1,1,25,50,0.5,false
447,14:39:25.396,target,pistol,0s,1,1,1,25,50,0.5,false
448,14:39:26.228,target,pistol,0s,1,1,1,25,50,0.5,false
449,14:39:26.856,target,pistol,0s,1,1,1,25,50,0.5,false
450,14:39:27.665,target,pistol,0s,1,1,1,25,50,0.5,false
451,14:39:29.224,target,pistol,0.999s,3,1,0.333,25,150,0.167,false
452,14:39:30.001,target,pistol,0s,1,1,1,25,50,0.5,false
453,14:39:30.835,target,pistol,0s,1,1,1,25,50,0.5,false
454,14:39:31.265,target,pistol,0s,1,1,1,25,50,0.5,false
455,14:39:32.000,target,pistol,0s,1,1,1,25,50,0.5,false
456,14:39:32.634,target,pistol,0.001s,1,1,1,25,50,0.5,false
457,14:39:33.441,target,pistol,0s,1,1,1,25,50,0.5,false
458,14:39:34.458,target,pistol,0s,1,1,1,25,50,0.5,false
459,14:39:35.451,target,pistol,0.241s,2,1,0.5,25,100,0.25,false
460,14:39:36.160,target,pistol,0s,1,1,1,25,50,0.5,false
461,14:39:36.594,target,pistol,0s,1,1,1,25,50,0.5,false
462,14:39:37.176,target,pistol,0.001s,1,1,1,25,50,0.5,false
463,14:39:38.627,target,pistol,0.587s,2,1,0.5,25,100,0.25,false
464,14:39:39.518,target,pistol,0.28s,2,1,0.5,25,100,0.25,false
465,14:39:40.969,target,pistol,0.743s,2,1,0.5,25,100,0.25,false
466,14:39:41.597,target,pistol,0s,1,1,1,25,50,0.5,false
467,14:39:42.224,target,pistol,0s,1,1,1,25,50,0.5,false
468,14:39:42.904,target,pistol,0s,1,1,1,25,50,0.5,false
469,14:39:43.988,target,pistol,0s,1,1,1,25,50,0.5,false
470,14:39:45.056,target,pistol,0s,1,1,1,25,50,0.5,false
471,14:39:45.742,target,pistol,0s,1,1,1,25,50,0.5,false
472,14:39:46.386,target,pistol,0s,1,1,1,25,50,0.5,false
473,14:39:47.305,target,pistol,0.001s,1,1,1,25,50,0.5,false
474,14:39:48.378,target,pistol,0.362s,2,1,0.5,25,100,0.25,false
475,14:39:49.170,target,pistol,0s,1,1,1,25,50,0.5,false
476,14:39:50.124,target,pistol,0s,1,1,1,25,50,0.5,false
477,14:39:50.934,target,pistol,0s,1,1,1,25,50,0.5,false
478,14:39:51.541,target,pistol,0s,1,1,1,25,50,0.5,false
479,14:39:52.354,target,pistol,0s,1,1,1,25,50,0.5,false
480,14:39:53.350,target,pistol,0s,1,1,1,25,50,0.5,false
481,14:39:53.859,target,pistol,0s,1,1,1,25,50,0.5,false
482,14:39:54.802,target,pistol,0s,1,1,1,25,50,0.5,false
483,14:39:56.091,target,pistol,0.747s,2,1,0.5,25,100,0.25,false
484,14:39:57.658,target,pistol,0.781s,3,1,0.333,25,150,0.167,false
485,14:39:58.541,target,pistol,0s,1,1,1,25,50,0.5,false
486,14:39:59.410,target,pistol,0s,1,1,1,25,50,0.5,false
487,14:40:00.250,target,pistol,0s,1,1,1,25,50,0.5,false
488,14:40:01.118,target,pistol,0s,1,1,1,25,50,0.5,false
489,14:40:01.944,target,pistol,0s,1,1,1,25,50,0.5,false
490,14:40:02.753,target,pistol,0s,1,1,1,25,50,0.5,false
491,14:40:03.505,target,pistol,0s,1,1,1,25,50,0.5,false
492,14:40:04.374,target,pistol,0s,1,1,1,25,50,0.5,false
493,14:40:04.861,target,pistol,0s,1,1,1,25,50,0.5,false
494,14:40:05.658,target,pistol,0s,1,1,1,25,50,0.5,false
495,14:40:06.672,target,pistol,0s,1,1,1,25,50,0.5,false
496,14:40:07.494,target,pistol,0s,1,1,1,25,50,0.5,false
497,14:40:08.421,target,pistol,0s,1,1,1,25,50,0.5,false
498,14:40:08.991,target,pistol,0s,1,1,1,25,50,0.5,false
499,14:40:09.546,target,pistol,0s,1,1,1,25,50,0.5,false
500,14:40:10.371,target,pistol,0s,1,1,1,25,50,0.5,false
501,14:40:11.494,target,pistol,0s,1,1,1,25,50,0.5,false
502,14:40:12.000,target,pistol,0s,1,1,1,25,50,0.5,false
503,14:40:12.590,target,pistol,0s,1,1,1,25,50,0.5,false
504,14:40:13.161,target,pistol,0s,1,1,1,25,50,0.5,false
505,14:40:14.201,target,pistol,0s,1,1,1,25,50,0.5,false
506,14:40:14.697,target,pistol,0s,1,1,1,25,50,0.5,false
507,14:40:15.300,target,pistol,0s,1,1,1,25,50,0.5,false
508,14:40:16.075,target,pistol,0s,1,1,1,25,50,0.5,false
509,14:40:16.532,target,pistol,0s,1,1,1,25,50,0.5,false
510,14:40:17.125,target,pistol,0s,1,1,1,25,50,0.5,false
511,14:40:18.008,target,pistol,0s,1,1,1,25,50,0.5,false
512,14:40:18.792,target,pistol,0s,1,1,1,25,50,0.5,false
513,14:40:20.059,target,pistol,0s,1,1,1,25,50,0.5,false
514,14:40:21.216,target,pistol,0.3s,2,1,0.5,25,100,0.25,false
515,14:40:21.719,target,pistol,0s,1,1,1,25,50,0.5,false
516,14:40:22.363,target,pistol,0s,1,1,1,25,50,0.5,false
517,14:40:23.321,target,pistol,0s,1,1,1,25,50,0.5,false
518,14:40:23.953,target,pistol,0.001s,1,1,1,25,50,0.5,false
519,14:40:24.671,target,pistol,0s,1,1,1,25,50,0.5,false
520,14:40:25.370,target,pistol,0s,1,1,1,25,50,0.5,false
521,14:40:26.131,target,pistol,0s,1,1,1,25,50,0.5,false
522,14:40:26.863,target,pistol,0s,1,1,1,25,50,0.5,false
523,14:40:27.612,target,pistol,0s,1,1,1,25,50,0.5,false
524,14:40:28.414,target,pistol,0s,1,1,1,25,50,0.5,false
525,14:40:29.185,target,pistol,0.001s,1,1,1,25,50,0.5,false
526,14:40:29.888,target,pistol,0s,1,1,1,25,50,0.5,false
527,14:40:30.501,target,pistol,0s,1,1,1,25,50,0.5,false
528,14:40:30.948,target,pistol,0s,1,1,1,25,50,0.5,false
529,14:40:32.090,target,pistol,0.488s,2,1,0.5,25,100,0.25,false
530,14:40:32.717,target,pistol,0s,1,1,1,25,50,0.5,false
531,14:40:33.561,target,pistol,0s,1,1,1,25,50,0.5,false
532,14:40:34.129,target,pistol,0s,1,1,1,25,50,0.5,false
533,14:40:34.711,target,pistol,0s,1,1,1,25,50,0.5,false
534,14:40:35.580,target,pistol,0s,1,1,1,25,50,0.5,false
535,14:40:36.891,target,pistol,0.285s,2,1,0.5,25,100,0.25,false
536,14:40:37.810,target,pistol,0.001s,1,1,1,25,50,0.5,false
537,14:40:38.799,target,pistol,0s,1,1,1,25,50,0.5,false
538,14:40:39.528,target,pistol,0s,1,1,1,25,50,0.5,false
539,14:40:40.130,target,pistol,0s,1,1,1,25,50,0.5,false
540,14:40:40.826,target,pistol,0s,1,1,1,25,50,0.5,false
541,14:40:41.602,target,pistol,0.415s,2,1,0.5,25,100,0.25,false
542,14:40:42.254,target,pistol,0s,1,1,1,25,50,0.5,false
543,14:40:43.396,target,pistol,0.431s,2,1,0.5,25,100,0.25,false
544,14:40:44.161,target,pistol,0s,1,1,1,25,50,0.5,false
545,14:40:45.098,target,pistol,0s,1,1,1,25,50,0.5,false
546,14:40:45.791,target,pistol,0s,1,1,1,25,50,0.5,false
547,14:40:46.408,target,pistol,0.001s,1,1,1,25,50,0.5,false
548,14:40:47.229,target,pistol,0.001s,1,1,1,25,50,0.5,false
549,14:40:47.956,target,pistol,0s,1,1,1,25,50,0.5,false
550,14:40:48.783,target,pistol,0s,1,1,1,25,50,0.5,false
551,14:40:49.408,target,pistol,0s,1,1,1,25,50,0.5,false
552,14:40:49.989,target,pistol,0s,1,1,1,25,50,0.5,false
553,14:40:51.255,target,pistol,0.703s,2,1,0.5,25,100,0.25,false
554,14:40:52.161,target,pistol,0s,1,1,1,25,50,0.5,false
555,14:40:53.667,target,pistol,0.716s,3,1,0.333,25,150,0.167,false
556,14:40:54.427,target,pistol,0.001s,1,1,1,25,50,0.5,false
557,14:40:55.170,target,pistol,0s,1,1,1,25,50,0.5,false
558,14:40:55.959,target,pistol,0s,1,1,1,25,50,0.5,false
559,14:40:56.783,target,pistol,0s,1,1,1,25,50,0.5,false
560,14:40:57.487,target,pistol,0s,1,1,1,25,50,0.5,false
561,14:40:58.425,target,pistol,0s,1,1,1,25,50,0.5,false
562,14:40:59.158,target,pistol,0s,1,1,1,25,50,0.5,false
563,14:40:59.768,target,pistol,0s,1,1,1,25,50,0.5,false
564,14:41:00.730,target,pistol,0s,1,1,1,25,50,0.5,false
565,14:41:01.294,target,pistol,0s,1,1,1,25,50,0.5,false
566,14:41:01.851,target,pistol,0s,1,1,1,25,50,0.5,false
567,14:41:02.452,target,pistol,0.001s,1,1,1,25,50,0.5,false
568,14:41:03.352,target,pistol,0s,1,1,1,25,50,0.5,false
569,14:41:03.945,target,pistol,0s,1,1,1,25,50,0.5,false
570,14:41:04.853,target,pistol,0s,1,1,1,25,50,0.5,false
571,14:41:05.481,target,pistol,0s,1,1,1,25,50,0.5,false
572,14:41:06.375,target,pistol,0s,1,1,1,25,50,0.5,false
573,14:41:07.287,target,pistol,0s,1,1,1,25,50,0.5,false
574,14:41:08.121,target,pistol,0s,1,1,1,25,50,0.5,false
575,14:41:08.829,target,pistol,0s,1,1,1,25,50,0.5,false
576,14:41:10.519,target,pistol,0.703s,2,1,0.5,25,100,0.25,false
577,14:41:11.164,target,pistol,0s,1,1,1,25,50,0.5,false
578,14:41:11.765,target,pistol,0s,1,1,1,25,50,0.5,false
579,14:41:12.396,target,pistol,0.536s,2,1,0.5,25,100,0.25,false
580,14:41:13.010,target,pistol,0s,1,1,1,25,50,0.5,false
581,14:41:13.957,target,pistol,0s,1,1,1,25,50,0.5,false
582,14:41:14.541,target,pistol,0s,1,1,1,25,50,0.5,false
583,14:41:15.287,target,pistol,0s,1,1,1,25,50,0.5,false
584,14:41:15.797,target,pistol,0s,1,1,1,25,50,0.5,false
585,14:41:16.407,target,pistol,0s,1,1,1,25,50,0.5,false
586,14:41:17.295,target,pistol,0s,1,1,1,25,50,0.5,false
587,14:41:17.898,target,pistol,0.001s,1,1,1,25,50,0.5,false
588,14:41:18.710,target,pistol,0s,1,1,1,25,50,0.5,false
589,14:41:19.429,target,pistol,0s,1,1,1,25,50,0.5,false
590,14:41:20.195,target,pistol,0s,1,1,1,25,50,0.5,false
591,14:41:21.083,target,pistol,0.001s,1,1,1,25,50,0.5,false
592,14:41:21.772,target,pistol,0s,1,1,1,25,50,0.5,false
593,14:41:22.539,target,pistol,0s,1,1,1,25,50,0.5,false
594,14:41:22.915,target,pistol,0.001s,1,1,1,25,50,0.5,false
595,14:41:23.779,target,pistol,0s,1,1,1,25,50,0.5,false
596,14:41:24.645,target,pistol,0s,1,1,1,25,50,0.5,false
597,14:41:25.216,target,pistol,0s,1,1,1,25,50,0.5,false
598,14:41:26.427,target,pistol,0.699s,2,1,0.5,25,100,0.25,false
599,14:41:26.962,target,pistol,0s,1,1,1,25,50,0.5,false
600,14:41:27.791,target,pistol,0s,1,1,1,25,50,0.5,false
601,14:41:28.630,target,pistol,0.001s,1,1,1,25,50,0.5,false
602,14:41:29.313,target,pistol,0s,1,1,1,25,50,0.5,false
603,14:41:30.337,target,pistol,0s,1,1,1,25,50,0.5,false
604,14:41:30.975,target,pistol,0s,1,1,1,25,50,0.5,false
605,14:41:32.006,target,pistol,0s,1,1,1,25,50,0.5,false
606,14:41:33.146,target,pistol,0s,1,1,1,25,50,0.5,false
607,14:41:33.871,target,pistol,0s,1,1,1,25,50,0.5,false
608,14:41:35.183,target,pistol,0.586s,2,1,0.5,25,100,0.25,false
609,14:41:36.140,target,pistol,0s,1,1,1,25,50,0.5,false
610,14:41:36.992,target,pistol,0s,1,1,1,25,50,0.5,false
611,14:41:37.564,target,pistol,0s,1,1,1,25,50,0.5,false
612,14:41:38.112,target,pistol,0s,1,1,1,25,50,0.5,false
613,14:41:39.135,target,pistol,0s,1,1,1,25,50,0.5,false
614,14:41:39.971,target,pistol,0s,1,1,1,25,50,0.5,false
615,14:41:40.637,target,pistol,0s,1,1,1,25,50,0.5,false
616,14:41:41.448,target,pistol,0s,1,1,1,25,50,0.5,false
617,14:41:42.122,target,pistol,0.001s,1,1,1,25,50,0.5,false
618,14:41:42.871,target,pistol,0s,1,1,1,25,50,0.5,false
619,14:41:43.544,target,pistol,0s,1,1,1,25,50,0.5,false
620,14:41:44.090,target,pistol,0s,1,1,1,25,50,0.5,false
621,14:41:44.725,target,pistol,0.001s,1,1,1,25,50,0.5,false
622,14:41:45.420,target,pistol,0s,1,1,1,25,50,0.5,false
623,14:41:46.113,target,pistol,0s,1,1,1,25,50,0.5,false
624,14:41:46.921,target,pistol,0.253s,2,1,0.5,25,100,0.25,false
625,14:41:47.743,target,pistol,0s,1,1,1,25,50,0.5,false
626,14:41:48.465,target,pistol,0s,1,1,1,25,50,0.5,false
627,14:41:49.415,target,pistol,0s,1,1,1,25,50,0.5,false
628,14:41:50.017,target,pistol,0s,1,1,1,25,50,0.5,false
629,14:41:50.822,target,pistol,0s,1,1,1,25,50,0.5,false
630,14:41:51.498,target,pistol,0s,1,1,1,25,50,0.5,false
631,14:41:52.306,target,pistol,0s,1,1,1,25,50,0.5,false
632,14:41:52.838,target,pistol,0s,1,1,1,25,50,0.5,false
633,14:41:53.629,target,pistol,0s,1,1,1,25,50,0.5,false
634,14:41:54.289,target,pistol,0s,1,1,1,25,50,0.5,false
635,14:41:55.213,target,pistol,0s,1,1,1,25,50,0.5,false
636,14:41:55.925,target,pistol,0s,1,1,1,25,50,0.5,false
637,14:41:56.646,target,pistol,0s,1,1,1,25,50,0.5,false
638,14:41:57.393,target,pistol,0.001s,1,1,1,25,50,0.5,false
639,14:41:57.978,target,pistol,0s,1,1,1,25,50,0.5,false
640,14:41:59.485,target,pistol,0.803s,2,1,0.5,25,100,0.25,false
641,14:42:00.121,target,pistol,0.001s,1,1,1,25,50,0.5,false
642,14:42:01.077,target,pistol,0.001s,1,1,1,25,50,0.5,false
643,14:42:02.925,target,pistol,0.78s,2,1,0.5,25,100,0.25,false
644,14:42:03.478,target,pistol,0s,1,1,1,25,50,0.5,false
645,14:42:04.387,target,pistol,0s,1,1,1,25,50,0.5,false
646,14:42:05.735,target,pistol,0.548s,2,1,0.5,25,100,0.25,false
647,14:42:06.401,target,pistol,0s,1,1,1,25,50,0.5,false
648,14:42:07.281,target,pistol,0s,1,1,1,25,50,0.5,false
649,14:42:08.063,target,pistol,0s,1,1,1,25,50,0.5,false
650,14:42:08.911,target,pistol,0s,1,1,1,25,50,0.5,false
651,14:42:09.860,target,pistol,0s,1,1,1,25,50,0.5,false
652,14:42:10.480,target,pistol,0s,1,1,1,25,50,0.5,false
653,14:42:10.854,target,pistol,0s,1,1,1,25,50,0.5,false
654,14:42:11.252,target,pistol,0s,1,1,1,25,50,0.5,false
655,14:42:12.658,target,pistol,0.001s,1,1,1,25,50,0.5,false
656,14:42:13.369,target,pistol,0s,1,1,1,25,50,0.5,false
657,14:42:14.126,target,pistol,0s,1,1,1,25,50,0.5,false
658,14:42:14.916,target,pistol,0s,1,1,1,25,50,0.5,false
659,14:42:16.094,target,pistol,0s,1,1,1,25,50,0.5,false
660,14:42:17.224,target,pistol,0.309s,2,1,0.5,25,100,0.25,false
661,14:42:18.359,target,pistol,0s,1,1,1,25,50,0.5,false
662,14:42:19.073,target,pistol,0s,1,1,1,25,50,0.5,false
663,14:42:19.690,target,pistol,0s,1,1,1,25,50,0.5,false
664,14:42:20.207,target,pistol,0s,1,1,1,25,50,0.5,false
665,14:42:20.692,target,pistol,0.001s,1,1,1,25,50,0.5,false
666,14:42:21.493,target,pistol,0s,1,1,1,25,50,0.5,false
667,14:42:22.339,target,pistol,0s,1,1,1,25,50,0.5,false
668,14:42:22.753,target,pistol,0s,1,1,1,25,50,0.5,false
669,14:42:23.510,target,pistol,0s,1,1,1,25,50,0.5,false
670,14:42:23.940,target,pistol,0s,1,1,1,25,50,0.5,false
671,14:42:25.074,target,pistol,0.319s,2,1,0.5,25,100,0.25,false
672,14:42:25.537,target,pistol,0s,1,1,1,25,50,0.5,false
673,14:42:26.327,target,pistol,0s,1,1,1,25,50,0.5,false
674,14:42:27.060,target,pistol,0s,1,1,1,25,50,0.5,false
675,14:42:27.955,target,pistol,0s,1,1,1,25,50,0.5,false
676,14:42:28.592,target,pistol,0.001s,1,1,1,25,50,0.5,false
677,14:42:29.231,target,pistol,0s,1,1,1,25,50,0.5,false
678,14:42:29.946,target,pistol,0s,1,1,1,25,50,0.5,false
679,14:42:31.081,target,pistol,0s,1,1,1,25,50,0.5,false
680,14:42:31.659,target,pistol,0s,1,1,1,25,50,0.5,false
681,14:42:32.736,target,pistol,0.318s,2,1,0.5,25,100,0.25,false
682,14:42:33.488,target,pistol,0.001s,1,1,1,25,50,0.5,false
683,14:42:33.916,target,pistol,0s,1,1,1,25,50,0.5,false
684,14:42:34.546,target,pistol,0s,1,1,1,25,50,0.5,false
685,14:42:35.893,target,pistol,0.765s,2,1,0.5,25,100,0.25,false
686,14:42:36.809,target,pistol,0s,1,1,1,25,50,0.5,false
687,14:42:37.562,target,pistol,0s,1,1,1,25,50,0.5,false
688,14:42:38.339,target,pistol,0s,1,1,1,25,50,0.5,false
689,14:42:39.176,target,pistol,0s,1,1,1,25,50,0.5,false
690,14:42:39.623,target,pistol,0s,1,1,1,25,50,0.5,false
691,14:42:40.363,target,pistol,0s,1,1,1,25,50,0.5,false
692,14:42:41.095,target,pistol,0s,1,1,1,25,50,0.5,false
693,14:42:41.905,target,pistol,0s,1,1,1,25,50,0.5,false
694,14:42:42.725,target,pistol,0.001s,1,1,1,25,50,0.5,false
695,14:42:43.631,target,pistol,0.217s,2,1,0.5,25,100,0.25,false
696,14:42:44.118,target,pistol,0s,1,1,1,25,50,0.5,false
697,14:42:44.708,target,pistol,0s,1,1,1,25,50,0.5,false
698,14:42:45.418,target,pistol,0s,1,1,1,25,50,0.5,false
699,14:42:45.975,target,pistol,0s,1,1,1,25,50,0.5,false
700,14:42:46.550,target,pistol,0s,1,1,1,25,50,0.5,false
701,14:42:47.408,target,pistol,0s,1,1,1,25,50,0.5,false
702,14:42:48.254,target,pistol,0s,1,1,1,25,50,0.5,false
703,14:42:48.915,target,pistol,0s,1,1,1,25,50,0.5,false
704,14:42:49.776,target,pistol,0s,1,1,1,25,50,0.5,false
705,14:42:50.455,target,pistol,0.001s,1,1,1,25,50,0.5,false
706,14:42:51.967,target,pistol,0.864s,2,1,0.5,25,100,0.25,false
707,14:42:52.647,target,pistol,0s,1,1,1,25,50,0.5,false
708,14:42:53.462,target,pistol,0.001s,1,1,1,25,50,0.5,false
709,14:42:54.353,target,pistol,0s,1,1,1,25,50,0.5,false
710,14:42:55.458,target,pistol,0s,1,1,1,25,50,0.5,false
711,14:42:55.949,target,pistol,0s,1,1,1,25,50,0.5,false
712,14:42:57.360,target,pistol,0.669s,2,1,0.5,25,100,0.25,false
713,14:42:58.156,target,pistol,0s,1,1,1,25,50,0.5,false
714,14:42:59.022,target,pistol,0s,1,1,1,25,50,0.5,false
715,14:42:59.646,target,pistol,0s,1,1,1,25,50,0.5,false
716,14:43:00.443,target,pistol,0s,1,1,1,25,50,0.5,false
717,14:43:01.048,target,pistol,0s,1,1,1,25,50,0.5,false
718,14:43:01.893,target,pistol,0s,1,1,1,25,50,0.5,false
719,14:43:02.590,target,pistol,0s,1,1,1,25,50,0.5,false
720,14:43:03.402,target,pistol,0s,1,1,1,25,50,0.5,false
721,14:43:04.163,target,pistol,0s,1,1,1,25,50,0.5,false
722,14:43:04.878,target,pistol,0s,1,1,1,25,50,0.5,false
723,14:43:05.664,target,pistol,0s,1,1,1,25,50,0.5,false
724,14:43:06.341,target,pistol,0s,1,1,1,25,50,0.5,false
725,14:43:07.252,target,pistol,0s,1,1,1,25,50,0.5,false
726,14:43:07.896,target,pistol,0s,1,1,1,25,50,0.5,false
727,14:43:08.789,target,pistol,0.001s,1,1,1,25,50,0.5,false
728,14:43:09.325,target,pistol,0s,1,1,1,25,50,0.5,false
729,14:43:09.951,target,pistol,0s,1,1,1,25,50,0.5,false
730,14:43:10.530,target,pistol,0s,1,1,1,25,50,0.5,false
731,14:43:11.366,target,pistol,0s,1,1,1,25,50,0.5,false
732,14:43:12.398,target,pistol,0s,1,1,1,25,50,0.5,false
733,14:43:12.992,target,pistol,0.001s,1,1,1,25,50,0.5,false
734,14:43:13.787,target,pistol,0.001s,1,1,1,25,50,0.5,false
735,14:43:14.434,target,pistol,0s,1,1,1,25,50,0.5,false
736,14:43:15.142,target,pistol,0s,1,1,1,25,50,0.5,false
737,14:43:15.780,target,pistol,0s,1,1,1,25,50,0.5,false
738,14:43:16.660,target,pistol,0s,1,1,1,25,50,0.5,false
739,14:43:17.974,target,pistol,0.762s,2,1,0.5,25,100,0.25,false
740,14:43:18.688,target,pistol,0s,1,1,1,25,50,0.5,false
741,14:43:19.356,target,pistol,0s,1,1,1,25,50,0.5,false
742,14:43:20.203,target,pistol,0s,1,1,1,25,50,0.5,false
743,14:43:20.940,target,pistol,0.001s,1,1,1,25,50,0.5,false
744,14:43:21.579,target,pistol,0s,1,1,1,25,50,0.5,false
745,14:43:22.531,target,pistol,0s,1,1,1,25,50,0.5,false
746,14:43:23.331,target,pistol,0s,1,1,1,25,50,0.5,false
747,14:43:24.094,target,pistol,0s,1,1,1,25,50,0.5,false
748,14:43:24.830,target,pistol,0s,1,1,1,25,50,0.5,false
749,14:43:25.639,target,pistol,0s,1,1,1,25,50,0.5,false
750,14:43:26.347,target,pistol,0s,1,1,1,25,50,0.5,false
751,14:43:27.217,target,pistol,0s,1,1,1,25,50,0.5,false

Weapon,Shots,Hits,Damage Done,Damage Possible,,Sens Scale,Horiz Sens,Vert Sens,FOV,Hide Gun,Crosshair,Crosshair Scale,Crosshair Color,ADS Sens,ADS Zoom Scale
pistol,843,751,18775.0,42150.0,,,,,,false,plus.png,1.0,FFFF00,,,

Kills:,751
Deaths:,0
Fight Time:,43.432999
Avg TTK:,0
Damage Done:,18775.0
Damage Taken:,0.0
Midairs:,0
Midaired:,0
Directs:,0
Directed:,0
Reloads:,0
Distance Traveled:,0.0
Score:,6690.40332
Scenario:,1wall 6targets small - 10 Minutes
Hash:,5539d832a59081329735eea68cfb4274
Game Version:,2.0.5.3
Challenge Start:,14:33:27.993
Pause Count:,6
Pause Duration:,1307

Input Lag:,0
Max FPS (config):,999.0
Sens Scale:,Call of Duty
Horiz Sens:,7.5
Vert Sens:,7.5
FOV:,100.0
Hide Gun:,false
Crosshair:,plus.png
Crosshair Scale:,1.0
Crosshair Color:,FFFF00
Resolution,1920x1080
Avg FPS,323.357269
Resolution Scale,100.0
