Kill #,Timestamp,Bot,Weapon,TTK,Shots,Hits,Accuracy,Damage Done,Damage Possible,Efficiency,Cheated
1,10:06:02.941,target,pistol,0s,1,1,1,25,50,0.5,false
2,10:06:03.571,target,pistol,0s,1,1,1,25,50,0.5,false
3,10:06:04.406,target,pistol,0s,1,1,1,25,50,0.5,false
4,10:06:05.241,target,pistol,0s,1,1,1,25,50,0.5,false
5,10:06:06.717,target,pistol,0.703s,2,1,0.5,25,100,0.25,false
6,10:06:07.267,target,pistol,0s,1,1,1,25,50,0.5,false
7,10:06:08.169,target,pistol,0s,1,1,1,25,50,0.5,false
8,10:06:09.120,target,pistol,0s,1,1,1,25,50,0.5,false
9,10:06:09.792,target,pistol,0s,1,1,1,25,50,0.5,false
10,10:06:10.592,target,pistol,0s,1,1,1,25,50,0.5,false
11,10:06:11.242,target,pistol,0s,1,1,1,25,50,0.5,false
12,10:06:12.084,target,pistol,0s,1,1,1,25,50,0.5,false
13,10:06:12.896,target,pistol,0s,1,1,1,25,50,0.5,false
14,10:06:13.535,target,pistol,0s,1,1,1,25,50,0.5,false
15,10:06:14.323,target,pistol,0s,1,1,1,25,50,0.5,false
16,10:06:15.031,target,pistol,0s,1,1,1,25,50,0.5,false
17,10:06:15.659,target,pistol,0s,1,1,1,25,50,0.5,false
18,10:06:16.493,target,pistol,0s,1,1,1,25,50,0.5,false
19,10:06:17.339,target,pistol,0s,1,1,1,25,50,0.5,false
20,10:06:18.050,target,pistol,0s,1,1,1,25,50,0.5,false
21,10:06:18.762,target,pistol,0.001s,1,1,1,25,50,0.5,false
22,10:06:19.490,target,pistol,0s,1,1,1,25,50,0.5,false
23,10:06:20.427,target,pistol,0s,1,1,1,25,50,0.5,false
24,10:06:21.149,target,pistol,0s,1,1,1,25,50,0.5,false
25,10:06:22.083,target,pistol,0s,1,1,1,25,50,0.5,false
26,10:06:22.679,target,pistol,0s,1,1,1,25,50,0.5,false
27,10:06:23.479,target,pistol,0s,1,1,1,25,50,0.5,false
28,10:06:24.290,target,pistol,0s,1,1,1,25,50,0.5,false
29,10:06:24.901,target,pistol,0s,1,1,1,25,50,0.5,false
30,10:06:25.437,target,pistol,0s,1,1,1,25,50,0.5,false
31,10:06:26.766,target,pistol,0.308s,2,1,0.5,25,100,0.25,false
32,10:06:27.477,target,pistol,0s,1,1,1,25,50,0.5,false
33,10:06:28.401,target,pistol,0s,1,1,1,25,50,0.5,false
34,10:06:28.940,target,pistol,0s,1,1,1,25,50,0.5,false
35,10:06:29.494,target,pistol,0s,1,1,1,25,50,0.5,false
36,10:06:30.173,target,pistol,0.001s,1,1,1,25,50,0.5,false
37,10:06:30.848,target,pistol,0s,1,1,1,25,50,0.5,false
38,10:06:31.294,target,pistol,0s,1,1,1,25,50,0.5,false
39,10:06:32.230,target,pistol,0.001s,1,1,1,25,50,0.5,false
40,10:06:33.010,target,pistol,0s,1,1,1,25,50,0.5,false
41,10:06:33.726,target,pistol,0s,1,1,1,25,50,0.5,false
42,10:06:34.376,target,pistol,0s,1,1,1,25,50,0.5,false
43,10:06:35.740,target,pistol,0s,1,1,1,25,50,0.5,false
44,10:06:36.508,target,pistol,0s,1,1,1,25,50,0.5,false
45,10:06:37.487,target,pistol,0s,1,1,1,25,50,0.5,false
46,10:06:38.134,target,pistol,0s,1,1,1,25,50,0.5,false
47,10:06:38.934,target,pistol,0s,1,1,1,25,50,0.5,false
48,10:06:39.387,target,pistol,0s,1,1,1,25,50,0.5,false
49,10:06:39.964,target,pistol,0s,1,1,1,25,50,0.5,false
50,10:06:41.421,target,pistol,0.785s,2,1,0.5,25,100,0.25,false
51,10:06:41.883,target,pistol,0s,1,1,1,25,50,0.5,false
52,10:06:43.311,target,pistol,0.553s,2,1,0.5,25,100,0.25,false
53,10:06:43.954,target,pistol,0s,1,1,1,25,50,0.5,false
54,10:06:44.591,target,pistol,0s,1,1,1,25,50,0.5,false
55,10:06:45.343,target,pistol,0s,1,1,1,25,50,0.5,false
56,10:06:45.969,target,pistol,0.001s,1,1,1,25,50,0.5,false
57,10:06:46.585,target,pistol,0s,1,1,1,25,50,0.5,false
58,10:06:47.591,target,pistol,0s,1,1,1,25,50,0.5,false
59,10:06:48.144,target,pistol,0s,1,1,1,25,50,0.5,false
60,10:06:48.981,target,pistol,0s,1,1,1,25,50,0.5,false
61,10:06:49.798,target,pistol,0.001s,1,1,1,25,50,0.5,false
62,10:06:50.655,target,pistol,0s,1,1,1,25,50,0.5,false
63,10:06:51.250,target,pistol,0s,1,1,1,25,50,0.5,false
64,10:06:51.968,target,pistol,0s,1,1,1,25,50,0.5,false
65,10:06:52.501,target,pistol,0s,1,1,1,25,50,0.5,false
66,10:06:53.318,target,pistol,0s,1,1,1,25,50,0.5,false
67,10:06:53.827,target,pistol,0s,1,1,1,25,50,0.5,false
68,10:06:54.476,target,pistol,0s,1,1,1,25,50,0.5,false
69,10:06:56.027,target,pistol,0.861s,3,1,0.333,25,150,0.167,false
70,10:06:56.487,target,pistol,0s,1,1,1,25,50,0.5,false
71,10:06:57.323,target,pistol,0s,1,1,1,25,50,0.5,false
72,10:06:57.963,target,pistol,0s,1,1,1,25,50,0.5,false
73,10:06:58.661,target,pistol,0s,1,1,1,25,50,0.5,false
74,10:06:59.481,target,pistol,0s,1,1,1,25,50,0.5,false
75,10:07:00.234,target,pistol,0s,1,1,1,25,50,0.5,false
76,10:07:01.031,target,pistol,0s,1,1,1,25,50,0.5,false
77,10:07:01.747,target,pistol,0s,1,1,1,25,50,0.5,false
78,10:07:02.495,target,pistol,0s,1,1,1,25,50,0.5,false
79,10:07:03.151,target,pistol,0s,1,1,1,25,50,0.5,false
80,10:07:03.818,target,pistol,0s,1,1,1,25,50,0.5,false
81,10:07:04.542,target,pistol,0s,1,1,1,25,50,0.5,false
82,10:07:05.363,target,pistol,0s,1,1,1,25,50,0.5,false
83,10:07:05.907,target,pistol,0s,1,1,1,25,50,0.5,false
84,10:07:06.626,target,pistol,0s,1,1,1,25,50,0.5,false
85,10:07:07.282,target,pistol,0s,1,1,1,25,50,0.5,false
86,10:07:07.966,target,pistol,0s,1,1,1,25,50,0.5,false
87,10:07:08.795,target,pistol,0s,1,1,1,25,50,0.5,false
88,10:07:09.471,target,pistol,0s,1,1,1,25,50,0.5,false
89,10:07:10.121,target,pistol,0.001s,1,1,1,25,50,0.5,false
90,10:07:11.114,target,pistol,0.001s,1,1,1,25,50,0.5,false
91,10:07:11.703,target,pistol,0s,1,1,1,25,50,0.5,false
92,10:07:12.755,target,pistol,0s,1,1,1,25,50,0.5,false
93,10:07:13.963,target,pistol,0.914s,2,1,0.5,25,100,0.25,false
94,10:07:14.674,target,pistol,0s,1,1,1,25,50,0.5,false
95,10:07:15.468,target,pistol,0s,1,1,1,25,50,0.5,false
96,10:07:16.060,target,pistol,0s,1,1,1,25,50,0.5,false
97,10:07:17.133,target,pistol,0.467s,2,1,0.5,25,100,0.25,false
98,10:07:18.447,target,pistol,0.64s,2,1,0.5,25,100,0.25,false
99,10:07:19.920,target,pistol,0.602s,2,1,0.5,25,100,0.25,false
100,10:07:20.483,target,pistol,0s,1,1,1,25,50,0.5,false
101,10:07:21.263,target,pistol,0s,1,1,1,25,50,0.5,false
102,10:07:22.296,target,pistol,0.001s,1,1,1,25,50,0.5,false
103,10:07:24.377,target,pistol,1.055s,2,1,0.5,25,100,0.25,false
104,10:07:25.073,target,pistol,0s,1,1,1,25,50,0.5,false
105,10:07:26.629,target,pistol,0s,1,1,1,25,50,0.5,false
106,10:07:27.637,target,pistol,0.415s,2,1,0.5,25,100,0.25,false
107,10:07:28.307,target,pistol,0s,1,1,1,25,50,0.5,false
108,10:07:29.155,target,pistol,0s,1,1,1,25,50,0.5,false
109,10:07:29.942,target,pistol,0s,1,1,1,25,50,0.5,false
110,10:07:30.649,target,pistol,0s,1,1,1,25,50,0.5,false
111,10:07:31.387,target,pistol,0s,1,1,1,25,50,0.5,false
112,10:07:31.818,target,pistol,0.001s,1,1,1,25,50,0.5,false
113,10:07:32.688,target,pistol,0s,1,1,1,25,50,0.5,false
114,10:07:33.389,target,pistol,0s,1,1,1,25,50,0.5,false
115,10:07:34.288,target,pistol,0s,1,1,1,25,50,0.5,false
116,10:07:35.149,target,pistol,0.001s,1,1,1,25,50,0.5,false
117,10:07:35.831,target,pistol,0s,1,1,1,25,50,0.5,false
118,10:07:36.558,target,pistol,0s,1,1,1,25,50,0.5,false
119,10:07:37.467,target,pistol,0s,1,1,1,25,50,0.5,false
120,10:07:38.123,target,pistol,0s,1,1,1,25,50,0.5,false
121,10:07:38.797,target,pistol,0s,1,1,1,25,50,0.5,false
122,10:07:40.792,target,pistol,0.914s,2,1,0.5,25,100,0.25,false
123,10:07:41.685,target,pistol,0s,1,1,1,25,50,0.5,false
124,10:07:42.368,target,pistol,0s,1,1,1,25,50,0.5,false
125,10:07:43.117,target,pistol,0s,1,1,1,25,50,0.5,false
126,10:07:43.762,target,pistol,0.001s,1,1,1,25,50,0.5,false
127,10:07:44.681,target,pistol,0s,1,1,1,25,50,0.5,false
128,10:07:45.330,target,pistol,0s,1,1,1,25,50,0.5,false
129,10:07:45.936,target,pistol,0s,1,1,1,25,50,0.5,false
130,10:07:46.693,target,pistol,0s,1,1,1,25,50,0.5,false
131,10:07:47.475,target,pistol,0s,1,1,1,25,50,0.5,false
132,10:07:48.431,target,pistol,0s,1,1,1,25,50,0.5,false
133,10:07:49.213,target,pistol,0s,1,1,1,25,50,0.5,false
134,10:07:50.128,target,pistol,0s,1,1,1,25,50,0.5,false
135,10:07:51.077,target,pistol,0s,1,1,1,25,50,0.5,false
136,10:07:51.732,target,pistol,0s,1,1,1,25,50,0.5,false
137,10:07:52.340,target,pistol,0s,1,1,1,25,50,0.5,false
138,10:07:53.156,target,pistol,0s,1,1,1,25,50,0.5,false
139,10:07:53.750,target,pistol,0s,1,1,1,25,50,0.5,false
140,10:07:54.547,target,pistol,0s,1,1,1,25,50,0.5,false
141,10:07:55.543,target,pistol,0s,1,1,1,25,50,0.5,false
142,10:07:56.438,target,pistol,0s,1,1,1,25,50,0.5,false
143,10:07:57.220,target,pistol,0s,1,1,1,25,50,0.5,false
144,10:07:57.919,target,pistol,0s,1,1,1,25,50,0.5,false
145,10:07:59.428,target,pistol,0.932s,2,1,0.5,25,100,0.25,false
146,10:08:00.009,target,pistol,0s,1,1,1,25,50,0.5,false
147,10:08:00.818,target,pistol,0s,1,1,1,25,50,0.5,false
148,10:08:01.497,target,pistol,0s,1,1,1,25,50,0.5,false
149,10:08:02.191,target,pistol,0s,1,1,1,25,50,0.5,false
150,10:08:02.887,target,pistol,0s,1,1,1,25,50,0.5,false
151,10:08:03.499,target,pistol,0s,1,1,1,25,50,0.5,false
152,10:08:04.174,target,pistol,0s,1,1,1,25,50,0.5,false
153,10:08:04.918,target,pistol,0s,1,1,1,25,50,0.5,false
154,10:08:05.638,target,pistol,0.276s,2,1,0.5,25,100,0.25,false
155,10:08:06.391,target,pistol,0s,1,1,1,25,50,0.5,false
156,10:08:07.135,target,pistol,0s,1,1,1,25,50,0.5,false
157,10:08:08.026,target,pistol,0s,1,1,1,25,50,0.5,false
158,10:08:08.665,target,pistol,0s,1,1,1,25,50,0.5,false
159,10:08:10.256,target,pistol,0.847s,2,1,0.5,25,100,0.25,false
160,10:08:10.972,target,pistol,0s,1,1,1,25,50,0.5,false
161,10:08:11.591,target,pistol,0s,1,1,1,25,50,0.5,false
162,10:08:12.434,target,pistol,0s,1,1,1,25,50,0.5,false
163,10:08:13.070,target,pistol,0s,1,1,1,25,50,0.5,false
164,10:08:13.683,target,pistol,0.001s,1,1,1,25,50,0.5,false
165,10:08:14.654,target,pistol,0s,1,1,1,25,50,0.5,false
166,10:08:15.334,target,pistol,0s,1,1,1,25,50,0.5,false
167,10:08:16.065,target,pistol,0.001s,1,1,1,25,50,0.5,false
168,10:08:16.890,target,pistol,0s,1,1,1,25,50,0.5,false
169,10:08:17.630,target,pistol,0.001s,1,1,1,25,50,0.5,false
170,10:08:18.127,target,pistol,0.001s,1,1,1,25,50,0.5,false
171,10:08:18.818,target,pistol,0s,1,1,1,25,50,0.5,false
172,10:08:19.931,target,pistol,0s,1,1,1,25,50,0.5,false
173,10:08:20.514,target,pistol,0.001s,1,1,1,25,50,0.5,false
174,10:08:21.093,target,pistol,0.001s,1,1,1,25,50,0.5,false
175,10:08:21.660,target,pistol,0s,1,1,1,25,50,0.5,false
176,10:08:22.571,target,pistol,0.001s,1,1,1,25,50,0.5,false
177,10:08:23.389,target,pistol,0s,1,1,1,25,50,0.5,false
178,10:08:24.391,target,pistol,0.445s,2,1,0.5,25,100,0.25,false
179,10:08:24.938,target,pistol,0s,1,1,1,25,50,0.5,false
180,10:08:25.704,target,pistol,0s,1,1,1,25,50,0.5,false
181,10:08:26.489,target,pistol,0.001s,1,1,1,25,50,0.5,false
182,10:08:27.165,target,pistol,0s,1,1,1,25,50,0.5,false
183,10:08:27.774,target,pistol,0s,1,1,1,25,50,0.5,false
184,10:08:28.442,target,pistol,0s,1,1,1,25,50,0.5,false
185,10:08:29.218,target,pistol,0s,1,1,1,25,50,0.5,false
186,10:08:29.871,target,pistol,0s,1,1,1,25,50,0.5,false
187,10:08:30.530,target,pistol,0s,1,1,1,25,50,0.5,false
188,10:08:31.437,target,pistol,0s,1,1,1,25,50,0.5,false
189,10:08:32.279,target,pistol,0s,1,1,1,25,50,0.5,false
190,10:08:33.232,target,pistol,0s,1,1,1,25,50,0.5,false
191,10:08:34.499,target,pistol,0.327s,2,1,0.5,25,100,0.25,false
192,10:08:35.301,target,pistol,0s,1,1,1,25,50,0.5,false
193,10:08:36.048,target,pistol,0s,1,1,1,25,50,0.5,false
194,10:08:36.746,target,pistol,0s,1,1,1,25,50,0.5,false
195,10:08:37.605,target,pistol,0s,1,1,1,25,50,0.5,false
196,10:08:38.266,target,pistol,0s,1,1,1,25,50,0.5,false
197,10:08:38.976,target,pistol,0s,1,1,1,25,50,0.5,false
198,10:08:39.817,target,pistol,0s,1,1,1,25,50,0.5,false
199,10:08:40.552,target,pistol,0s,1,1,1,25,50,0.5,false
200,10:08:41.051,target,pistol,0s,1,1,1,25,50,0.5,false
201,10:08:41.854,target,pistol,0s,1,1,1,25,50,0.5,false
202,10:08:42.686,target,pistol,0s,1,1,1,25,50,0.5,false
203,10:08:43.278,target,pistol,0s,1,1,1,25,50,0.5,false
204,10:08:43.971,target,pistol,0s,1,1,1,25,50,0.5,false
205,10:08:44.771,target,pistol,0s,1,1,1,25,50,0.5,false
206,10:08:45.754,target,pistol,0s,1,1,1,25,50,0.5,false
207,10:08:46.419,target,pistol,0s,1,1,1,25,50,0.5,false
208,10:08:47.129,target,pistol,0s,1,1,1,25,50,0.5,false
209,10:08:47.960,target,pistol,0.001s,1,1,1,25,50,0.5,false
210,10:08:48.520,target,pistol,0s,1,1,1,25,50,0.5,false
211,10:08:49.154,target,pistol,0s,1,1,1,25,50,0.5,false
212,10:08:50.086,target,pistol,0s,1,1,1,25,50,0.5,false
213,10:08:50.874,target,pistol,0s,1,1,1,25,50,0.5,false
214,10:08:51.441,target,pistol,0.001s,1,1,1,25,50,0.5,false
215,10:08:52.102,target,pistol,0s,1,1,1,25,50,0.5,false
216,10:08:53.360,target,pistol,0.602s,2,1,0.5,25,100,0.25,false
217,10:08:53.806,target,pistol,0s,1,1,1,25,50,0.5,false
218,10:08:55.335,target,pistol,0.969s,3,1,0.333,25,150,0.167,false
219,10:08:55.903,target,pistol,0s,1,1,1,25,50,0.5,false
220,10:08:56.731,target,pistol,0.325s,2,1,0.5,25,100,0.25,false
221,10:08:57.818,target,pistol,0.387s,2,1,0.5,25,100,0.25,false
222,10:08:58.292,target,pistol,0s,1,1,1,25,50,0.5,false
223,10:08:58.975,target,pistol,0s,1,1,1,25,50,0.5,false
224,10:08:59.894,target,pistol,0s,1,1,1,25,50,0.5,false
225,10:09:00.688,target,pistol,0.199s,2,1,0.5,25,100,0.25,false
226,10:09:01.426,target,pistol,0s,1,1,1,25,50,0.5,false
227,10:09:02.029,target,pistol,0s,1,1,1,25,50,0.5,false
228,10:09:02.932,target,pistol,0s,1,1,1,25,50,0.5,false
229,10:09:03.854,target,pistol,0s,1,1,1,25,50,0.5,false
230,10:09:04.399,target,pistol,0.001s,1,1,1,25,50,0.5,false
231,10:09:05.055,target,pistol,0s,1,1,1,25,50,0.5,false
232,10:09:05.597,target,pistol,0s,1,1,1,25,50,0.5,false
233,10:09:06.276,target,pistol,0s,1,1,1,25,50,0.5,false
234,10:09:07.046,target,pistol,0s,1,1,1,25,50,0.5,false
235,10:09:08.013,target,pistol,0s,1,1,1,25,50,0.5,false
236,10:09:08.742,target,pistol,0s,1,1,1,25,50,0.5,false
237,10:09:09.429,target,pistol,0s,1,1,1,25,50,0.5,false
238,10:09:10.102,target,pistol,0.001s,1,1,1,25,50,0.5,false
239,10:09:10.886,target,pistol,0s,1,1,1,25,50,0.5,false
240,10:09:11.767,target,pistol,0.358s,2,1,0.5,25,100,0.25,false
241,10:09:12.440,target,pistol,0s,1,1,1,25,50,0.5,false
242,10:09:13.281,target,pistol,0s,1,1,1,25,50,0.5,false
243,10:09:14.063,target,pistol,0s,1,1,1,25,50,0.5,false
244,10:09:14.652,target,pistol,0s,1,1,1,25,50,0.5,false
245,10:09:15.429,target,pistol,0s,1,1,1,25,50,0.5,false
246,10:09:16.251,target,pistol,0s,1,1,1,25,50,0.5,false
247,10:09:17.341,target,pistol,0s,1,1,1,25,50,0.5,false
248,10:09:36.832,target,pistol,0s,1,1,1,25,50,0.5,false
249,10:09:37.617,target,pistol,0s,1,1,1,25,50,0.5,false
250,10:09:38.700,target,pistol,0.34s,2,1,0.5,25,100,0.25,false
251,10:09:39.504,target,pistol,0s,1,1,1,25,50,0.5,false
252,10:09:40.256,target,pistol,0s,1,1,1,25,50,0.5,false
253,10:09:40.809,target,pistol,0s,1,1,1,25,50,0.5,false
254,10:09:41.390,target,pistol,0s,1,1,1,25,50,0.5,false
255,10:09:42.339,target,pistol,0s,1,1,1,25,50,0.5,false
256,10:09:42.937,target,pistol,0s,1,1,1,25,50,0.5,false
257,10:09:43.485,target,pistol,0s,1,1,1,25,50,0.5,false
258,10:09:44.225,target,pistol,0s,1,1,1,25,50,0.5,false
259,10:09:45.074,target,pistol,0s,1,1,1,25,50,0.5,false
260,10:09:45.870,target,pistol,0s,1,1,1,25,50,0.5,false
261,10:09:46.669,target,pistol,0s,1,1,1,25,50,0.5,false
262,10:09:48.082,target,pistol,0s,1,1,1,25,50,0.5,false
263,10:09:49.542,target,pistol,0.644s,2,1,0.5,25,100,0.25,false
264,10:09:50.599,target,pistol,0s,1,1,1,25,50,0.5,false
265,10:09:51.047,target,pistol,0s,1,1,1,25,50,0.5,false
266,10:09:51.822,target,pistol,0s,1,1,1,25,50,0.5,false
267,10:09:52.515,target,pistol,0s,1,1,1,25,50,0.5,false
268,10:09:53.531,target,pistol,0s,1,1,1,25,50,0.5,false
269,10:09:54.539,target,pistol,0s,1,1,1,25,50,0.5,false
270,10:09:55.136,target,pistol,0s,1,1,1,25,50,0.5,false
271,10:09:55.867,target,pistol,0.001s,1,1,1,25,50,0.5,false
272,10:09:56.590,target,pistol,0s,1,1,1,25,50,0.5,false
273,10:09:57.120,target,pistol,0s,1,1,1,25,50,0.5,false
274,10:09:57.792,target,pistol,0s,1,1,1,25,50,0.5,false
275,10:09:58.723,target,pistol,0s,1,1,1,25,50,0.5,false
276,10:09:59.383,target,pistol,0.001s,1,1,1,25,50,0.5,false
277,10:10:00.125,target,pistol,0s,1,1,1,25,50,0.5,false
278,10:10:00.855,target,pistol,0s,1,1,1,25,50,0.5,false
279,10:10:01.528,target,pistol,0s,1,1,1,25,50,0.5,false
280,10:10:02.825,target,pistol,0.673s,2,1,0.5,25,100,0.25,false
281,10:10:03.436,target,pistol,0.001s,1,1,1,25,50,0.5,false
282,10:10:04.625,target,pistol,0s,1,1,1,25,50,0.5,false
283,10:10:05.679,target,pistol,0s,1,1,1,25,50,0.5,false
284,10:10:06.447,target,pistol,0s,1,1,1,25,50,0.5,false
285,10:10:07.218,target,pistol,0s,1,1,1,25,50,0.5,false
286,10:10:07.979,target,pistol,0s,1,1,1,25,50,0.5,false
287,10:10:08.650,target,pistol,0s,1,1,1,25,50,0.5,false
288,10:10:10.750,target,pistol,1.331s,4,1,0.25,25,200,0.125,false
289,10:10:11.137,target,pistol,0s,1,1,1,25,50,0.5,false
290,10:10:12.973,target,pistol,1.212s,3,1,0.333,25,150,0.167,false
291,10:10:13.962,target,pistol,0s,1,1,1,25,50,0.5,false
292,10:10:14.567,target,pistol,0s,1,1,1,25,50,0.5,false
293,10:10:15.441,target,pistol,0.001s,1,1,1,25,50,0.5,false
294,10:10:16.413,target,pistol,0s,1,1,1,25,50,0.5,false
295,10:10:16.961,target,pistol,0s,1,1,1,25,50,0.5,false
296,10:10:17.759,target,pistol,0s,1,1,1,25,50,0.5,false
297,10:10:18.353,target,pistol,0.001s,1,1,1,25,50,0.5,false
298,10:10:19.122,target,pistol,0s,1,1,1,25,50,0.5,false
299,10:10:19.761,target,pistol,0s,1,1,1,25,50,0.5,false
300,10:10:20.369,target,pistol,0s,1,1,1,25,50,0.5,false
301,10:10:21.072,target,pistol,0s,1,1,1,25,50,0.5,false
302,10:10:21.700,target,pistol,0s,1,1,1,25,50,0.5,false
303,10:10:22.295,target,pistol,0s,1,1,1,25,50,0.5,false
304,10:10:23.247,target,pistol,0s,1,1,1,25,50,0.5,false
305,10:10:23.753,target,pistol,0s,1,1,1,25,50,0.5,false
306,10:10:24.414,target,pistol,0s,1,1,1,25,50,0.5,false
307,10:10:25.204,target,pistol,0s,1,1,1,25,50,0.5,false
308,10:10:25.938,target,pistol,0s,1,1,1,25,50,0.5,false
309,10:10:26.542,target,pistol,0s,1,1,1,25,50,0.5,false
310,10:10:27.394,target,pistol,0s,1,1,1,25,50,0.5,false
311,10:10:28.078,target,pistol,0s,1,1,1,25,50,0.5,false
312,10:10:28.593,target,pistol,0s,1,1,1,25,50,0.5,false
313,10:10:29.156,target,pistol,0.001s,1,1,1,25,50,0.5,false
314,10:10:30.084,target,pistol,0.231s,2,1,0.5,25,100,0.25,false
315,10:10:30.584,target,pistol,0s,1,1,1,25,50,0.5,false
316,10:10:31.388,target,pistol,0s,1,1,1,25,50,0.5,false
317,10:10:32.114,target,pistol,0s,1,1,1,25,50,0.5,false
318,10:10:32.995,target,pistol,0s,1,1,1,25,50,0.5,false
319,10:10:33.719,target,pistol,0s,1,1,1,25,50,0.5,false
320,10:10:34.374,target,pistol,0s,1,1,1,25,50,0.5,false
321,10:10:35.500,target,pistol,0s,1,1,1,25,50,0.5,false
322,10:10:36.321,target,pistol,0s,1,1,1,25,50,0.5,false
323,10:10:36.838,target,pistol,0.001s,1,1,1,25,50,0.5,false
324,10:10:37.335,target,pistol,0s,1,1,1,25,50,0.5,false
325,10:10:38.224,target,pistol,0s,1,1,1,25,50,0.5,false
326,10:10:38.984,target,pistol,0s,1,1,1,25,50,0.5,false
327,10:10:39.401,target,pistol,0.001s,1,1,1,25,50,0.5,false
328,10:10:40.061,target,pistol,0.001s,1,1,1,25,50,0.5,false
329,10:10:41.534,target,pistol,0s,1,1,1,25,50,0.5,false
330,10:10:42.251,target,pistol,0s,1,1,1,25,50,0.5,false
331,10:10:43.044,target,pistol,0s,1,1,1,25,50,0.5,false
332,10:10:43.657,target,pistol,0s,1,1,1,25,50,0.5,false
333,10:10:44.304,target,pistol,0s,1,1,1,25,50,0.5,false
334,10:10:44.869,target,pistol,0s,1,1,1,25,50,0.5,false
335,10:10:45.624,target,pistol,0s,1,1,1,25,50,0.5,false
336,10:10:46.157,target,pistol,0s,1,1,1,25,50,0.5,false
337,10:10:46.792,target,pistol,0s,1,1,1,25,50,0.5,false
338,10:10:47.905,target,pistol,0.251s,2,1,0.5,25,100,0.25,false
339,10:10:49.005,target,pistol,0.249s,2,1,0.5,25,100,0.25,false
340,10:10:50.463,target,pistol,0s,1,1,1,25,50,0.5,false
341,10:10:51.134,target,pistol,0s,1,1,1,25,50,0.5,false
342,10:10:51.894,target,pistol,0s,1,1,1,25,50,0.5,false
343,10:10:52.538,target,pistol,0s,1,1,1,25,50,0.5,false
344,10:10:53.282,target,pistol,0s,1,1,1,25,50,0.5,false
345,10:10:54.278,target,pistol,0s,1,1,1,25,50,0.5,false
346,10:10:55.082,target,pistol,0s,1,1,1,25,50,0.5,false
347,10:10:56.027,target,pistol,0s,1,1,1,25,50,0.5,false
348,10:10:56.871,target,pistol,0s,1,1,1,25,50,0.5,false
349,10:10:57.441,target,pistol,0s,1,1,1,25,50,0.5,false
350,10:10:58.111,target,pistol,0s,1,1,1,25,50,0.5,false
351,10:10:58.755,target,pistol,0s,1,1,1,25,50,0.5,false
352,10:10:59.676,target,pistol,0s,1,1,1,25,50,0.5,false
353,10:11:01.252,target,pistol,0.864s,2,1,0.5,25,100,0.25,false
354,10:11:02.100,target,pistol,0s,1,1,1,25,50,0.5,false
355,10:11:02.729,target,pistol,0s,1,1,1,25,50,0.5,false
356,10:11:03.439,target,pistol,0s,1,1,1,25,50,0.5,false
357,10:11:04.225,target,pistol,0s,1,1,1,25,50,0.5,false
358,10:11:04.844,target,pistol,0.001s,1,1,1,25,50,0.5,false
359,10:11:05.508,target,pistol,0s,1,1,1,25,50,0.5,false
360,10:11:06.170,target,pistol,0s,1,1,1,25,50,0.5,false
361,10:11:06.912,target,pistol,0s,1,1,1,25,50,0.5,false
362,10:11:07.648,target,pistol,0s,1,1,1,25,50,0.5,false
363,10:11:08.227,target,pistol,0s,1,1,1,25,50,0.5,false
364,10:11:09.296,target,pistol,0.001s,1,1,1,25,50,0.5,false
365,10:11:10.004,target,pistol,0s,1,1,1,25,50,0.5,false
366,10:11:10.415,target,pistol,0s,1,1,1,25,50,0.5,false
367,10:11:11.266,target,pistol,0s,1,1,1,25,50,0.5,false
368,10:11:11.913,target,pistol,0s,1,1,1,25,50,0.5,false
369,10:11:12.579,target,pistol,0s,1,1,1,25,50,0.5,false
370,10:11:13.182,target,pistol,0s,1,1,1,25,50,0.5,false
371,10:11:13.964,target,pistol,0s,1,1,1,25,50,0.5,false
372,10:11:14.649,target,pistol,0s,1,1,1,25,50,0.5,false
373,10:11:16.104,target,pistol,0.791s,2,1,0.5,25,100,0.25,false
374,10:11:16.645,target,pistol,0s,1,1,1,25,50,0.5,false
375,10:11:17.246,target,pistol,0s,1,1,1,25,50,0.5,false
376,10:11:17.820,target,pistol,0s,1,1,1,25,50,0.5,false
377,10:11:18.208,target,pistol,0s,1,1,1,25,50,0.5,false
378,10:11:18.812,target,pistol,0s,1,1,1,25,50,0.5,false
379,10:11:19.486,target,pistol,0s,1,1,1,25,50,0.5,false
380,10:11:19.978,target,pistol,0s,1,1,1,25,50,0.5,false
381,10:11:20.640,target,pistol,0s,1,1,1,25,50,0.5,false
382,10:11:22.714,target,pistol,1.432s,3,1,0.333,25,150,0.167,false
383,10:11:23.367,target,pistol,0s,1,1,1,25,50,0.5,false
384,10:11:24.412,target,pistol,0s,1,1,1,25,50,0.5,false
385,10:11:24.999,target,pistol,0s,1,1,1,25,50,0.5,false
386,10:11:25.419,target,pistol,0s,1,1,1,25,50,0.5,false
387,10:11:26.771,target,pistol,0.001s,1,1,1,25,50,0.5,false
388,10:11:27.395,target,pistol,0.001s,1,1,1,25,50,0.5,false
389,10:11:28.039,target,pistol,0s,1,1,1,25,50,0.5,false
390,10:11:28.545,target,pistol,0s,1,1,1,25,50,0.5,false
391,10:11:29.270,target,pistol,0s,1,1,1,25,50,0.5,false
392,10:11:30.063,target,pistol,0s,1,1,1,25,50,0.5,false
393,10:11:30.924,target,pistol,0s,1,1,1,25,50,0.5,false
394,10:11:31.560,target,pistol,0s,1,1,1,25,50,0.5,false
395,10:11:32.155,target,pistol,0s,1,1,1,25,50,0.5,false
396,10:11:32.605,target,pistol,0s,1,1,1,25,50,0.5,false
397,10:11:33.085,target,pistol,0.001s,1,1,1,25,50,0.5,false
398,10:11:33.981,target,pistol,0.001s,1,1,1,25,50,0.5,false
399,10:11:34.823,target,pistol,0s,1,1,1,25,50,0.5,false
400,10:11:35.318,target,pistol,0s,1,1,1,25,50,0.5,false
401,10:11:35.827,target,pistol,0s,1,1,1,25,50,0.5,false
402,10:11:37.515,target,pistol,0.997s,2,1,0.5,25,100,0.25,false
403,10:11:38.259,target,pistol,0s,1,1,1,25,50,0.5,false
404,10:11:38.983,target,pistol,0.001s,1,1,1,25,50,0.5,false
405,10:11:39.712,target,pistol,0s,1,1,1,25,50,0.5,false
406,10:11:40.295,target,pistol,0s,1,1,1,25,50,0.5,false
407,10:11:41.058,target,pistol,0s,1,1,1,25,50,0.5,false
408,10:11:41.923,target,pistol,0s,1,1,1,25,50,0.5,false
409,10:11:42.646,target,pistol,0s,1,1,1,25,50,0.5,false
410,10:11:43.449,target,pistol,0s,1,1,1,25,50,0.5,false
411,10:11:44.268,target,pistol,0s,1,1,1,25,50,0.5,false
412,10:11:45.260,target,pistol,0s,1,1,1,25,50,0.5,false
413,10:11:46.038,target,pistol,0s,1,1,1,25,50,0.5,false
414,10:11:47.733,target,pistol,0.848s,2,1,0.5,25,100,0.25,false
415,10:11:48.276,target,pistol,0s,1,1,1,25,50,0.5,false
416,10:11:48.773,target,pistol,0s,1,1,1,25,50,0.5,false
417,10:11:49.264,target,pistol,0.001s,1,1,1,25,50,0.5,false
418,10:11:49.914,target,pistol,0s,1,1,1,25,50,0.5,false
419,10:11:50.503,target,pistol,0s,1,1,1,25,50,0.5,false
420,10:11:51.102,target,pistol,0s,1,1,1,25,50,0.5,false
421,10:11:52.032,target,pistol,0.278s,2,1,0.5,25,100,0.25,false
422,10:11:52.900,target,pistol,0s,1,1,1,25,50,0.5,false
423,10:11:53.408,target,pistol,0s,1,1,1,25,50,0.5,false
424,10:11:54.205,target,pistol,0s,1,1,1,25,50,0.5,false
425,10:11:54.918,target,pistol,0s,1,1,1,25,50,0.5,false
426,10:11:55.484,target,pistol,0s,1,1,1,25,50,0.5,false
427,10:11:56.432,target,pistol,0s,1,1,1,25,50,0.5,false
428,10:11:56.958,target,pistol,0s,1,1,1,25,50,0.5,false
429,10:11:58.077,target,pistol,0.39s,2,1,0.5,25,100,0.25,false
430,10:11:58.860,target,pistol,0s,1,1,1,25,50,0.5,false
431,10:11:59.826,target,pistol,0.255s,2,1,0.5,25,100,0.25,false
432,10:12:00.459,target,pistol,0s,1,1,1,25,50,0.5,false
433,10:12:01.101,target,pistol,0s,1,1,1,25,50,0.5,false
434,10:12:02.082,target,pistol,0s,1,1,1,25,50,0.5,false
435,10:12:03.433,target,pistol,0s,1,1,1,25,50,0.5,false
436,10:12:04.628,target,pistol,0.443s,2,1,0.5,25,100,0.25,false
437,10:12:05.006,target,pistol,0s,1,1,1,25,50,0.5,false
438,10:12:05.751,target,pistol,0s,1,1,1,25,50,0.5,false
439,10:12:06.209,target,pistol,0s,1,1,1,25,50,0.5,false
440,10:12:07.108,target,pistol,0s,1,1,1,25,50,0.5,false
441,10:12:07.886,target,pistol,0s,1,1,1,25,50,0.5,false
442,10:12:08.490,target,pistol,0s,1,1,1,25,50,0.5,false
443,10:12:09.122,target,pistol,0s,1,1,1,25,50,0.5,false
444,10:12:10.047,target,pistol,0s,1,1,1,25,50,0.5,false
445,10:12:10.765,target,pistol,0s,1,1,1,25,50,0.5,false
446,10:12:11.498,target,pistol,0s,1,1,1,25,50,0.5,false
447,10:12:12.365,target,pistol,0s,1,1,1,25,50,0.5,false
448,10:12:12.900,target,pistol,0.001s,1,1,1,25,50,0.5,false
449,10:12:13.609,target,pistol,0.001s,1,1,1,25,50,0.5,false
450,10:12:14.312,target,pistol,0s,1,1,1,25,50,0.5,false
451,10:12:14.813,target,pistol,0s,1,1,1,25,50,0.5,false
452,10:12:15.395,target,pistol,0s,1,1,1,25,50,0.5,false
453,10:12:16.203,target,pistol,0s,1,1,1,25,50,0.5,false
454,10:12:16.948,target,pistol,0s,1,1,1,25,50,0.5,false
455,10:12:17.689,target,pistol,0s,1,1,1,25,50,0.5,false
456,10:12:18.083,target,pistol,0s,1,1,1,25,50,0.5,false
457,10:12:18.569,target,pistol,0.001s,1,1,1,25,50,0.5,false
458,10:12:19.390,target,pistol,0s,1,1,1,25,50,0.5,false
459,10:12:20.125,target,pistol,0s,1,1,1,25,50,0.5,false
460,10:12:20.870,target,pistol,0s,1,1,1,25,50,0.5,false
461,10:12:21.610,target,pistol,0s,1,1,1,25,50,0.5,false
462,10:12:22.082,target,pistol,0s,1,1,1,25,50,0.5,false
463,10:12:22.877,target,pistol,0s,1,1,1,25,50,0.5,false
464,10:12:23.448,target,pistol,0.001s,1,1,1,25,50,0.5,false
465,10:12:24.105,target,pistol,0s,1,1,1,25,50,0.5,false
466,10:12:24.872,target,pistol,0s,1,1,1,25,50,0.5,false
467,10:12:25.625,target,pistol,0s,1,1,1,25,50,0.5,false
468,10:12:26.379,target,pistol,0.001s,1,1,1,25,50,0.5,false
469,10:12:27.963,target,pistol,0.249s,2,1,0.5,25,100,0.25,false
470,10:12:28.711,target,pistol,0s,1,1,1,25,50,0.5,false
471,10:12:29.297,target,pistol,0s,1,1,1,25,50,0.5,false
472,10:12:29.882,target,pistol,0s,1,1,1,25,50,0.5,false
473,10:12:30.452,target,pistol,0s,1,1,1,25,50,0.5,false
474,10:12:31.087,target,pistol,0s,1,1,1,25,50,0.5,false
475,10:12:31.507,target,pistol,0s,1,1,1,25,50,0.5,false
476,10:12:31.985,target,pistol,0.001s,1,1,1,25,50,0.5,false
477,10:12:32.707,target,pistol,0s,1,1,1,25,50,0.5,false
478,10:12:33.318,target,pistol,0.001s,1,1,1,25,50,0.5,false
479,10:12:34.581,target,pistol,0.479s,2,1,0.5,25,100,0.25,false
480,10:12:35.916,target,pistol,0.254s,2,1,0.5,25,100,0.25,false
481,10:12:36.439,target,pistol,0s,1,1,1,25,50,0.5,false
482,10:12:37.327,target,pistol,0s,1,1,1,25,50,0.5,false
483,10:12:38.009,target,pistol,0s,1,1,1,25,50,0.5,false
484,10:12:38.498,target,pistol,0s,1,1,1,25,50,0.5,false
485,10:12:39.259,target,pistol,0s,1,1,1,25,50,0.5,false
486,10:12:40.032,target,pistol,0s,1,1,1,25,50,0.5,false
487,10:12:41.410,target,pistol,0s,1,1,1,25,50,0.5,false
488,10:12:42.034,target,pistol,0s,1,1,1,25,50,0.5,false
489,10:12:43.056,target,pistol,0.395s,2,1,0.5,25,100,0.25,false
490,10:12:43.687,target,pistol,0s,1,1,1,25,50,0.5,false
491,10:12:44.299,target,pistol,0s,1,1,1,25,50,0.5,false
492,10:12:44.884,target,pistol,0s,1,1,1,25,50,0.5,false
493,10:12:45.439,target,pistol,0s,1,1,1,25,50,0.5,false
494,10:12:46.195,target,pistol,0.001s,1,1,1,25,50,0.5,false
495,10:12:46.735,target,pistol,0s,1,1,1,25,50,0.5,false
496,10:12:47.317,target,pistol,0.001s,1,1,1,25,50,0.5,false
497,10:12:48.201,target,pistol,0s,1,1,1,25,50,0.5,false
498,10:12:48.826,target,pistol,0s,1,1,1,25,50,0.5,false
499,10:12:49.762,target,pistol,0s,1,1,1,25,50,0.5,false
500,10:12:50.960,target,pistol,0.383s,2,1,0.5,25,100,0.25,false
501,10:12:51.410,target,pistol,0s,1,1,1,25,50,0.5,false
502,10:12:52.180,target,pistol,0s,1,1,1,25,50,0.5,false
503,10:12:52.788,target,pistol,0s,1,1,1,25,50,0.5,false
504,10:12:53.585,target,pistol,0.001s,1,1,1,25,50,0.5,false
505,10:12:54.741,target,pistol,0.29s,2,1,0.5,25,100,0.25,false
506,10:12:55.387,target,pistol,0s,1,1,1,25,50,0.5,false
507,10:12:56.463,target,pistol,0.348s,2,1,0.5,25,100,0.25,false
508,10:12:56.909,target,pistol,0s,1,1,1,25,50,0.5,false
509,10:12:57.824,target,pistol,0s,1,1,1,25,50,0.5,false
510,10:12:58.453,target,pistol,0s,1,1,1,25,50,0.5,false
511,10:12:59.260,target,pistol,0s,1,1,1,25,50,0.5,false
512,10:12:59.909,target,pistol,0s,1,1,1,25,50,0.5,false
513,10:13:01.051,target,pistol,0s,1,1,1,25,50,0.5,false
514,10:13:01.820,target,pistol,0s,1,1,1,25,50,0.5,false
515,10:13:02.674,target,pistol,0s,1,1,1,25,50,0.5,false
516,10:13:03.281,target,pistol,0s,1,1,1,25,50,0.5,false
517,10:13:03.969,target,pistol,0.001s,1,1,1,25,50,0.5,false
518,10:13:04.536,target,pistol,0s,1,1,1,25,50,0.5,false
519,10:13:05.166,target,pistol,0s,1,1,1,25,50,0.5,false
520,10:13:05.921,target,pistol,0s,1,1,1,25,50,0.5,false
521,10:13:06.663,target,pistol,0s,1,1,1,25,50,0.5,false
522,10:13:07.353,target,pistol,0s,1,1,1,25,50,0.5,false
523,10:13:08.079,target,pistol,0s,1,1,1,25,50,0.5,false
524,10:13:08.912,target,pistol,0s,1,1,1,25,50,0.5,false
525,10:13:09.480,target,pistol,0s,1,1,1,25,50,0.5,false
526,10:13:10.109,target,pistol,0s,1,1,1,25,50,0.5,false
527,10:13:10.889,target,pistol,0s,1,1,1,25,50,0.5,false
528,10:13:11.882,target,pistol,0.241s,2,1,0.5,25,100,0.25,false
529,10:13:12.640,target,pistol,0.001s,1,1,1,25,50,0.5,false
530,10:13:13.344,target,pistol,0s,1,1,1,25,50,0.5,false
531,10:13:14.292,target,pistol,0.293s,2,1,0.5,25,100,0.25,false
532,10:13:15.626,target,pistol,0.355s,2,1,0.5,25,100,0.25,false
533,10:13:16.350,target,pistol,0s,1,1,1,25,50,0.5,false
534,10:13:16.978,target,pistol,0s,1,1,1,25,50,0.5,false
535,10:13:17.376,target,pistol,0s,1,1,1,25,50,0.5,false
536,10:13:18.053,target,pistol,0s,1,1,1,25,50,0.5,false
537,10:13:18.620,target,pistol,0s,1,1,1,25,50,0.5,false
538,10:13:19.168,target,pistol,0s,1,1,1,25,50,0.5,false
539,10:13:19.744,target,pistol,0s,1,1,1,25,50,0.5,false
540,10:13:20.224,target,pistol,0s,1,1,1,25,50,0.5,false
541,10:13:20.871,target,pistol,0s,1,1,1,25,50,0.5,false
542,10:13:22.415,target,pistol,0.82s,2,1,0.5,25,100,0.25,false
543,10:13:22.944,target,pistol,0s,1,1,1,25,50,0.5,false
544,10:13:24.242,target,pistol,0.472s,2,1,0.5,25,100,0.25,false
545,10:13:24.666,target,pistol,0.001s,1,1,1,25,50,0.5,false
546,10:13:25.295,target,pistol,0s,1,1,1,25,50,0.5,false
547,10:13:26.158,target,pistol,0s,1,1,1,25,50,0.5,false
548,10:13:27.077,target,pistol,0s,1,1,1,25,50,0.5,false
549,10:13:28.260,target,pistol,0.201s,2,1,0.5,25,100,0.25,false
550,10:13:28.742,target,pistol,0s,1,1,1,25,50,0.5,false
551,10:13:29.201,target,pistol,0s,1,1,1,25,50,0.5,false
552,10:13:29.834,target,pistol,0s,1,1,1,25,50,0.5,false
553,10:13:30.628,target,pistol,0s,1,1,1,25,50,0.5,false
554,10:13:31.125,target,pistol,0s,1,1,1,25,50,0.5,false
555,10:13:31.847,target,pistol,0s,1,1,1,25,50,0.5,false
556,10:13:32.573,target,pistol,0s,1,1,1,25,50,0.5,false
557,10:13:33.273,target,pistol,0s,1,1,1,25,50,0.5,false
558,10:13:34.029,target,pistol,0s,1,1,1,25,50,0.5,false
559,10:13:34.757,target,pistol,0s,1,1,1,25,50,0.5,false
560,10:13:35.304,target,pistol,0s,1,1,1,25,50,0.5,false
561,10:13:36.056,target,pistol,0s,1,1,1,25,50,0.5,false
562,10:13:36.623,target,pistol,0s,1,1,1,25,50,0.5,false
563,10:13:37.053,target,pistol,0s,1,1,1,25,50,0.5,false
564,10:13:37.631,target,pistol,0s,1,1,1,25,50,0.5,false
565,10:13:38.212,target,pistol,0s,1,1,1,25,50,0.5,false
566,10:13:39.037,target,pistol,0s,1,1,1,25,50,0.5,false
567,10:13:39.612,target,pistol,0s,1,1,1,25,50,0.5,false
568,10:13:40.204,target,pistol,0s,1,1,1,25,50,0.5,false
569,10:13:40.874,target,pistol,0s,1,1,1,25,50,0.5,false
570,10:13:41.742,target,pistol,0s,1,1,1,25,50,0.5,false
571,10:13:42.304,target,pistol,0s,1,1,1,25,50,0.5,false
572,10:13:42.979,target,pistol,0s,1,1,1,25,50,0.5,false
573,10:13:43.576,target,pistol,0s,1,1,1,25,50,0.5,false
574,10:13:44.377,target,pistol,0s,1,1,1,25,50,0.5,false
575,10:13:45.103,target,pistol,0s,1,1,1,25,50,0.5,false
576,10:13:46.290,target,pistol,0.657s,2,1,0.5,25,100,0.25,false
577,10:13:46.798,target,pistol,0s,1,1,1,25,50,0.5,false
578,10:13:47.448,target,pistol,0s,1,1,1,25,50,0.5,false
579,10:13:47.948,target,pistol,0s,1,1,1,25,50,0.5,false
580,10:13:48.728,target,pistol,0s,1,1,1,25,50,0.5,false
581,10:13:49.659,target,pistol,0s,1,1,1,25,50,0.5,false
582,10:13:50.220,target,pistol,0s,1,1,1,25,50,0.5,false
583,10:13:50.907,target,pistol,0s,1,1,1,25,50,0.5,false
584,10:13:51.496,target,pistol,0s,1,1,1,25,50,0.5,false
585,10:13:52.174,target,pistol,0s,1,1,1,25,50,0.5,false
586,10:13:53.023,target,pistol,0.001s,1,1,1,25,50,0.5,false
587,10:13:53.467,target,pistol,0s,1,1,1,25,50,0.5,false
588,10:13:54.211,target,pistol,0s,1,1,1,25,50,0.5,false
589,10:13:55.273,target,pistol,0s,1,1,1,25,50,0.5,false
590,10:13:56.203,target,pistol,0s,1,1,1,25,50,0.5,false
591,10:13:56.759,target,pistol,0s,1,1,1,25,50,0.5,false
592,10:13:57.486,target,pistol,0s,1,1,1,25,50,0.5,false
593,10:13:58.384,target,pistol,0s,1,1,1,25,50,0.5,false
594,10:13:59.073,target,pistol,0.001s,1,1,1,25,50,0.5,false
595,10:13:59.607,target,pistol,0s,1,1,1,25,50,0.5,false
596,10:14:00.431,target,pistol,0s,1,1,1,25,50,0.5,false
597,10:14:00.791,target,pistol,0s,1,1,1,25,50,0.5,false
598,10:14:01.419,target,pistol,0s,1,1,1,25,50,0.5,false
599,10:14:02.127,target,pistol,0s,1,1,1,25,50,0.5,false
600,10:14:02.694,target,pistol,0s,1,1,1,25,50,0.5,false
601,10:14:03.249,target,pistol,0s,1,1,1,25,50,0.5,false
602,10:14:04.051,target,pistol,0s,1,1,1,25,50,0.5,false
603,10:14:04.611,target,pistol,0s,1,1,1,25,50,0.5,false
604,10:14:05.750,target,pistol,0.33s,2,1,0.5,25,100,0.25,false
605,10:14:06.616,target,pistol,0s,1,1,1,25,50,0.5,false
606,10:14:07.414,target,pistol,0.423s,2,1,0.5,25,100,0.25,false
607,10:14:08.118,target,pistol,0s,1,1,1,25,50,0.5,false
608,10:14:08.781,target,pistol,0s,1,1,1,25,50,0.5,false
609,10:14:09.535,target,pistol,0.001s,1,1,1,25,50,0.5,false
610,10:14:10.205,target,pistol,0s,1,1,1,25,50,0.5,false
611,10:14:10.875,target,pistol,0s,1,1,1,25,50,0.5,false
612,10:14:11.458,target,pistol,0s,1,1,1,25,50,0.5,false
613,10:14:12.088,target,pistol,0s,1,1,1,25,50,0.5,false
614,10:14:12.745,target,pistol,0s,1,1,1,25,50,0.5,false
615,10:14:13.380,target,pistol,0s,1,1,1,25,50,0.5,false
616,10:14:14.169,target,pistol,0s,1,1,1,25,50,0.5,false
617,10:14:15.093,target,pistol,0s,1,1,1,25,50,0.5,false
618,10:14:15.585,target,pistol,0s,1,1,1,25,50,0.5,false
619,10:14:16.086,target,pistol,0s,1,1,1,25,50,0.5,false
620,10:14:17.734,target,pistol,1.057s,3,1,0.333,25,150,0.167,false
621,10:14:18.209,target,pistol,0s,1,1,1,25,50,0.5,false
622,10:14:18.921,target,pistol,0s,1,1,1,25,50,0.5,false
623,10:14:19.601,target,pistol,0s,1,1,1,25,50,0.5,false
624,10:14:20.464,target,pistol,0s,1,1,1,25,50,0.5,false
625,10:14:21.160,target,pistol,0s,1,1,1,25,50,0.5,false
626,10:14:21.838,target,pistol,0s,1,1,1,25,50,0.5,false
627,10:14:22.594,target,pistol,0s,1,1,1,25,50,0.5,false
628,10:14:23.209,target,pistol,0s,1,1,1,25,50,0.5,false
629,10:14:24.165,target,pistol,0.32s,2,1,0.5,25,100,0.25,false
630,10:14:24.768,target,pistol,0.001s,1,1,1,25,50,0.5,false
631,10:14:25.436,target,pistol,0s,1,1,1,25,50,0.5,false
632,10:14:26.771,target,pistol,0.476s,2,1,0.5,25,100,0.25,false
633,10:14:27.465,target,pistol,0s,1,1,1,25,50,0.5,false
634,10:14:28.487,target,pistol,0s,1,1,1,25,50,0.5,false
635,10:14:29.245,target,pistol,0s,1,1,1,25,50,0.5,false
636,10:14:29.985,target,pistol,0s,1,1,1,25,50,0.5,false
637,10:14:30.751,target,pistol,0s,1,1,1,25,50,0.5,false
638,10:14:31.224,target,pistol,0s,1,1,1,25,50,0.5,false
639,10:14:32.212,target,pistol,0s,1,1,1,25,50,0.5,false
640,10:14:32.900,target,pistol,0s,1,1,1,25,50,0.5,false
641,10:14:33.738,target,pistol,0s,1,1,1,25,50,0.5,false
642,10:14:34.214,target,pistol,0s,1,1,1,25,50,0.5,false
643,10:14:35.002,target,pistol,0s,1,1,1,25,50,0.5,false
644,10:14:35.715,target,pistol,0s,1,1,1,25,50,0.5,false
645,10:14:36.325,target,pistol,0s,1,1,1,25,50,0.5,false
646,10:14:37.005,target,pistol,0s,1,1,1,25,50,0.5,false
647,10:14:37.630,target,pistol,0s,1,1,1,25,50,0.5,false
648,10:14:38.346,target,pistol,0.215s,2,1,0.5,25,100,0.25,false
649,10:14:39.099,target,pistol,0s,1,1,1,25,50,0.5,false
650,10:14:39.838,target,pistol,0s,1,1,1,25,50,0.5,false
651,10:14:40.541,target,pistol,0s,1,1,1,25,50,0.5,false
652,10:14:41.159,target,pistol,0s,1,1,1,25,50,0.5,false
653,10:14:41.691,target,pistol,0s,1,1,1,25,50,0.5,false
654,10:14:42.561,target,pistol,0s,1,1,1,25,50,0.5,false
655,10:14:43.024,target,pistol,0s,1,1,1,25,50,0.5,false
656,10:14:43.730,target,pistol,0s,1,1,1,25,50,0.5,false
657,10:14:45.356,target,pistol,0.702s,2,1,0.5,25,100,0.25,false
658,10:14:46.210,target,pistol,0s,1,1,1,25,50,0.5,false
659,10:14:46.968,target,pistol,0s,1,1,1,25,50,0.5,false
660,10:14:47.683,target,pistol,0s,1,1,1,25,50,0.5,false
661,10:14:48.424,target,pistol,0s,1,1,1,25,50,0.5,false
662,10:14:49.042,target,pistol,0s,1,1,1,25,50,0.5,false
663,10:14:49.893,target,pistol,0s,1,1,1,25,50,0.5,false
664,10:14:50.572,target,pistol,0s,1,1,1,25,50,0.5,false
665,10:14:51.046,target,pistol,0s,1,1,1,25,50,0.5,false
666,10:14:51.782,target,pistol,0s,1,1,1,25,50,0.5,false
667,10:14:52.367,target,pistol,0s,1,1,1,25,50,0.5,false
668,10:14:53.392,target,pistol,0.541s,2,1,0.5,25,100,0.25,false
669,10:14:54.073,target,pistol,0s,1,1,1,25,50,0.5,false
670,10:14:54.836,target,pistol,0s,1,1,1,25,50,0.5,false
671,10:14:56.003,target,pistol,0s,1,1,1,25,50,0.5,false
672,10:14:56.838,target,pistol,0.275s,2,1,0.5,25,100,0.25,false
673,10:14:57.523,target,pistol,0.001s,1,1,1,25,50,0.5,false
674,10:14:58.090,target,pistol,0s,1,1,1,25,50,0.5,false
675,10:14:58.875,target,pistol,0s,1,1,1,25,50,0.5,false
676,10:14:59.665,target,pistol,0s,1,1,1,25,50,0.5,false
677,10:15:00.292,target,pistol,0s,1,1,1,25,50,0.5,false
678,10:15:01.004,target,pistol,0s,1,1,1,25,50,0.5,false
679,10:15:01.889,target,pistol,0s,1,1,1,25,50,0.5,false
680,10:15:02.722,target,pistol,0s,1,1,1,25,50,0.5,false
681,10:15:03.433,target,pistol,0s,1,1,1,25,50,0.5,false
682,10:15:03.910,target,pistol,0s,1,1,1,25,50,0.5,false
683,10:15:04.899,target,pistol,0.279s,2,1,0.5,25,100,0.25,false
684,10:15:05.568,target,pistol,0s,1,1,1,25,50,0.5,false
685,10:15:06.582,target,pistol,0s,1,1,1,25,50,0.5,false
686,10:15:07.276,target,pistol,0s,1,1,1,25,50,0.5,false
687,10:15:07.888,target,pistol,0s,1,1,1,25,50,0.5,false
688,10:15:08.662,target,pistol,0s,1,1,1,25,50,0.5,false
689,10:15:10.164,target,pistol,0.737s,2,1,0.5,25,100,0.25,false
690,10:15:11.118,target,pistol,0.305s,2,1,0.5,25,100,0.25,false
691,10:15:12.310,target,pistol,0.613s,2,1,0.5,25,100,0.25,false
692,10:15:13.193,target,pistol,0s,1,1,1,25,50,0.5,false
693,10:15:14.055,target,pistol,0s,1,1,1,25,50,0.5,false
694,10:15:14.772,target,pistol,0s,1,1,1,25,50,0.5,false
695,10:15:15.609,target,pistol,0s,1,1,1,25,50,0.5,false
696,10:15:16.215,target,pistol,0s,1,1,1,25,50,0.5,false
697,10:15:17.188,target,pistol,0s,1,1,1,25,50,0.5,false
698,10:15:17.836,target,pistol,0s,1,1,1,25,50,0.5,false
699,10:15:18.440,target,pistol,0s,1,1,1,25,50,0.5,false
700,10:15:19.151,target,pistol,0.001s,1,1,1,25,50,0.5,false
701,10:15:19.906,target,pistol,0s,1,1,1,25,50,0.5,false
702,10:15:20.645,target,pistol,0s,1,1,1,25,50,0.5,false
703,10:15:21.471,target,pistol,0s,1,1,1,25,50,0.5,false
704,10:15:23.152,target,pistol,1.137s,3,1,0.333,25,150,0.167,false
705,10:15:23.739,target,pistol,0s,1,1,1,25,50,0.5,false
706,10:15:24.537,target,pistol,0s,1,1,1,25,50,0.5,false
707,10:15:25.240,target,pistol,0.001s,1,1,1,25,50,0.5,false
708,10:15:26.210,target,pistol,0.001s,1,1,1,25,50,0.5,false
709,10:15:26.895,target,pistol,0s,1,1,1,25,50,0.5,false
710,10:15:27.590,target,pistol,0s,1,1,1,25,50,0.5,false
711,10:15:28.522,target,pistol,0s,1,1,1,25,50,0.5,false
712,10:15:29.118,target,pistol,0s,1,1,1,25,50,0.5,false
713,10:15:29.907,target,pistol,0.001s,1,1,1,25,50,0.5,false
714,10:15:30.705,target,pistol,0s,1,1,1,25,50,0.5,false
715,10:15:31.554,target,pistol,0s,1,1,1,25,50,0.5,false
716,10:15:32.390,target,pistol,0s,1,1,1,25,50,0.5,false
717,10:15:32.962,target,pistol,0s,1,1,1,25,50,0.5,false
718,10:15:33.607,target,pistol,0s,1,1,1,25,50,0.5,false
719,10:15:34.178,target,pistol,0s,1,1,1,25,50,0.5,false
720,10:15:34.730,target,pistol,0s,1,1,1,25,50,0.5,false
721,10:15:35.218,target,pistol,0s,1,1,1,25,50,0.5,false
722,10:15:35.978,target,pistol,0s,1,1,1,25,50,0.5,false
723,10:15:36.583,target,pistol,0s,1,1,1,25,50,0.5,false
724,10:15:37.125,target,pistol,0.001s,1,1,1,25,50,0.5,false
725,10:15:37.934,target,pistol,0s,1,1,1,25,50,0.5,false
726,10:15:38.603,target,pistol,0s,1,1,1,25,50,0.5,false
727,10:15:39.430,target,pistol,0s,1,1,1,25,50,0.5,false
728,10:15:40.011,target,pistol,0s,1,1,1,25,50,0.5,false
729,10:15:41.121,target,pistol,0.39s,2,1,0.5,25,100,0.25,false
730,10:15:41.557,target,pistol,0s,1,1,1,25,50,0.5,false
731,10:15:42.236,target,pistol,0s,1,1,1,25,50,0.5,false
732,10:15:42.867,target,pistol,0s,1,1,1,25,50,0.5,false
733,10:15:43.499,target,pistol,0s,1,1,1,25,50,0.5,false
734,10:15:45.240,target,pistol,1.004s,3,1,0.333,25,150,0.167,false
735,10:15:45.862,target,pistol,0s,1,1,1,25,50,0.5,false
736,10:15:46.616,target,pistol,0s,1,1,1,25,50,0.5,false
737,10:15:47.286,target,pistol,0s,1,1,1,25,50,0.5,false
738,10:15:49.203,target,pistol,1.113s,2,1,0.5,25,100,0.25,false
739,10:15:49.634,target,pistol,0s,1,1,1,25,50,0.5,false
740,10:15:50.300,target,pistol,0s,1,1,1,25,50,0.5,false
741,10:15:51.000,target,pistol,0.001s,1,1,1,25,50,0.5,false
742,10:15:51.880,target,pistol,0.266s,2,1,0.5,25,100,0.25,false
743,10:15:52.448,target,pistol,0.001s,1,1,1,25,50,0.5,false
744,10:15:53.032,target,pistol,0s,1,1,1,25,50,0.5,false
745,10:15:53.598,target,pistol,0.001s,1,1,1,25,50,0.5,false
746,10:15:54.175,target,pistol,0s,1,1,1,25,50,0.5,false
747,10:15:55.366,target,pistol,0.603s,2,1,0.5,25,100,0.25,false
748,10:15:56.191,target,pistol,0s,1,1,1,25,50,0.5,false
749,10:15:56.818,target,pistol,0s,1,1,1,25,50,0.5,false
750,10:15:57.462,target,pistol,0s,1,1,1,25,50,0.5,false
751,10:15:58.266,target,pistol,0s,1,1,1,25,50,0.5,false
752,10:15:58.904,target,pistol,0s,1,1,1,25,50,0.5,false
753,10:15:59.530,target,pistol,0s,1,1,1,25,50,0.5,false
754,10:16:00.323,target,pistol,0s,1,1,1,25,50,0.5,false
755,10:16:00.941,target,pistol,0s,1,1,1,25,50,0.5,false
756,10:16:01.467,target,pistol,0s,1,1,1,25,50,0.5,false
757,10:16:02.299,target,pistol,0s,1,1,1,25,50,0.5,false
758,10:16:03.142,target,pistol,0s,1,1,1,25,50,0.5,false
759,10:16:03.764,target,pistol,0s,1,1,1,25,50,0.5,false
760,10:16:04.703,target,pistol,0s,1,1,1,25,50,0.5,false
761,10:16:05.307,target,pistol,0s,1,1,1,25,50,0.5,false
762,10:16:05.960,target,pistol,0s,1,1,1,25,50,0.5,false
763,10:16:06.411,target,pistol,0s,1,1,1,25,50,0.5,false
764,10:16:06.856,target,pistol,0s,1,1,1,25,50,0.5,false
765,10:16:07.516,target,pistol,0s,1,1,1,25,50,0.5,false
766,10:16:08.034,target,pistol,0s,1,1,1,25,50,0.5,false
767,10:16:08.618,target,pistol,0s,1,1,1,25,50,0.5,false
768,10:16:09.528,target,pistol,0s,1,1,1,25,50,0.5,false
769,10:16:10.179,target,pistol,0s,1,1,1,25,50,0.5,false
770,10:16:10.886,target,pistol,0s,1,1,1,25,50,0.5,false
771,10:16:11.630,target,pistol,0s,1,1,1,25,50,0.5,false
772,10:16:12.325,target,pistol,0s,1,1,1,25,50,0.5,false
773,10:16:13.186,target,pistol,0s,1,1,1,25,50,0.5,false
774,10:16:13.933,target,pistol,0s,1,1,1,25,50,0.5,false
775,10:16:14.830,target,pistol,0s,1,1,1,25,50,0.5,false
776,10:16:15.488,target,pistol,0s,1,1,1,25,50,0.5,false
777,10:16:16.229,target,pistol,0s,1,1,1,25,50,0.5,false
778,10:16:17.394,target,pistol,0.605s,2,1,0.5,25,100,0.25,false
779,10:16:18.028,target,pistol,0s,1,1,1,25,50,0.5,false
780,10:16:18.773,target,pistol,0s,1,1,1,25,50,0.5,false
781,10:16:19.604,target,pistol,0s,1,1,1,25,50,0.5,false

Weapon,Shots,Hits,Damage Done,Damage Possible,,Sens Scale,Horiz Sens,Vert Sens,FOV,Hide Gun,Crosshair,Crosshair Scale,Crosshair Color,ADS Sens,ADS Zoom Scale
pistol,864,781,19525.0,43200.0,,,,,,false,plus.png,1.0,FFFF00,,,

Kills:,781
Deaths:,0
Fight Time:,42.007
Avg TTK:,0
Damage Done:,19525.0
Damage Taken:,0.0
Midairs:,0
Midaired:,0
Directs:,0
Directed:,0
Reloads:,0
Distance Traveled:,0.0
Score:,7059.733887
Scenario:,1wall 6targets small - 10 Minutes
Hash:,5539d832a59081329735eea68cfb4274
Game Version:,2.0.5.3
Challenge Start:,10:09:36.105
Pause Count:,7
Pause Duration:,115

Input Lag:,0
Max FPS (config):,999.0
Sens Scale:,Call of Duty
Horiz Sens:,7.4
Vert Sens:,7.4
FOV:,100.0
Hide Gun:,false
Crosshair:,plus.png
Crosshair Scale:,1.0
Crosshair Color:,FFFF00
Resolution,1920x1080
Avg FPS,315.005096
Resolution Scale,100.0
